2026-08-26T11:42:10.520+08:00 INFO  o.h.validator.internal.util.Version : HV000001: Hibernate Validator 8.0.1.Final
2026-08-26T11:42:10.602+08:00 INFO  c.r.SpringBootMergeApplication : Starting SpringBootMergeApplication using Java 21.0.8 with PID 20924 (H:\2026\lesson-appointment\api\target\classes started by Administrator in H:\2026\lesson-appointment\api)
2026-08-26T11:42:10.603+08:00 INFO  c.r.SpringBootMergeApplication : No active profile set, falling back to 1 default profile: "default"
2026-08-26T11:42:10.683+08:00 INFO  o.s.b.d.e.DevToolsPropertyDefaultsPostProcessor : Devtools property defaults active! Set 'spring.devtools.add-properties' to 'false' to disable
2026-08-26T11:42:10.684+08:00 INFO  o.s.b.d.e.DevToolsPropertyDefaultsPostProcessor : For additional web related logging consider setting the 'logging.level.web' property to 'DEBUG'
2026-08-26T11:42:13.616+08:00 INFO  o.s.b.w.e.tomcat.TomcatWebServer : Tomcat initialized with port 8081 (http)
2026-08-26T11:42:13.636+08:00 INFO  o.a.coyote.http11.Http11NioProtocol : Initializing ProtocolHandler ["http-nio-8081"]
2026-08-26T11:42:13.644+08:00 INFO  o.a.catalina.core.StandardService : Starting service [Tomcat]
2026-08-26T11:42:13.644+08:00 INFO  o.a.catalina.core.StandardEngine : Starting Servlet engine: [Apache Tomcat/10.1.31]
2026-08-26T11:42:13.728+08:00 INFO  o.a.c.c.C.[Tomcat].[localhost].[/] : Initializing Spring embedded WebApplicationContext
2026-08-26T11:42:13.728+08:00 INFO  o.s.b.w.s.c.ServletWebServerApplicationContext : Root WebApplicationContext: initialization completed in 3043 ms
2026-08-26T11:42:15.030+08:00 WARN  c.b.m.core.injector.methods.Insert : [com.reservation.mapper.AuditLogMapper.insert] Has been loaded by XML or SqlProvider or Mybatis's Annotation, so ignoring this injection for [class com.baomidou.mybatisplus.core.injector.methods.Insert]
2026-08-26T11:42:15.128+08:00 WARN  c.b.m.c.injector.methods.SelectList : [com.reservation.mapper.BookingMapper.selectList] Has been loaded by XML or SqlProvider or Mybatis's Annotation, so ignoring this injection for [class com.baomidou.mybatisplus.core.injector.methods.SelectList]
2026-08-26T11:42:15.133+08:00 WARN  c.b.m.c.injector.methods.SelectById : [com.reservation.mapper.BookingMapper.selectById] Has been loaded by XML or SqlProvider or Mybatis's Annotation, so ignoring this injection for [class com.baomidou.mybatisplus.core.injector.methods.SelectById]
2026-08-26T11:42:15.254+08:00 WARN  c.b.m.core.injector.methods.Update : [com.reservation.mapper.CourseScheduleMapper.update] Has been loaded by XML or SqlProvider or Mybatis's Annotation, so ignoring this injection for [class com.baomidou.mybatisplus.core.injector.methods.Update]
2026-08-26T11:42:16.775+08:00 WARN  o.s.b.a.s.s.UserDetailsServiceAutoConfiguration : 

Using generated security password: 55dbb2b6-c6a6-4eb2-817b-8a28a7c13c4c

This generated password is for development use only. Your security configuration must be updated before running your application in production.

2026-08-26T11:42:16.788+08:00 INFO  o.s.s.c.a.a.c.InitializeUserDetailsBeanManagerConfigurer$InitializeUserDetailsManagerConfigurer : Global AuthenticationManager configured with UserDetailsService bean with name inMemoryUserDetailsManager
2026-08-26T11:42:17.062+08:00 INFO  o.s.b.a.w.s.WelcomePageHandlerMapping : Adding welcome page: class path resource [static/index.html]
2026-08-26T11:42:18.101+08:00 INFO  o.s.b.d.a.OptionalLiveReloadServer : LiveReload server is running on port 35729
2026-08-26T11:42:18.124+08:00 INFO  o.a.coyote.http11.Http11NioProtocol : Starting ProtocolHandler ["http-nio-8081"]
2026-08-26T11:42:18.170+08:00 INFO  o.s.b.w.e.tomcat.TomcatWebServer : Tomcat started on port 8081 (http) with context path '/'
2026-08-26T11:42:18.185+08:00 INFO  c.r.SpringBootMergeApplication : Started SpringBootMergeApplication in 8.504 seconds (process running for 11.125)
2026-08-26T12:32:39.083+08:00 INFO  o.h.validator.internal.util.Version : HV000001: Hibernate Validator 8.0.1.Final
2026-08-26T12:32:39.175+08:00 INFO  c.r.SpringBootMergeApplication : Starting SpringBootMergeApplication using Java 21.0.8 with PID 2628 (H:\2026\lesson-appointment\api\target\classes started by Administrator in H:\2026\lesson-appointment\api)
2026-08-26T12:32:39.252+08:00 INFO  c.r.SpringBootMergeApplication : No active profile set, falling back to 1 default profile: "default"
2026-08-26T12:32:39.530+08:00 INFO  o.s.b.d.e.DevToolsPropertyDefaultsPostProcessor : Devtools property defaults active! Set 'spring.devtools.add-properties' to 'false' to disable
2026-08-26T12:32:39.550+08:00 INFO  o.s.b.d.e.DevToolsPropertyDefaultsPostProcessor : For additional web related logging consider setting the 'logging.level.web' property to 'DEBUG'
2026-08-26T12:32:42.389+08:00 INFO  o.s.b.w.e.tomcat.TomcatWebServer : Tomcat initialized with port 8081 (http)
2026-08-26T12:32:42.409+08:00 INFO  o.a.coyote.http11.Http11NioProtocol : Initializing ProtocolHandler ["http-nio-8081"]
2026-08-26T12:32:42.417+08:00 INFO  o.a.catalina.core.StandardService : Starting service [Tomcat]
2026-08-26T12:32:42.418+08:00 INFO  o.a.catalina.core.StandardEngine : Starting Servlet engine: [Apache Tomcat/10.1.31]
2026-08-26T12:32:42.509+08:00 INFO  o.a.c.c.C.[Tomcat].[localhost].[/] : Initializing Spring embedded WebApplicationContext
2026-08-26T12:32:42.511+08:00 INFO  o.s.b.w.s.c.ServletWebServerApplicationContext : Root WebApplicationContext: initialization completed in 2950 ms
2026-08-26T12:32:43.073+08:00 WARN  c.b.m.core.injector.methods.Insert : [com.reservation.mapper.AuditLogMapper.insert] Has been loaded by XML or SqlProvider or Mybatis's Annotation, so ignoring this injection for [class com.baomidou.mybatisplus.core.injector.methods.Insert]
2026-08-26T12:32:43.139+08:00 WARN  c.b.m.c.injector.methods.SelectList : [com.reservation.mapper.BookingMapper.selectList] Has been loaded by XML or SqlProvider or Mybatis's Annotation, so ignoring this injection for [class com.baomidou.mybatisplus.core.injector.methods.SelectList]
2026-08-26T12:32:43.143+08:00 WARN  c.b.m.c.injector.methods.SelectById : [com.reservation.mapper.BookingMapper.selectById] Has been loaded by XML or SqlProvider or Mybatis's Annotation, so ignoring this injection for [class com.baomidou.mybatisplus.core.injector.methods.SelectById]
2026-08-26T12:32:43.216+08:00 WARN  c.b.m.core.injector.methods.Update : [com.reservation.mapper.CourseScheduleMapper.update] Has been loaded by XML or SqlProvider or Mybatis's Annotation, so ignoring this injection for [class com.baomidou.mybatisplus.core.injector.methods.Update]
2026-08-26T12:32:44.274+08:00 WARN  o.s.b.a.s.s.UserDetailsServiceAutoConfiguration : 

Using generated security password: b8b65654-fa0c-482f-87dc-19856787330c

This generated password is for development use only. Your security configuration must be updated before running your application in production.

2026-08-26T12:32:44.285+08:00 INFO  o.s.s.c.a.a.c.InitializeUserDetailsBeanManagerConfigurer$InitializeUserDetailsManagerConfigurer : Global AuthenticationManager configured with UserDetailsService bean with name inMemoryUserDetailsManager
2026-08-26T12:32:44.387+08:00 INFO  o.s.b.a.w.s.WelcomePageHandlerMapping : Adding welcome page: class path resource [static/index.html]
2026-08-26T12:32:45.159+08:00 INFO  o.s.b.d.a.OptionalLiveReloadServer : LiveReload server is running on port 35729
2026-08-26T12:32:45.181+08:00 INFO  o.a.coyote.http11.Http11NioProtocol : Starting ProtocolHandler ["http-nio-8081"]
2026-08-26T12:32:45.223+08:00 INFO  o.s.b.w.e.tomcat.TomcatWebServer : Tomcat started on port 8081 (http) with context path '/'
2026-08-26T12:32:45.239+08:00 INFO  c.r.SpringBootMergeApplication : Started SpringBootMergeApplication in 8.531 seconds (process running for 9.747)
2026-08-26T12:40:23.855+08:00 INFO  o.a.c.c.C.[Tomcat].[localhost].[/] : Initializing Spring DispatcherServlet 'dispatcherServlet'
2026-08-26T12:40:23.872+08:00 INFO  o.s.web.servlet.DispatcherServlet : Initializing Servlet 'dispatcherServlet'
2026-08-26T12:40:23.940+08:00 INFO  o.s.web.servlet.DispatcherServlet : Completed initialization in 20 ms
2026-08-26T12:40:26.625+08:00 WARN  c.r.config.JwtAuthenticationFilter : [JwtAuthFilter] Token 校验失败，uri=/user/statistical/byMonth
2026-08-26T12:40:26.625+08:00 WARN  c.r.config.JwtAuthenticationFilter : [JwtAuthFilter] Token 校验失败，uri=/course/appointment/statistical/byMonth
2026-08-26T12:40:26.625+08:00 WARN  c.r.config.JwtAuthenticationFilter : [JwtAuthFilter] Token 校验失败，uri=/course/booking/statistical/byMonth
2026-08-26T12:40:26.625+08:00 WARN  c.r.config.JwtAuthenticationFilter : [JwtAuthFilter] Token 校验失败，uri=/course/statistical/byMonth
2026-08-26T12:40:27.812+08:00 INFO  com.zaxxer.hikari.HikariDataSource : HikariPool-1 - Starting...
2026-08-26T12:40:28.897+08:00 INFO  com.zaxxer.hikari.pool.HikariPool : HikariPool-1 - Added connection com.mysql.cj.jdbc.ConnectionImpl@395684ac
2026-08-26T12:40:28.964+08:00 INFO  com.zaxxer.hikari.HikariDataSource : HikariPool-1 - Start completed.
2026-08-26T12:40:29.197+08:00 INFO  c.r.service.RefreshTokenService : 删除旧刷新Token开始, token=eyJhbGciOiJIUzI1NiJ9.eyJzdWIiOiIwYzBkNWE2NS0xNWViLTQ3ZGQtYmY0Mi1jOWJmMjY0NTY5MDIiLCJleHAiOjE3ODgyNTUzNDJ9.dziZHqFBp9Fuv0uNzszTxrp0ai6xo430SGPc54QqWXI
2026-08-26T12:40:29.248+08:00 INFO  c.r.service.RefreshTokenService : 删除旧刷新Token结束, token=eyJhbGciOiJIUzI1NiJ9.eyJzdWIiOiIwYzBkNWE2NS0xNWViLTQ3ZGQtYmY0Mi1jOWJmMjY0NTY5MDIiLCJleHAiOjE3ODgyNTUzNDJ9.dziZHqFBp9Fuv0uNzszTxrp0ai6xo430SGPc54QqWXI
2026-08-26T12:45:50.799+08:00 INFO  c.r.service.CourseScheduleService : getAvailableSchedule 1, teacherId=00d29a79-02d6-4a8c-9dd6-98eb9e1086e9, rows=10
2026-08-26T12:45:50.801+08:00 INFO  c.r.service.CourseScheduleService : schedule 40a8b4ba12824f458a28c793f21e064a bookingCount=0
2026-08-26T12:45:50.803+08:00 INFO  c.r.service.CourseScheduleService : schedule becb28f38a974aa7a6c513de8e301932 bookingCount=0
2026-08-26T12:45:50.804+08:00 INFO  c.r.service.CourseScheduleService : schedule 6f11167caa9c4a86a54743762f7d12a9 bookingCount=0
2026-08-26T12:45:50.806+08:00 INFO  c.r.service.CourseScheduleService : schedule de9a1861e1b44ed7aefc1ee02c31581f bookingCount=0
2026-08-26T12:45:50.812+08:00 INFO  c.r.service.CourseScheduleService : schedule ea751515eff94f93a33a3604d284497a bookingCount=0
2026-08-26T12:45:50.817+08:00 INFO  c.r.service.CourseScheduleService : schedule 0d52cdf943f647d2a3bbfc5becc777fe bookingCount=0
2026-08-26T12:45:50.818+08:00 INFO  c.r.service.CourseScheduleService : schedule 1cdfe75b1c9c44939db8acc2f17d97dc bookingCount=0
2026-08-26T12:45:50.820+08:00 INFO  c.r.service.CourseScheduleService : schedule 793fb422ea054ef7973cfa3eba582d89 bookingCount=0
2026-08-26T12:45:50.822+08:00 INFO  c.r.service.CourseScheduleService : schedule a1b49fceada64538915b5ca9991b44c5 bookingCount=0
2026-08-26T12:45:50.824+08:00 INFO  c.r.service.CourseScheduleService : schedule f9cf2cba47944cec833e823c065fd91b bookingCount=0
2026-08-26T12:45:50.826+08:00 INFO  c.r.service.CourseScheduleService : getAvailableSchedule 2, teacherId=00d29a79-02d6-4a8c-9dd6-98eb9e1086e9, rows=10
2026-08-26T12:56:09.856+08:00 INFO  com.zaxxer.hikari.HikariDataSource : HikariPool-1 - Shutdown initiated...
2026-08-26T12:56:09.867+08:00 INFO  com.zaxxer.hikari.HikariDataSource : HikariPool-1 - Shutdown completed.
2026-08-26T12:56:48.806+08:00 INFO  o.h.validator.internal.util.Version : HV000001: Hibernate Validator 8.0.1.Final
2026-08-26T12:56:48.881+08:00 INFO  c.r.SpringBootMergeApplication : Starting SpringBootMergeApplication using Java 21.0.8 with PID 17556 (H:\2026\lesson-appointment\api\target\classes started by Administrator in H:\2026\lesson-appointment\api)
2026-08-26T12:56:48.883+08:00 INFO  c.r.SpringBootMergeApplication : No active profile set, falling back to 1 default profile: "default"
2026-08-26T12:56:49.040+08:00 INFO  o.s.b.d.e.DevToolsPropertyDefaultsPostProcessor : Devtools property defaults active! Set 'spring.devtools.add-properties' to 'false' to disable
2026-08-26T12:56:49.040+08:00 INFO  o.s.b.d.e.DevToolsPropertyDefaultsPostProcessor : For additional web related logging consider setting the 'logging.level.web' property to 'DEBUG'
2026-08-26T12:56:51.916+08:00 INFO  o.s.b.w.e.tomcat.TomcatWebServer : Tomcat initialized with port 8081 (http)
2026-08-26T12:56:51.938+08:00 INFO  o.a.coyote.http11.Http11NioProtocol : Initializing ProtocolHandler ["http-nio-8081"]
2026-08-26T12:56:52.009+08:00 INFO  o.a.catalina.core.StandardService : Starting service [Tomcat]
2026-08-26T12:56:52.018+08:00 INFO  o.a.catalina.core.StandardEngine : Starting Servlet engine: [Apache Tomcat/10.1.31]
2026-08-26T12:56:52.168+08:00 INFO  o.a.c.c.C.[Tomcat].[localhost].[/] : Initializing Spring embedded WebApplicationContext
2026-08-26T12:56:52.168+08:00 INFO  o.s.b.w.s.c.ServletWebServerApplicationContext : Root WebApplicationContext: initialization completed in 3127 ms
2026-08-26T12:56:52.739+08:00 WARN  c.b.m.core.injector.methods.Insert : [com.reservation.mapper.AuditLogMapper.insert] Has been loaded by XML or SqlProvider or Mybatis's Annotation, so ignoring this injection for [class com.baomidou.mybatisplus.core.injector.methods.Insert]
2026-08-26T12:56:52.817+08:00 WARN  c.b.m.c.injector.methods.SelectList : [com.reservation.mapper.BookingMapper.selectList] Has been loaded by XML or SqlProvider or Mybatis's Annotation, so ignoring this injection for [class com.baomidou.mybatisplus.core.injector.methods.SelectList]
2026-08-26T12:56:52.824+08:00 WARN  c.b.m.c.injector.methods.SelectById : [com.reservation.mapper.BookingMapper.selectById] Has been loaded by XML or SqlProvider or Mybatis's Annotation, so ignoring this injection for [class com.baomidou.mybatisplus.core.injector.methods.SelectById]
2026-08-26T12:56:52.931+08:00 WARN  c.b.m.core.injector.methods.Update : [com.reservation.mapper.CourseScheduleMapper.update] Has been loaded by XML or SqlProvider or Mybatis's Annotation, so ignoring this injection for [class com.baomidou.mybatisplus.core.injector.methods.Update]
2026-08-26T12:56:53.967+08:00 WARN  o.s.b.a.s.s.UserDetailsServiceAutoConfiguration : 

Using generated security password: 855949a0-3fdc-4be2-86f7-637d2ef8f6ae

This generated password is for development use only. Your security configuration must be updated before running your application in production.

2026-08-26T12:56:53.978+08:00 INFO  o.s.s.c.a.a.c.InitializeUserDetailsBeanManagerConfigurer$InitializeUserDetailsManagerConfigurer : Global AuthenticationManager configured with UserDetailsService bean with name inMemoryUserDetailsManager
2026-08-26T12:56:54.078+08:00 INFO  o.s.b.a.w.s.WelcomePageHandlerMapping : Adding welcome page: class path resource [static/index.html]
2026-08-26T12:56:55.381+08:00 INFO  o.s.b.d.a.OptionalLiveReloadServer : LiveReload server is running on port 35729
2026-08-26T12:56:55.414+08:00 INFO  o.a.coyote.http11.Http11NioProtocol : Starting ProtocolHandler ["http-nio-8081"]
2026-08-26T12:56:55.466+08:00 INFO  o.s.b.w.e.tomcat.TomcatWebServer : Tomcat started on port 8081 (http) with context path '/'
2026-08-26T12:56:55.478+08:00 INFO  c.r.SpringBootMergeApplication : Started SpringBootMergeApplication in 7.515 seconds (process running for 8.418)
2026-08-26T12:58:10.633+08:00 INFO  o.a.c.c.C.[Tomcat].[localhost].[/] : Initializing Spring DispatcherServlet 'dispatcherServlet'
2026-08-26T12:58:10.633+08:00 INFO  o.s.web.servlet.DispatcherServlet : Initializing Servlet 'dispatcherServlet'
2026-08-26T12:58:10.635+08:00 INFO  o.s.web.servlet.DispatcherServlet : Completed initialization in 1 ms
2026-08-26T12:58:23.191+08:00 INFO  com.zaxxer.hikari.HikariDataSource : HikariPool-1 - Starting...
2026-08-26T12:58:23.577+08:00 INFO  com.zaxxer.hikari.pool.HikariPool : HikariPool-1 - Added connection com.mysql.cj.jdbc.ConnectionImpl@18bf5cac
2026-08-26T12:58:23.602+08:00 INFO  com.zaxxer.hikari.HikariDataSource : HikariPool-1 - Start completed.
2026-08-26T13:00:44.774+08:00 INFO  c.r.service.CourseScheduleService : getAvailableSchedule 1, teacherId=00d29a79-02d6-4a8c-9dd6-98eb9e1086e9, rows=10
2026-08-26T13:00:44.776+08:00 INFO  c.r.service.CourseScheduleService : schedule 40a8b4ba12824f458a28c793f21e064a bookingCount=0
2026-08-26T13:00:44.778+08:00 INFO  c.r.service.CourseScheduleService : schedule becb28f38a974aa7a6c513de8e301932 bookingCount=0
2026-08-26T13:00:44.779+08:00 INFO  c.r.service.CourseScheduleService : schedule 6f11167caa9c4a86a54743762f7d12a9 bookingCount=0
2026-08-26T13:00:44.781+08:00 INFO  c.r.service.CourseScheduleService : schedule de9a1861e1b44ed7aefc1ee02c31581f bookingCount=0
2026-08-26T13:00:44.786+08:00 INFO  c.r.service.CourseScheduleService : schedule ea751515eff94f93a33a3604d284497a bookingCount=0
2026-08-26T13:00:44.794+08:00 INFO  c.r.service.CourseScheduleService : schedule 0d52cdf943f647d2a3bbfc5becc777fe bookingCount=0
2026-08-26T13:00:44.796+08:00 INFO  c.r.service.CourseScheduleService : schedule 1cdfe75b1c9c44939db8acc2f17d97dc bookingCount=0
2026-08-26T13:00:44.799+08:00 INFO  c.r.service.CourseScheduleService : schedule 793fb422ea054ef7973cfa3eba582d89 bookingCount=0
2026-08-26T13:00:44.804+08:00 INFO  c.r.service.CourseScheduleService : schedule a1b49fceada64538915b5ca9991b44c5 bookingCount=0
2026-08-26T13:00:44.807+08:00 INFO  c.r.service.CourseScheduleService : schedule f9cf2cba47944cec833e823c065fd91b bookingCount=0
2026-08-26T13:00:44.808+08:00 INFO  c.r.service.CourseScheduleService : getAvailableSchedule 2, teacherId=00d29a79-02d6-4a8c-9dd6-98eb9e1086e9, rows=10
2026-08-26T13:04:54.422+08:00 INFO  com.zaxxer.hikari.HikariDataSource : HikariPool-1 - Shutdown initiated...
2026-08-26T13:04:54.430+08:00 INFO  com.zaxxer.hikari.HikariDataSource : HikariPool-1 - Shutdown completed.
2026-08-26T13:05:33.816+08:00 INFO  o.h.validator.internal.util.Version : HV000001: Hibernate Validator 8.0.1.Final
2026-08-26T13:05:33.883+08:00 INFO  c.r.SpringBootMergeApplication : Starting SpringBootMergeApplication using Java 21.0.8 with PID 18140 (H:\2026\lesson-appointment\api\target\classes started by Administrator in H:\2026\lesson-appointment\api)
2026-08-26T13:05:33.884+08:00 INFO  c.r.SpringBootMergeApplication : No active profile set, falling back to 1 default profile: "default"
2026-08-26T13:05:33.963+08:00 INFO  o.s.b.d.e.DevToolsPropertyDefaultsPostProcessor : Devtools property defaults active! Set 'spring.devtools.add-properties' to 'false' to disable
2026-08-26T13:05:33.965+08:00 INFO  o.s.b.d.e.DevToolsPropertyDefaultsPostProcessor : For additional web related logging consider setting the 'logging.level.web' property to 'DEBUG'
2026-08-26T13:05:36.328+08:00 INFO  o.s.b.w.e.tomcat.TomcatWebServer : Tomcat initialized with port 8081 (http)
2026-08-26T13:05:36.342+08:00 INFO  o.a.coyote.http11.Http11NioProtocol : Initializing ProtocolHandler ["http-nio-8081"]
2026-08-26T13:05:36.352+08:00 INFO  o.a.catalina.core.StandardService : Starting service [Tomcat]
2026-08-26T13:05:36.353+08:00 INFO  o.a.catalina.core.StandardEngine : Starting Servlet engine: [Apache Tomcat/10.1.31]
2026-08-26T13:05:36.426+08:00 INFO  o.a.c.c.C.[Tomcat].[localhost].[/] : Initializing Spring embedded WebApplicationContext
2026-08-26T13:05:36.427+08:00 INFO  o.s.b.w.s.c.ServletWebServerApplicationContext : Root WebApplicationContext: initialization completed in 2460 ms
2026-08-26T13:05:36.921+08:00 WARN  c.b.m.core.injector.methods.Insert : [com.reservation.mapper.AuditLogMapper.insert] Has been loaded by XML or SqlProvider or Mybatis's Annotation, so ignoring this injection for [class com.baomidou.mybatisplus.core.injector.methods.Insert]
2026-08-26T13:05:36.976+08:00 WARN  c.b.m.c.injector.methods.SelectList : [com.reservation.mapper.BookingMapper.selectList] Has been loaded by XML or SqlProvider or Mybatis's Annotation, so ignoring this injection for [class com.baomidou.mybatisplus.core.injector.methods.SelectList]
2026-08-26T13:05:36.984+08:00 WARN  c.b.m.c.injector.methods.SelectById : [com.reservation.mapper.BookingMapper.selectById] Has been loaded by XML or SqlProvider or Mybatis's Annotation, so ignoring this injection for [class com.baomidou.mybatisplus.core.injector.methods.SelectById]
2026-08-26T13:05:37.073+08:00 WARN  c.b.m.core.injector.methods.Update : [com.reservation.mapper.CourseScheduleMapper.update] Has been loaded by XML or SqlProvider or Mybatis's Annotation, so ignoring this injection for [class com.baomidou.mybatisplus.core.injector.methods.Update]
2026-08-26T13:05:38.005+08:00 WARN  o.s.b.a.s.s.UserDetailsServiceAutoConfiguration : 

Using generated security password: a9163770-2967-40ac-84c7-28d824eaad07

This generated password is for development use only. Your security configuration must be updated before running your application in production.

2026-08-26T13:05:38.015+08:00 INFO  o.s.s.c.a.a.c.InitializeUserDetailsBeanManagerConfigurer$InitializeUserDetailsManagerConfigurer : Global AuthenticationManager configured with UserDetailsService bean with name inMemoryUserDetailsManager
2026-08-26T13:05:38.121+08:00 INFO  o.s.b.a.w.s.WelcomePageHandlerMapping : Adding welcome page: class path resource [static/index.html]
2026-08-26T13:05:38.936+08:00 INFO  o.s.b.d.a.OptionalLiveReloadServer : LiveReload server is running on port 35729
2026-08-26T13:05:38.966+08:00 INFO  o.a.coyote.http11.Http11NioProtocol : Starting ProtocolHandler ["http-nio-8081"]
2026-08-26T13:05:39.013+08:00 INFO  o.s.b.w.e.tomcat.TomcatWebServer : Tomcat started on port 8081 (http) with context path '/'
2026-08-26T13:05:39.031+08:00 INFO  c.r.SpringBootMergeApplication : Started SpringBootMergeApplication in 6.011 seconds (process running for 6.758)
2026-08-26T13:06:09.749+08:00 INFO  o.a.c.c.C.[Tomcat].[localhost].[/] : Initializing Spring DispatcherServlet 'dispatcherServlet'
2026-08-26T13:06:09.750+08:00 INFO  o.s.web.servlet.DispatcherServlet : Initializing Servlet 'dispatcherServlet'
2026-08-26T13:06:09.752+08:00 INFO  o.s.web.servlet.DispatcherServlet : Completed initialization in 1 ms
2026-08-26T13:06:13.048+08:00 INFO  com.zaxxer.hikari.HikariDataSource : HikariPool-1 - Starting...
2026-08-26T13:06:13.406+08:00 INFO  com.zaxxer.hikari.pool.HikariPool : HikariPool-1 - Added connection com.mysql.cj.jdbc.ConnectionImpl@4004c6f0
2026-08-26T13:06:13.409+08:00 INFO  com.zaxxer.hikari.HikariDataSource : HikariPool-1 - Start completed.
2026-08-26T13:06:40.569+08:00 INFO  c.r.service.CourseScheduleService : getAvailableSchedule 1, teacherId=00d29a79-02d6-4a8c-9dd6-98eb9e1086e9, rows=10
2026-08-26T13:06:40.575+08:00 INFO  c.r.service.CourseScheduleService : schedule 40a8b4ba12824f458a28c793f21e064a bookingCount=0
2026-08-26T13:06:40.576+08:00 INFO  c.r.service.CourseScheduleService : schedule becb28f38a974aa7a6c513de8e301932 bookingCount=0
2026-08-26T13:06:40.584+08:00 INFO  c.r.service.CourseScheduleService : schedule 6f11167caa9c4a86a54743762f7d12a9 bookingCount=0
2026-08-26T13:06:40.590+08:00 INFO  c.r.service.CourseScheduleService : schedule de9a1861e1b44ed7aefc1ee02c31581f bookingCount=0
2026-08-26T13:06:40.593+08:00 INFO  c.r.service.CourseScheduleService : schedule ea751515eff94f93a33a3604d284497a bookingCount=0
2026-08-26T13:06:40.596+08:00 INFO  c.r.service.CourseScheduleService : schedule 0d52cdf943f647d2a3bbfc5becc777fe bookingCount=0
2026-08-26T13:06:40.598+08:00 INFO  c.r.service.CourseScheduleService : schedule 1cdfe75b1c9c44939db8acc2f17d97dc bookingCount=0
2026-08-26T13:06:40.600+08:00 INFO  c.r.service.CourseScheduleService : schedule 793fb422ea054ef7973cfa3eba582d89 bookingCount=0
2026-08-26T13:06:40.602+08:00 INFO  c.r.service.CourseScheduleService : schedule a1b49fceada64538915b5ca9991b44c5 bookingCount=0
2026-08-26T13:06:40.605+08:00 INFO  c.r.service.CourseScheduleService : schedule f9cf2cba47944cec833e823c065fd91b bookingCount=0
2026-08-26T13:06:40.608+08:00 INFO  c.r.service.CourseScheduleService : getAvailableSchedule 2, teacherId=00d29a79-02d6-4a8c-9dd6-98eb9e1086e9, rows=10
2026-08-26T13:10:36.111+08:00 INFO  com.zaxxer.hikari.HikariDataSource : HikariPool-1 - Shutdown initiated...
2026-08-26T13:10:36.133+08:00 INFO  com.zaxxer.hikari.HikariDataSource : HikariPool-1 - Shutdown completed.
2026-08-26T13:11:12.358+08:00 INFO  o.h.validator.internal.util.Version : HV000001: Hibernate Validator 8.0.1.Final
2026-08-26T13:11:12.421+08:00 INFO  c.r.SpringBootMergeApplication : Starting SpringBootMergeApplication using Java 21.0.8 with PID 22088 (H:\2026\lesson-appointment\api\target\classes started by Administrator in H:\2026\lesson-appointment\api)
2026-08-26T13:11:12.422+08:00 INFO  c.r.SpringBootMergeApplication : No active profile set, falling back to 1 default profile: "default"
2026-08-26T13:11:12.493+08:00 INFO  o.s.b.d.e.DevToolsPropertyDefaultsPostProcessor : Devtools property defaults active! Set 'spring.devtools.add-properties' to 'false' to disable
2026-08-26T13:11:12.494+08:00 INFO  o.s.b.d.e.DevToolsPropertyDefaultsPostProcessor : For additional web related logging consider setting the 'logging.level.web' property to 'DEBUG'
2026-08-26T13:11:14.732+08:00 INFO  o.s.b.w.e.tomcat.TomcatWebServer : Tomcat initialized with port 8081 (http)
2026-08-26T13:11:14.747+08:00 INFO  o.a.coyote.http11.Http11NioProtocol : Initializing ProtocolHandler ["http-nio-8081"]
2026-08-26T13:11:14.755+08:00 INFO  o.a.catalina.core.StandardService : Starting service [Tomcat]
2026-08-26T13:11:14.756+08:00 INFO  o.a.catalina.core.StandardEngine : Starting Servlet engine: [Apache Tomcat/10.1.31]
2026-08-26T13:11:14.827+08:00 INFO  o.a.c.c.C.[Tomcat].[localhost].[/] : Initializing Spring embedded WebApplicationContext
2026-08-26T13:11:14.827+08:00 INFO  o.s.b.w.s.c.ServletWebServerApplicationContext : Root WebApplicationContext: initialization completed in 2333 ms
2026-08-26T13:11:15.300+08:00 WARN  c.b.m.core.injector.methods.Insert : [com.reservation.mapper.AuditLogMapper.insert] Has been loaded by XML or SqlProvider or Mybatis's Annotation, so ignoring this injection for [class com.baomidou.mybatisplus.core.injector.methods.Insert]
2026-08-26T13:11:15.361+08:00 WARN  c.b.m.c.injector.methods.SelectList : [com.reservation.mapper.BookingMapper.selectList] Has been loaded by XML or SqlProvider or Mybatis's Annotation, so ignoring this injection for [class com.baomidou.mybatisplus.core.injector.methods.SelectList]
2026-08-26T13:11:15.367+08:00 WARN  c.b.m.c.injector.methods.SelectById : [com.reservation.mapper.BookingMapper.selectById] Has been loaded by XML or SqlProvider or Mybatis's Annotation, so ignoring this injection for [class com.baomidou.mybatisplus.core.injector.methods.SelectById]
2026-08-26T13:11:15.441+08:00 WARN  c.b.m.core.injector.methods.Update : [com.reservation.mapper.CourseScheduleMapper.update] Has been loaded by XML or SqlProvider or Mybatis's Annotation, so ignoring this injection for [class com.baomidou.mybatisplus.core.injector.methods.Update]
2026-08-26T13:11:16.372+08:00 WARN  o.s.b.a.s.s.UserDetailsServiceAutoConfiguration : 

Using generated security password: 83600d82-4a2d-47be-9b1a-7be8281173af

This generated password is for development use only. Your security configuration must be updated before running your application in production.

2026-08-26T13:11:16.397+08:00 INFO  o.s.s.c.a.a.c.InitializeUserDetailsBeanManagerConfigurer$InitializeUserDetailsManagerConfigurer : Global AuthenticationManager configured with UserDetailsService bean with name inMemoryUserDetailsManager
2026-08-26T13:11:16.502+08:00 INFO  o.s.b.a.w.s.WelcomePageHandlerMapping : Adding welcome page: class path resource [static/index.html]
2026-08-26T13:11:17.182+08:00 INFO  o.s.b.d.a.OptionalLiveReloadServer : LiveReload server is running on port 35729
2026-08-26T13:11:17.202+08:00 INFO  o.a.coyote.http11.Http11NioProtocol : Starting ProtocolHandler ["http-nio-8081"]
2026-08-26T13:11:17.244+08:00 INFO  o.s.b.w.e.tomcat.TomcatWebServer : Tomcat started on port 8081 (http) with context path '/'
2026-08-26T13:11:17.256+08:00 INFO  c.r.SpringBootMergeApplication : Started SpringBootMergeApplication in 5.698 seconds (process running for 6.872)
2026-08-26T13:11:49.473+08:00 INFO  o.a.c.c.C.[Tomcat].[localhost].[/] : Initializing Spring DispatcherServlet 'dispatcherServlet'
2026-08-26T13:11:49.473+08:00 INFO  o.s.web.servlet.DispatcherServlet : Initializing Servlet 'dispatcherServlet'
2026-08-26T13:11:49.475+08:00 INFO  o.s.web.servlet.DispatcherServlet : Completed initialization in 2 ms
2026-08-26T13:11:50.893+08:00 INFO  com.zaxxer.hikari.HikariDataSource : HikariPool-1 - Starting...
2026-08-26T13:11:51.197+08:00 INFO  com.zaxxer.hikari.pool.HikariPool : HikariPool-1 - Added connection com.mysql.cj.jdbc.ConnectionImpl@7db87c03
2026-08-26T13:11:51.200+08:00 INFO  com.zaxxer.hikari.HikariDataSource : HikariPool-1 - Start completed.
2026-08-26T13:21:29.519+08:00 INFO  o.s.b.d.a.LocalDevToolsAutoConfiguration$RestartingClassPathChangeChangedEventListener : Restarting due to 5 class path changes (0 additions, 0 deletions, 5 modifications)
2026-08-26T13:21:29.531+08:00 INFO  o.a.coyote.http11.Http11NioProtocol : Stopping ProtocolHandler ["http-nio-8081"]
2026-08-26T13:21:29.552+08:00 INFO  com.zaxxer.hikari.HikariDataSource : HikariPool-1 - Shutdown initiated...
2026-08-26T13:21:29.601+08:00 INFO  com.zaxxer.hikari.HikariDataSource : HikariPool-1 - Shutdown completed.
2026-08-26T13:21:29.913+08:00 INFO  c.r.SpringBootMergeApplication : Starting SpringBootMergeApplication using Java 21.0.8 with PID 22088 (H:\2026\lesson-appointment\api\target\classes started by Administrator in H:\2026\lesson-appointment\api)
2026-08-26T13:21:29.915+08:00 INFO  c.r.SpringBootMergeApplication : No active profile set, falling back to 1 default profile: "default"
2026-08-26T13:21:30.887+08:00 INFO  o.s.b.w.e.tomcat.TomcatWebServer : Tomcat initialized with port 8081 (http)
2026-08-26T13:21:30.967+08:00 INFO  o.a.coyote.http11.Http11NioProtocol : Initializing ProtocolHandler ["http-nio-8081"]
2026-08-26T13:21:30.980+08:00 INFO  o.a.catalina.core.StandardService : Starting service [Tomcat]
2026-08-26T13:21:31.007+08:00 INFO  o.a.catalina.core.StandardEngine : Starting Servlet engine: [Apache Tomcat/10.1.31]
2026-08-26T13:21:31.121+08:00 INFO  o.a.c.c.C.[Tomcat].[localhost].[/] : Initializing Spring embedded WebApplicationContext
2026-08-26T13:21:31.134+08:00 INFO  o.s.b.w.s.c.ServletWebServerApplicationContext : Root WebApplicationContext: initialization completed in 1213 ms
2026-08-26T13:21:31.483+08:00 WARN  c.b.m.core.injector.methods.Insert : [com.reservation.mapper.AuditLogMapper.insert] Has been loaded by XML or SqlProvider or Mybatis's Annotation, so ignoring this injection for [class com.baomidou.mybatisplus.core.injector.methods.Insert]
2026-08-26T13:21:31.540+08:00 WARN  c.b.m.c.injector.methods.SelectList : [com.reservation.mapper.BookingMapper.selectList] Has been loaded by XML or SqlProvider or Mybatis's Annotation, so ignoring this injection for [class com.baomidou.mybatisplus.core.injector.methods.SelectList]
2026-08-26T13:21:31.547+08:00 WARN  c.b.m.c.injector.methods.SelectById : [com.reservation.mapper.BookingMapper.selectById] Has been loaded by XML or SqlProvider or Mybatis's Annotation, so ignoring this injection for [class com.baomidou.mybatisplus.core.injector.methods.SelectById]
2026-08-26T13:21:31.619+08:00 WARN  c.b.m.core.injector.methods.Update : [com.reservation.mapper.CourseScheduleMapper.update] Has been loaded by XML or SqlProvider or Mybatis's Annotation, so ignoring this injection for [class com.baomidou.mybatisplus.core.injector.methods.Update]
2026-08-26T13:21:32.233+08:00 WARN  o.s.b.a.s.s.UserDetailsServiceAutoConfiguration : 

Using generated security password: ad89f65f-b6f4-482e-88fe-a2c7380357e1

This generated password is for development use only. Your security configuration must be updated before running your application in production.

2026-08-26T13:21:32.236+08:00 INFO  o.s.s.c.a.a.c.InitializeUserDetailsBeanManagerConfigurer$InitializeUserDetailsManagerConfigurer : Global AuthenticationManager configured with UserDetailsService bean with name inMemoryUserDetailsManager
2026-08-26T13:21:32.251+08:00 INFO  o.s.b.a.w.s.WelcomePageHandlerMapping : Adding welcome page: class path resource [static/index.html]
2026-08-26T13:21:32.758+08:00 INFO  o.s.b.d.a.OptionalLiveReloadServer : LiveReload server is running on port 35729
2026-08-26T13:21:32.772+08:00 INFO  o.a.coyote.http11.Http11NioProtocol : Starting ProtocolHandler ["http-nio-8081"]
2026-08-26T13:21:32.781+08:00 INFO  o.s.b.w.e.tomcat.TomcatWebServer : Tomcat started on port 8081 (http) with context path '/'
2026-08-26T13:21:32.791+08:00 INFO  c.r.SpringBootMergeApplication : Started SpringBootMergeApplication in 3.076 seconds (process running for 622.406)
2026-08-26T13:21:32.794+08:00 INFO  o.s.b.d.a.ConditionEvaluationDeltaLoggingListener : Condition evaluation unchanged
2026-08-26T13:21:34.565+08:00 INFO  o.s.b.d.a.LocalDevToolsAutoConfiguration$RestartingClassPathChangeChangedEventListener : Restarting due to 2 class path changes (0 additions, 0 deletions, 2 modifications)
2026-08-26T13:21:34.569+08:00 INFO  o.a.coyote.http11.Http11NioProtocol : Stopping ProtocolHandler ["http-nio-8081"]
2026-08-26T13:21:34.712+08:00 INFO  c.r.SpringBootMergeApplication : Starting SpringBootMergeApplication using Java 21.0.8 with PID 22088 (H:\2026\lesson-appointment\api\target\classes started by Administrator in H:\2026\lesson-appointment\api)
2026-08-26T13:21:34.713+08:00 INFO  c.r.SpringBootMergeApplication : No active profile set, falling back to 1 default profile: "default"
2026-08-26T13:21:35.388+08:00 INFO  o.s.b.w.e.tomcat.TomcatWebServer : Tomcat initialized with port 8081 (http)
2026-08-26T13:21:35.389+08:00 INFO  o.a.coyote.http11.Http11NioProtocol : Initializing ProtocolHandler ["http-nio-8081"]
2026-08-26T13:21:35.389+08:00 INFO  o.a.catalina.core.StandardService : Starting service [Tomcat]
2026-08-26T13:21:35.390+08:00 INFO  o.a.catalina.core.StandardEngine : Starting Servlet engine: [Apache Tomcat/10.1.31]
2026-08-26T13:21:35.414+08:00 INFO  o.a.c.c.C.[Tomcat].[localhost].[/] : Initializing Spring embedded WebApplicationContext
2026-08-26T13:21:35.415+08:00 INFO  o.s.b.w.s.c.ServletWebServerApplicationContext : Root WebApplicationContext: initialization completed in 698 ms
2026-08-26T13:21:35.608+08:00 WARN  c.b.m.core.injector.methods.Insert : [com.reservation.mapper.AuditLogMapper.insert] Has been loaded by XML or SqlProvider or Mybatis's Annotation, so ignoring this injection for [class com.baomidou.mybatisplus.core.injector.methods.Insert]
2026-08-26T13:21:35.664+08:00 WARN  c.b.m.c.injector.methods.SelectList : [com.reservation.mapper.BookingMapper.selectList] Has been loaded by XML or SqlProvider or Mybatis's Annotation, so ignoring this injection for [class com.baomidou.mybatisplus.core.injector.methods.SelectList]
2026-08-26T13:21:35.674+08:00 WARN  c.b.m.c.injector.methods.SelectById : [com.reservation.mapper.BookingMapper.selectById] Has been loaded by XML or SqlProvider or Mybatis's Annotation, so ignoring this injection for [class com.baomidou.mybatisplus.core.injector.methods.SelectById]
2026-08-26T13:21:35.732+08:00 WARN  c.b.m.core.injector.methods.Update : [com.reservation.mapper.CourseScheduleMapper.update] Has been loaded by XML or SqlProvider or Mybatis's Annotation, so ignoring this injection for [class com.baomidou.mybatisplus.core.injector.methods.Update]
2026-08-26T13:21:36.410+08:00 WARN  o.s.b.a.s.s.UserDetailsServiceAutoConfiguration : 

Using generated security password: eb8792c6-abf4-47b0-b0b7-0f1b675c9064

This generated password is for development use only. Your security configuration must be updated before running your application in production.

2026-08-26T13:21:36.412+08:00 INFO  o.s.s.c.a.a.c.InitializeUserDetailsBeanManagerConfigurer$InitializeUserDetailsManagerConfigurer : Global AuthenticationManager configured with UserDetailsService bean with name inMemoryUserDetailsManager
2026-08-26T13:21:36.429+08:00 INFO  o.s.b.a.w.s.WelcomePageHandlerMapping : Adding welcome page: class path resource [static/index.html]
2026-08-26T13:21:36.797+08:00 INFO  o.s.b.d.a.OptionalLiveReloadServer : LiveReload server is running on port 35729
2026-08-26T13:21:36.807+08:00 INFO  o.a.coyote.http11.Http11NioProtocol : Starting ProtocolHandler ["http-nio-8081"]
2026-08-26T13:21:36.814+08:00 INFO  o.s.b.w.e.tomcat.TomcatWebServer : Tomcat started on port 8081 (http) with context path '/'
2026-08-26T13:21:36.818+08:00 INFO  c.r.SpringBootMergeApplication : Started SpringBootMergeApplication in 2.159 seconds (process running for 626.433)
2026-08-26T13:21:36.823+08:00 INFO  o.s.b.d.a.ConditionEvaluationDeltaLoggingListener : Condition evaluation unchanged
2026-08-26T13:21:49.791+08:00 INFO  o.s.b.d.a.LocalDevToolsAutoConfiguration$RestartingClassPathChangeChangedEventListener : Restarting due to 2 class path changes (0 additions, 0 deletions, 2 modifications)
2026-08-26T13:21:49.792+08:00 INFO  o.a.coyote.http11.Http11NioProtocol : Stopping ProtocolHandler ["http-nio-8081"]
2026-08-26T13:21:49.923+08:00 INFO  c.r.SpringBootMergeApplication : Starting SpringBootMergeApplication using Java 21.0.8 with PID 22088 (H:\2026\lesson-appointment\api\target\classes started by Administrator in H:\2026\lesson-appointment\api)
2026-08-26T13:21:49.923+08:00 INFO  c.r.SpringBootMergeApplication : No active profile set, falling back to 1 default profile: "default"
2026-08-26T13:21:50.949+08:00 INFO  o.s.b.w.e.tomcat.TomcatWebServer : Tomcat initialized with port 8081 (http)
2026-08-26T13:21:50.951+08:00 INFO  o.a.coyote.http11.Http11NioProtocol : Initializing ProtocolHandler ["http-nio-8081"]
2026-08-26T13:21:50.952+08:00 INFO  o.a.catalina.core.StandardService : Starting service [Tomcat]
2026-08-26T13:21:50.953+08:00 INFO  o.a.catalina.core.StandardEngine : Starting Servlet engine: [Apache Tomcat/10.1.31]
2026-08-26T13:21:50.977+08:00 INFO  o.a.c.c.C.[Tomcat].[localhost].[/] : Initializing Spring embedded WebApplicationContext
2026-08-26T13:21:50.978+08:00 INFO  o.s.b.w.s.c.ServletWebServerApplicationContext : Root WebApplicationContext: initialization completed in 1051 ms
2026-08-26T13:21:51.177+08:00 WARN  c.b.m.core.injector.methods.Insert : [com.reservation.mapper.AuditLogMapper.insert] Has been loaded by XML or SqlProvider or Mybatis's Annotation, so ignoring this injection for [class com.baomidou.mybatisplus.core.injector.methods.Insert]
2026-08-26T13:21:51.228+08:00 WARN  c.b.m.c.injector.methods.SelectList : [com.reservation.mapper.BookingMapper.selectList] Has been loaded by XML or SqlProvider or Mybatis's Annotation, so ignoring this injection for [class com.baomidou.mybatisplus.core.injector.methods.SelectList]
2026-08-26T13:21:51.235+08:00 WARN  c.b.m.c.injector.methods.SelectById : [com.reservation.mapper.BookingMapper.selectById] Has been loaded by XML or SqlProvider or Mybatis's Annotation, so ignoring this injection for [class com.baomidou.mybatisplus.core.injector.methods.SelectById]
2026-08-26T13:21:51.310+08:00 WARN  c.b.m.core.injector.methods.Update : [com.reservation.mapper.CourseScheduleMapper.update] Has been loaded by XML or SqlProvider or Mybatis's Annotation, so ignoring this injection for [class com.baomidou.mybatisplus.core.injector.methods.Update]
2026-08-26T13:21:52.046+08:00 WARN  o.s.b.a.s.s.UserDetailsServiceAutoConfiguration : 

Using generated security password: 2c8d63c0-22a3-4e85-b1b9-76c4f5f0b532

This generated password is for development use only. Your security configuration must be updated before running your application in production.

2026-08-26T13:21:52.054+08:00 INFO  o.s.s.c.a.a.c.InitializeUserDetailsBeanManagerConfigurer$InitializeUserDetailsManagerConfigurer : Global AuthenticationManager configured with UserDetailsService bean with name inMemoryUserDetailsManager
2026-08-26T13:21:52.077+08:00 INFO  o.s.b.a.w.s.WelcomePageHandlerMapping : Adding welcome page: class path resource [static/index.html]
2026-08-26T13:21:52.425+08:00 INFO  o.s.b.d.a.OptionalLiveReloadServer : LiveReload server is running on port 35729
2026-08-26T13:21:52.457+08:00 INFO  o.a.coyote.http11.Http11NioProtocol : Starting ProtocolHandler ["http-nio-8081"]
2026-08-26T13:21:52.464+08:00 INFO  o.s.b.w.e.tomcat.TomcatWebServer : Tomcat started on port 8081 (http) with context path '/'
2026-08-26T13:21:52.474+08:00 INFO  c.r.SpringBootMergeApplication : Started SpringBootMergeApplication in 2.603 seconds (process running for 642.09)
2026-08-26T13:21:52.478+08:00 INFO  o.s.b.d.a.ConditionEvaluationDeltaLoggingListener : Condition evaluation unchanged
2026-08-26T13:22:21.047+08:00 INFO  o.a.c.c.C.[Tomcat].[localhost].[/] : Initializing Spring DispatcherServlet 'dispatcherServlet'
2026-08-26T13:22:21.051+08:00 INFO  o.s.web.servlet.DispatcherServlet : Initializing Servlet 'dispatcherServlet'
2026-08-26T13:22:21.053+08:00 INFO  o.s.web.servlet.DispatcherServlet : Completed initialization in 2 ms
2026-08-26T13:22:21.232+08:00 WARN  o.s.w.s.m.m.a.ExceptionHandlerExceptionResolver : Resolved [org.springframework.http.converter.HttpMessageNotReadableException: JSON parse error: Cannot deserialize value of type `java.lang.Integer` from Boolean value (token `JsonToken.VALUE_TRUE`)]
2026-08-26T13:25:11.560+08:00 INFO  o.a.coyote.http11.Http11NioProtocol : Stopping ProtocolHandler ["http-nio-8081"]
2026-08-26T13:25:48.417+08:00 INFO  o.h.validator.internal.util.Version : HV000001: Hibernate Validator 8.0.1.Final
2026-08-26T13:25:48.478+08:00 INFO  c.r.SpringBootMergeApplication : Starting SpringBootMergeApplication using Java 21.0.8 with PID 25496 (H:\2026\lesson-appointment\api\target\classes started by Administrator in H:\2026\lesson-appointment\api)
2026-08-26T13:25:48.480+08:00 INFO  c.r.SpringBootMergeApplication : No active profile set, falling back to 1 default profile: "default"
2026-08-26T13:25:48.551+08:00 INFO  o.s.b.d.e.DevToolsPropertyDefaultsPostProcessor : Devtools property defaults active! Set 'spring.devtools.add-properties' to 'false' to disable
2026-08-26T13:25:48.552+08:00 INFO  o.s.b.d.e.DevToolsPropertyDefaultsPostProcessor : For additional web related logging consider setting the 'logging.level.web' property to 'DEBUG'
2026-08-26T13:25:50.777+08:00 INFO  o.s.b.w.e.tomcat.TomcatWebServer : Tomcat initialized with port 8081 (http)
2026-08-26T13:25:50.799+08:00 INFO  o.a.coyote.http11.Http11NioProtocol : Initializing ProtocolHandler ["http-nio-8081"]
2026-08-26T13:25:50.809+08:00 INFO  o.a.catalina.core.StandardService : Starting service [Tomcat]
2026-08-26T13:25:50.810+08:00 INFO  o.a.catalina.core.StandardEngine : Starting Servlet engine: [Apache Tomcat/10.1.31]
2026-08-26T13:25:50.882+08:00 INFO  o.a.c.c.C.[Tomcat].[localhost].[/] : Initializing Spring embedded WebApplicationContext
2026-08-26T13:25:50.883+08:00 INFO  o.s.b.w.s.c.ServletWebServerApplicationContext : Root WebApplicationContext: initialization completed in 2330 ms
2026-08-26T13:25:51.369+08:00 WARN  c.b.m.core.injector.methods.Insert : [com.reservation.mapper.AuditLogMapper.insert] Has been loaded by XML or SqlProvider or Mybatis's Annotation, so ignoring this injection for [class com.baomidou.mybatisplus.core.injector.methods.Insert]
2026-08-26T13:25:51.447+08:00 WARN  c.b.m.c.injector.methods.SelectList : [com.reservation.mapper.BookingMapper.selectList] Has been loaded by XML or SqlProvider or Mybatis's Annotation, so ignoring this injection for [class com.baomidou.mybatisplus.core.injector.methods.SelectList]
2026-08-26T13:25:51.452+08:00 WARN  c.b.m.c.injector.methods.SelectById : [com.reservation.mapper.BookingMapper.selectById] Has been loaded by XML or SqlProvider or Mybatis's Annotation, so ignoring this injection for [class com.baomidou.mybatisplus.core.injector.methods.SelectById]
2026-08-26T13:25:51.547+08:00 WARN  c.b.m.core.injector.methods.Update : [com.reservation.mapper.CourseScheduleMapper.update] Has been loaded by XML or SqlProvider or Mybatis's Annotation, so ignoring this injection for [class com.baomidou.mybatisplus.core.injector.methods.Update]
2026-08-26T13:25:52.457+08:00 WARN  o.s.b.a.s.s.UserDetailsServiceAutoConfiguration : 

Using generated security password: 939a9baa-b338-4896-babd-5060928b3bd9

This generated password is for development use only. Your security configuration must be updated before running your application in production.

2026-08-26T13:25:52.467+08:00 INFO  o.s.s.c.a.a.c.InitializeUserDetailsBeanManagerConfigurer$InitializeUserDetailsManagerConfigurer : Global AuthenticationManager configured with UserDetailsService bean with name inMemoryUserDetailsManager
2026-08-26T13:25:52.553+08:00 INFO  o.s.b.a.w.s.WelcomePageHandlerMapping : Adding welcome page: class path resource [static/index.html]
2026-08-26T13:25:53.292+08:00 INFO  o.s.b.d.a.OptionalLiveReloadServer : LiveReload server is running on port 35729
2026-08-26T13:25:53.311+08:00 INFO  o.a.coyote.http11.Http11NioProtocol : Starting ProtocolHandler ["http-nio-8081"]
2026-08-26T13:25:53.352+08:00 INFO  o.s.b.w.e.tomcat.TomcatWebServer : Tomcat started on port 8081 (http) with context path '/'
2026-08-26T13:25:53.365+08:00 INFO  c.r.SpringBootMergeApplication : Started SpringBootMergeApplication in 5.976 seconds (process running for 6.889)
2026-08-26T13:25:55.662+08:00 INFO  o.a.c.c.C.[Tomcat].[localhost].[/] : Initializing Spring DispatcherServlet 'dispatcherServlet'
2026-08-26T13:25:55.663+08:00 INFO  o.s.web.servlet.DispatcherServlet : Initializing Servlet 'dispatcherServlet'
2026-08-26T13:25:55.664+08:00 INFO  o.s.web.servlet.DispatcherServlet : Completed initialization in 1 ms
2026-08-26T13:25:57.385+08:00 INFO  com.zaxxer.hikari.HikariDataSource : HikariPool-1 - Starting...
2026-08-26T13:25:57.635+08:00 INFO  com.zaxxer.hikari.pool.HikariPool : HikariPool-1 - Added connection com.mysql.cj.jdbc.ConnectionImpl@24ebabfb
2026-08-26T13:25:57.637+08:00 INFO  com.zaxxer.hikari.HikariDataSource : HikariPool-1 - Start completed.
2026-08-26T13:28:34.508+08:00 INFO  o.s.b.d.a.LocalDevToolsAutoConfiguration$RestartingClassPathChangeChangedEventListener : Restarting due to 2 class path changes (0 additions, 0 deletions, 2 modifications)
2026-08-26T13:28:34.512+08:00 INFO  o.a.coyote.http11.Http11NioProtocol : Stopping ProtocolHandler ["http-nio-8081"]
2026-08-26T13:28:34.530+08:00 INFO  com.zaxxer.hikari.HikariDataSource : HikariPool-1 - Shutdown initiated...
2026-08-26T13:28:34.552+08:00 INFO  com.zaxxer.hikari.HikariDataSource : HikariPool-1 - Shutdown completed.
2026-08-26T13:28:34.710+08:00 INFO  c.r.SpringBootMergeApplication : Starting SpringBootMergeApplication using Java 21.0.8 with PID 25496 (H:\2026\lesson-appointment\api\target\classes started by Administrator in H:\2026\lesson-appointment\api)
2026-08-26T13:28:34.712+08:00 INFO  c.r.SpringBootMergeApplication : No active profile set, falling back to 1 default profile: "default"
2026-08-26T13:28:35.424+08:00 INFO  o.s.b.w.e.tomcat.TomcatWebServer : Tomcat initialized with port 8081 (http)
2026-08-26T13:28:35.425+08:00 INFO  o.a.coyote.http11.Http11NioProtocol : Initializing ProtocolHandler ["http-nio-8081"]
2026-08-26T13:28:35.426+08:00 INFO  o.a.catalina.core.StandardService : Starting service [Tomcat]
2026-08-26T13:28:35.426+08:00 INFO  o.a.catalina.core.StandardEngine : Starting Servlet engine: [Apache Tomcat/10.1.31]
2026-08-26T13:28:35.446+08:00 INFO  o.a.c.c.C.[Tomcat].[localhost].[/] : Initializing Spring embedded WebApplicationContext
2026-08-26T13:28:35.447+08:00 INFO  o.s.b.w.s.c.ServletWebServerApplicationContext : Root WebApplicationContext: initialization completed in 731 ms
2026-08-26T13:28:35.603+08:00 WARN  c.b.m.core.injector.methods.Insert : [com.reservation.mapper.AuditLogMapper.insert] Has been loaded by XML or SqlProvider or Mybatis's Annotation, so ignoring this injection for [class com.baomidou.mybatisplus.core.injector.methods.Insert]
2026-08-26T13:28:35.662+08:00 WARN  c.b.m.c.injector.methods.SelectList : [com.reservation.mapper.BookingMapper.selectList] Has been loaded by XML or SqlProvider or Mybatis's Annotation, so ignoring this injection for [class com.baomidou.mybatisplus.core.injector.methods.SelectList]
2026-08-26T13:28:35.666+08:00 WARN  c.b.m.c.injector.methods.SelectById : [com.reservation.mapper.BookingMapper.selectById] Has been loaded by XML or SqlProvider or Mybatis's Annotation, so ignoring this injection for [class com.baomidou.mybatisplus.core.injector.methods.SelectById]
2026-08-26T13:28:35.724+08:00 WARN  c.b.m.core.injector.methods.Update : [com.reservation.mapper.CourseScheduleMapper.update] Has been loaded by XML or SqlProvider or Mybatis's Annotation, so ignoring this injection for [class com.baomidou.mybatisplus.core.injector.methods.Update]
2026-08-26T13:28:36.287+08:00 WARN  o.s.b.a.s.s.UserDetailsServiceAutoConfiguration : 

Using generated security password: 50255a9b-ff85-492e-b95a-0ef3862e405f

This generated password is for development use only. Your security configuration must be updated before running your application in production.

2026-08-26T13:28:36.289+08:00 INFO  o.s.s.c.a.a.c.InitializeUserDetailsBeanManagerConfigurer$InitializeUserDetailsManagerConfigurer : Global AuthenticationManager configured with UserDetailsService bean with name inMemoryUserDetailsManager
2026-08-26T13:28:36.303+08:00 INFO  o.s.b.a.w.s.WelcomePageHandlerMapping : Adding welcome page: class path resource [static/index.html]
2026-08-26T13:28:36.543+08:00 INFO  o.s.b.d.a.OptionalLiveReloadServer : LiveReload server is running on port 35729
2026-08-26T13:28:36.553+08:00 INFO  o.a.coyote.http11.Http11NioProtocol : Starting ProtocolHandler ["http-nio-8081"]
2026-08-26T13:28:36.560+08:00 INFO  o.s.b.w.e.tomcat.TomcatWebServer : Tomcat started on port 8081 (http) with context path '/'
2026-08-26T13:28:36.565+08:00 INFO  c.r.SpringBootMergeApplication : Started SpringBootMergeApplication in 1.921 seconds (process running for 170.09)
2026-08-26T13:28:36.569+08:00 INFO  o.s.b.d.a.ConditionEvaluationDeltaLoggingListener : Condition evaluation unchanged
2026-08-26T13:28:48.619+08:00 INFO  o.s.b.d.a.LocalDevToolsAutoConfiguration$RestartingClassPathChangeChangedEventListener : Restarting due to 2 class path changes (0 additions, 0 deletions, 2 modifications)
2026-08-26T13:28:48.621+08:00 INFO  o.a.coyote.http11.Http11NioProtocol : Stopping ProtocolHandler ["http-nio-8081"]
2026-08-26T13:28:48.744+08:00 INFO  c.r.SpringBootMergeApplication : Starting SpringBootMergeApplication using Java 21.0.8 with PID 25496 (H:\2026\lesson-appointment\api\target\classes started by Administrator in H:\2026\lesson-appointment\api)
2026-08-26T13:28:48.744+08:00 INFO  c.r.SpringBootMergeApplication : No active profile set, falling back to 1 default profile: "default"
2026-08-26T13:28:49.372+08:00 INFO  o.s.b.w.e.tomcat.TomcatWebServer : Tomcat initialized with port 8081 (http)
2026-08-26T13:28:49.373+08:00 INFO  o.a.coyote.http11.Http11NioProtocol : Initializing ProtocolHandler ["http-nio-8081"]
2026-08-26T13:28:49.373+08:00 INFO  o.a.catalina.core.StandardService : Starting service [Tomcat]
2026-08-26T13:28:49.373+08:00 INFO  o.a.catalina.core.StandardEngine : Starting Servlet engine: [Apache Tomcat/10.1.31]
2026-08-26T13:28:49.408+08:00 INFO  o.a.c.c.C.[Tomcat].[localhost].[/] : Initializing Spring embedded WebApplicationContext
2026-08-26T13:28:49.409+08:00 INFO  o.s.b.w.s.c.ServletWebServerApplicationContext : Root WebApplicationContext: initialization completed in 660 ms
2026-08-26T13:28:49.542+08:00 WARN  c.b.m.core.injector.methods.Insert : [com.reservation.mapper.AuditLogMapper.insert] Has been loaded by XML or SqlProvider or Mybatis's Annotation, so ignoring this injection for [class com.baomidou.mybatisplus.core.injector.methods.Insert]
2026-08-26T13:28:49.578+08:00 WARN  c.b.m.c.injector.methods.SelectList : [com.reservation.mapper.BookingMapper.selectList] Has been loaded by XML or SqlProvider or Mybatis's Annotation, so ignoring this injection for [class com.baomidou.mybatisplus.core.injector.methods.SelectList]
2026-08-26T13:28:49.582+08:00 WARN  c.b.m.c.injector.methods.SelectById : [com.reservation.mapper.BookingMapper.selectById] Has been loaded by XML or SqlProvider or Mybatis's Annotation, so ignoring this injection for [class com.baomidou.mybatisplus.core.injector.methods.SelectById]
2026-08-26T13:28:49.629+08:00 WARN  c.b.m.core.injector.methods.Update : [com.reservation.mapper.CourseScheduleMapper.update] Has been loaded by XML or SqlProvider or Mybatis's Annotation, so ignoring this injection for [class com.baomidou.mybatisplus.core.injector.methods.Update]
2026-08-26T13:28:50.449+08:00 WARN  o.s.b.a.s.s.UserDetailsServiceAutoConfiguration : 

Using generated security password: 8bc6849f-812f-4662-9ab8-bad4e9216072

This generated password is for development use only. Your security configuration must be updated before running your application in production.

2026-08-26T13:28:50.463+08:00 INFO  o.s.s.c.a.a.c.InitializeUserDetailsBeanManagerConfigurer$InitializeUserDetailsManagerConfigurer : Global AuthenticationManager configured with UserDetailsService bean with name inMemoryUserDetailsManager
2026-08-26T13:28:50.507+08:00 INFO  o.s.b.a.w.s.WelcomePageHandlerMapping : Adding welcome page: class path resource [static/index.html]
2026-08-26T13:28:51.126+08:00 INFO  o.s.b.d.a.OptionalLiveReloadServer : LiveReload server is running on port 35729
2026-08-26T13:28:51.178+08:00 INFO  o.a.coyote.http11.Http11NioProtocol : Starting ProtocolHandler ["http-nio-8081"]
2026-08-26T13:28:51.217+08:00 INFO  o.s.b.w.e.tomcat.TomcatWebServer : Tomcat started on port 8081 (http) with context path '/'
2026-08-26T13:28:51.236+08:00 INFO  c.r.SpringBootMergeApplication : Started SpringBootMergeApplication in 2.538 seconds (process running for 184.76)
2026-08-26T13:28:51.404+08:00 INFO  o.s.b.d.a.ConditionEvaluationDeltaLoggingListener : Condition evaluation unchanged
2026-08-26T13:28:53.062+08:00 INFO  o.s.b.d.a.LocalDevToolsAutoConfiguration$RestartingClassPathChangeChangedEventListener : Restarting due to 2 class path changes (0 additions, 0 deletions, 2 modifications)
2026-08-26T13:28:53.068+08:00 INFO  o.a.coyote.http11.Http11NioProtocol : Stopping ProtocolHandler ["http-nio-8081"]
2026-08-26T13:28:53.256+08:00 INFO  c.r.SpringBootMergeApplication : Starting SpringBootMergeApplication using Java 21.0.8 with PID 25496 (H:\2026\lesson-appointment\api\target\classes started by Administrator in H:\2026\lesson-appointment\api)
2026-08-26T13:28:53.258+08:00 INFO  c.r.SpringBootMergeApplication : No active profile set, falling back to 1 default profile: "default"
2026-08-26T13:28:53.994+08:00 INFO  o.s.b.w.e.tomcat.TomcatWebServer : Tomcat initialized with port 8081 (http)
2026-08-26T13:28:53.994+08:00 INFO  o.a.coyote.http11.Http11NioProtocol : Initializing ProtocolHandler ["http-nio-8081"]
2026-08-26T13:28:53.995+08:00 INFO  o.a.catalina.core.StandardService : Starting service [Tomcat]
2026-08-26T13:28:53.995+08:00 INFO  o.a.catalina.core.StandardEngine : Starting Servlet engine: [Apache Tomcat/10.1.31]
2026-08-26T13:28:54.024+08:00 INFO  o.a.c.c.C.[Tomcat].[localhost].[/] : Initializing Spring embedded WebApplicationContext
2026-08-26T13:28:54.025+08:00 INFO  o.s.b.w.s.c.ServletWebServerApplicationContext : Root WebApplicationContext: initialization completed in 757 ms
2026-08-26T13:28:54.161+08:00 WARN  c.b.m.core.injector.methods.Insert : [com.reservation.mapper.AuditLogMapper.insert] Has been loaded by XML or SqlProvider or Mybatis's Annotation, so ignoring this injection for [class com.baomidou.mybatisplus.core.injector.methods.Insert]
2026-08-26T13:28:54.187+08:00 WARN  c.b.m.c.injector.methods.SelectList : [com.reservation.mapper.BookingMapper.selectList] Has been loaded by XML or SqlProvider or Mybatis's Annotation, so ignoring this injection for [class com.baomidou.mybatisplus.core.injector.methods.SelectList]
2026-08-26T13:28:54.191+08:00 WARN  c.b.m.c.injector.methods.SelectById : [com.reservation.mapper.BookingMapper.selectById] Has been loaded by XML or SqlProvider or Mybatis's Annotation, so ignoring this injection for [class com.baomidou.mybatisplus.core.injector.methods.SelectById]
2026-08-26T13:28:54.232+08:00 WARN  c.b.m.core.injector.methods.Update : [com.reservation.mapper.CourseScheduleMapper.update] Has been loaded by XML or SqlProvider or Mybatis's Annotation, so ignoring this injection for [class com.baomidou.mybatisplus.core.injector.methods.Update]
2026-08-26T13:28:54.734+08:00 WARN  o.s.b.a.s.s.UserDetailsServiceAutoConfiguration : 

Using generated security password: e408f56f-140e-421e-a261-5ee162a8a1f6

This generated password is for development use only. Your security configuration must be updated before running your application in production.

2026-08-26T13:28:54.736+08:00 INFO  o.s.s.c.a.a.c.InitializeUserDetailsBeanManagerConfigurer$InitializeUserDetailsManagerConfigurer : Global AuthenticationManager configured with UserDetailsService bean with name inMemoryUserDetailsManager
2026-08-26T13:28:54.750+08:00 INFO  o.s.b.a.w.s.WelcomePageHandlerMapping : Adding welcome page: class path resource [static/index.html]
2026-08-26T13:28:54.986+08:00 INFO  o.s.b.d.a.OptionalLiveReloadServer : LiveReload server is running on port 35729
2026-08-26T13:28:55.000+08:00 INFO  o.a.coyote.http11.Http11NioProtocol : Starting ProtocolHandler ["http-nio-8081"]
2026-08-26T13:28:55.017+08:00 INFO  o.s.b.w.e.tomcat.TomcatWebServer : Tomcat started on port 8081 (http) with context path '/'
2026-08-26T13:28:55.022+08:00 INFO  c.r.SpringBootMergeApplication : Started SpringBootMergeApplication in 1.821 seconds (process running for 188.547)
2026-08-26T13:28:55.023+08:00 INFO  o.s.b.d.a.ConditionEvaluationDeltaLoggingListener : Condition evaluation unchanged
2026-08-26T13:30:51.705+08:00 INFO  o.h.validator.internal.util.Version : HV000001: Hibernate Validator 8.0.1.Final
2026-08-26T13:30:51.764+08:00 INFO  c.r.SpringBootMergeApplication : Starting SpringBootMergeApplication using Java 21.0.8 with PID 19124 (H:\2026\lesson-appointment\api\target\classes started by Administrator in H:\2026\lesson-appointment\api)
2026-08-26T13:30:51.765+08:00 INFO  c.r.SpringBootMergeApplication : No active profile set, falling back to 1 default profile: "default"
2026-08-26T13:30:51.834+08:00 INFO  o.s.b.d.e.DevToolsPropertyDefaultsPostProcessor : Devtools property defaults active! Set 'spring.devtools.add-properties' to 'false' to disable
2026-08-26T13:30:51.834+08:00 INFO  o.s.b.d.e.DevToolsPropertyDefaultsPostProcessor : For additional web related logging consider setting the 'logging.level.web' property to 'DEBUG'
2026-08-26T13:30:53.981+08:00 INFO  o.s.b.w.e.tomcat.TomcatWebServer : Tomcat initialized with port 8081 (http)
2026-08-26T13:30:54.003+08:00 INFO  o.a.coyote.http11.Http11NioProtocol : Initializing ProtocolHandler ["http-nio-8081"]
2026-08-26T13:30:54.011+08:00 INFO  o.a.catalina.core.StandardService : Starting service [Tomcat]
2026-08-26T13:30:54.012+08:00 INFO  o.a.catalina.core.StandardEngine : Starting Servlet engine: [Apache Tomcat/10.1.31]
2026-08-26T13:30:54.087+08:00 INFO  o.a.c.c.C.[Tomcat].[localhost].[/] : Initializing Spring embedded WebApplicationContext
2026-08-26T13:30:54.088+08:00 INFO  o.s.b.w.s.c.ServletWebServerApplicationContext : Root WebApplicationContext: initialization completed in 2253 ms
2026-08-26T13:30:54.553+08:00 WARN  c.b.m.core.injector.methods.Insert : [com.reservation.mapper.AuditLogMapper.insert] Has been loaded by XML or SqlProvider or Mybatis's Annotation, so ignoring this injection for [class com.baomidou.mybatisplus.core.injector.methods.Insert]
2026-08-26T13:30:54.606+08:00 WARN  c.b.m.c.injector.methods.SelectList : [com.reservation.mapper.BookingMapper.selectList] Has been loaded by XML or SqlProvider or Mybatis's Annotation, so ignoring this injection for [class com.baomidou.mybatisplus.core.injector.methods.SelectList]
2026-08-26T13:30:54.612+08:00 WARN  c.b.m.c.injector.methods.SelectById : [com.reservation.mapper.BookingMapper.selectById] Has been loaded by XML or SqlProvider or Mybatis's Annotation, so ignoring this injection for [class com.baomidou.mybatisplus.core.injector.methods.SelectById]
2026-08-26T13:30:54.694+08:00 WARN  c.b.m.core.injector.methods.Update : [com.reservation.mapper.CourseScheduleMapper.update] Has been loaded by XML or SqlProvider or Mybatis's Annotation, so ignoring this injection for [class com.baomidou.mybatisplus.core.injector.methods.Update]
2026-08-26T13:30:55.692+08:00 WARN  o.s.b.a.s.s.UserDetailsServiceAutoConfiguration : 

Using generated security password: 3b5095ad-82e7-4b7c-bde4-fc5fe9e3cbae

This generated password is for development use only. Your security configuration must be updated before running your application in production.

2026-08-26T13:30:55.707+08:00 INFO  o.s.s.c.a.a.c.InitializeUserDetailsBeanManagerConfigurer$InitializeUserDetailsManagerConfigurer : Global AuthenticationManager configured with UserDetailsService bean with name inMemoryUserDetailsManager
2026-08-26T13:30:55.798+08:00 INFO  o.s.b.a.w.s.WelcomePageHandlerMapping : Adding welcome page: class path resource [static/index.html]
2026-08-26T13:30:56.475+08:00 INFO  o.s.b.d.a.OptionalLiveReloadServer : LiveReload server is running on port 35729
2026-08-26T13:30:56.494+08:00 INFO  o.a.coyote.http11.Http11NioProtocol : Starting ProtocolHandler ["http-nio-8081"]
2026-08-26T13:30:56.546+08:00 INFO  o.s.b.w.e.tomcat.TomcatWebServer : Tomcat started on port 8081 (http) with context path '/'
2026-08-26T13:30:56.558+08:00 INFO  c.r.SpringBootMergeApplication : Started SpringBootMergeApplication in 5.559 seconds (process running for 6.711)
2026-08-26T13:34:22.892+08:00 INFO  o.a.c.c.C.[Tomcat].[localhost].[/] : Initializing Spring DispatcherServlet 'dispatcherServlet'
2026-08-26T13:34:22.892+08:00 INFO  o.s.web.servlet.DispatcherServlet : Initializing Servlet 'dispatcherServlet'
2026-08-26T13:34:22.894+08:00 INFO  o.s.web.servlet.DispatcherServlet : Completed initialization in 1 ms
2026-08-26T13:34:23.193+08:00 INFO  com.zaxxer.hikari.HikariDataSource : HikariPool-1 - Starting...
2026-08-26T13:34:23.415+08:00 INFO  com.zaxxer.hikari.pool.HikariPool : HikariPool-1 - Added connection com.mysql.cj.jdbc.ConnectionImpl@52d8ef56
2026-08-26T13:34:23.418+08:00 INFO  com.zaxxer.hikari.HikariDataSource : HikariPool-1 - Start completed.
2026-08-26T13:46:39.840+08:00 INFO  com.zaxxer.hikari.HikariDataSource : HikariPool-1 - Shutdown initiated...
2026-08-26T13:46:39.878+08:00 INFO  com.zaxxer.hikari.HikariDataSource : HikariPool-1 - Shutdown completed.
2026-08-26T13:47:16.222+08:00 INFO  o.h.validator.internal.util.Version : HV000001: Hibernate Validator 8.0.1.Final
2026-08-26T13:47:16.338+08:00 INFO  c.r.SpringBootMergeApplication : Starting SpringBootMergeApplication using Java 21.0.8 with PID 7096 (H:\2026\lesson-appointment\api\target\classes started by Administrator in H:\2026\lesson-appointment\api)
2026-08-26T13:47:16.340+08:00 INFO  c.r.SpringBootMergeApplication : No active profile set, falling back to 1 default profile: "default"
2026-08-26T13:47:16.404+08:00 INFO  o.s.b.d.e.DevToolsPropertyDefaultsPostProcessor : Devtools property defaults active! Set 'spring.devtools.add-properties' to 'false' to disable
2026-08-26T13:47:16.404+08:00 INFO  o.s.b.d.e.DevToolsPropertyDefaultsPostProcessor : For additional web related logging consider setting the 'logging.level.web' property to 'DEBUG'
2026-08-26T13:47:18.437+08:00 INFO  o.s.b.w.e.tomcat.TomcatWebServer : Tomcat initialized with port 8081 (http)
2026-08-26T13:47:18.453+08:00 INFO  o.a.coyote.http11.Http11NioProtocol : Initializing ProtocolHandler ["http-nio-8081"]
2026-08-26T13:47:18.459+08:00 INFO  o.a.catalina.core.StandardService : Starting service [Tomcat]
2026-08-26T13:47:18.459+08:00 INFO  o.a.catalina.core.StandardEngine : Starting Servlet engine: [Apache Tomcat/10.1.31]
2026-08-26T13:47:18.528+08:00 INFO  o.a.c.c.C.[Tomcat].[localhost].[/] : Initializing Spring embedded WebApplicationContext
2026-08-26T13:47:18.529+08:00 INFO  o.s.b.w.s.c.ServletWebServerApplicationContext : Root WebApplicationContext: initialization completed in 2123 ms
2026-08-26T13:47:18.967+08:00 WARN  c.b.m.core.injector.methods.Insert : [com.reservation.mapper.AuditLogMapper.insert] Has been loaded by XML or SqlProvider or Mybatis's Annotation, so ignoring this injection for [class com.baomidou.mybatisplus.core.injector.methods.Insert]
2026-08-26T13:47:19.026+08:00 WARN  c.b.m.c.injector.methods.SelectList : [com.reservation.mapper.BookingMapper.selectList] Has been loaded by XML or SqlProvider or Mybatis's Annotation, so ignoring this injection for [class com.baomidou.mybatisplus.core.injector.methods.SelectList]
2026-08-26T13:47:19.030+08:00 WARN  c.b.m.c.injector.methods.SelectById : [com.reservation.mapper.BookingMapper.selectById] Has been loaded by XML or SqlProvider or Mybatis's Annotation, so ignoring this injection for [class com.baomidou.mybatisplus.core.injector.methods.SelectById]
2026-08-26T13:47:19.096+08:00 WARN  c.b.m.core.injector.methods.Update : [com.reservation.mapper.CourseScheduleMapper.update] Has been loaded by XML or SqlProvider or Mybatis's Annotation, so ignoring this injection for [class com.baomidou.mybatisplus.core.injector.methods.Update]
2026-08-26T13:47:19.974+08:00 WARN  o.s.b.a.s.s.UserDetailsServiceAutoConfiguration : 

Using generated security password: 28485115-ca3c-40f0-96b0-bd7f00e6ce7e

This generated password is for development use only. Your security configuration must be updated before running your application in production.

2026-08-26T13:47:19.985+08:00 INFO  o.s.s.c.a.a.c.InitializeUserDetailsBeanManagerConfigurer$InitializeUserDetailsManagerConfigurer : Global AuthenticationManager configured with UserDetailsService bean with name inMemoryUserDetailsManager
2026-08-26T13:47:20.089+08:00 INFO  o.s.b.a.w.s.WelcomePageHandlerMapping : Adding welcome page: class path resource [static/index.html]
2026-08-26T13:47:20.861+08:00 INFO  o.s.b.d.a.OptionalLiveReloadServer : LiveReload server is running on port 35729
2026-08-26T13:47:20.881+08:00 INFO  o.a.coyote.http11.Http11NioProtocol : Starting ProtocolHandler ["http-nio-8081"]
2026-08-26T13:47:20.921+08:00 INFO  o.s.b.w.e.tomcat.TomcatWebServer : Tomcat started on port 8081 (http) with context path '/'
2026-08-26T13:47:20.934+08:00 INFO  c.r.SpringBootMergeApplication : Started SpringBootMergeApplication in 5.679 seconds (process running for 6.427)
2026-08-26T13:47:33.540+08:00 INFO  o.a.c.c.C.[Tomcat].[localhost].[/] : Initializing Spring DispatcherServlet 'dispatcherServlet'
2026-08-26T13:47:33.542+08:00 INFO  o.s.web.servlet.DispatcherServlet : Initializing Servlet 'dispatcherServlet'
2026-08-26T13:47:33.544+08:00 INFO  o.s.web.servlet.DispatcherServlet : Completed initialization in 1 ms
2026-08-26T13:47:34.174+08:00 INFO  com.zaxxer.hikari.HikariDataSource : HikariPool-1 - Starting...
2026-08-26T13:47:34.587+08:00 INFO  com.zaxxer.hikari.pool.HikariPool : HikariPool-1 - Added connection com.mysql.cj.jdbc.ConnectionImpl@4558093
2026-08-26T13:47:34.603+08:00 INFO  com.zaxxer.hikari.HikariDataSource : HikariPool-1 - Start completed.
2026-08-26T13:52:48.624+08:00 INFO  com.zaxxer.hikari.HikariDataSource : HikariPool-1 - Shutdown initiated...
2026-08-26T13:52:48.631+08:00 INFO  com.zaxxer.hikari.HikariDataSource : HikariPool-1 - Shutdown completed.
2026-08-26T13:53:29.773+08:00 INFO  o.h.validator.internal.util.Version : HV000001: Hibernate Validator 8.0.1.Final
2026-08-26T13:53:29.876+08:00 INFO  c.r.SpringBootMergeApplication : Starting SpringBootMergeApplication using Java 21.0.8 with PID 24956 (H:\2026\lesson-appointment\api\target\classes started by Administrator in H:\2026\lesson-appointment\api)
2026-08-26T13:53:29.877+08:00 INFO  c.r.SpringBootMergeApplication : No active profile set, falling back to 1 default profile: "default"
2026-08-26T13:53:29.966+08:00 INFO  o.s.b.d.e.DevToolsPropertyDefaultsPostProcessor : Devtools property defaults active! Set 'spring.devtools.add-properties' to 'false' to disable
2026-08-26T13:53:29.970+08:00 INFO  o.s.b.d.e.DevToolsPropertyDefaultsPostProcessor : For additional web related logging consider setting the 'logging.level.web' property to 'DEBUG'
2026-08-26T13:53:32.652+08:00 INFO  o.s.b.w.e.tomcat.TomcatWebServer : Tomcat initialized with port 8081 (http)
2026-08-26T13:53:32.666+08:00 INFO  o.a.coyote.http11.Http11NioProtocol : Initializing ProtocolHandler ["http-nio-8081"]
2026-08-26T13:53:32.675+08:00 INFO  o.a.catalina.core.StandardService : Starting service [Tomcat]
2026-08-26T13:53:32.675+08:00 INFO  o.a.catalina.core.StandardEngine : Starting Servlet engine: [Apache Tomcat/10.1.31]
2026-08-26T13:53:32.762+08:00 INFO  o.a.c.c.C.[Tomcat].[localhost].[/] : Initializing Spring embedded WebApplicationContext
2026-08-26T13:53:32.763+08:00 INFO  o.s.b.w.s.c.ServletWebServerApplicationContext : Root WebApplicationContext: initialization completed in 2791 ms
2026-08-26T13:53:33.238+08:00 WARN  c.b.m.core.injector.methods.Insert : [com.reservation.mapper.AuditLogMapper.insert] Has been loaded by XML or SqlProvider or Mybatis's Annotation, so ignoring this injection for [class com.baomidou.mybatisplus.core.injector.methods.Insert]
2026-08-26T13:53:33.293+08:00 WARN  c.b.m.c.injector.methods.SelectList : [com.reservation.mapper.BookingMapper.selectList] Has been loaded by XML or SqlProvider or Mybatis's Annotation, so ignoring this injection for [class com.baomidou.mybatisplus.core.injector.methods.SelectList]
2026-08-26T13:53:33.297+08:00 WARN  c.b.m.c.injector.methods.SelectById : [com.reservation.mapper.BookingMapper.selectById] Has been loaded by XML or SqlProvider or Mybatis's Annotation, so ignoring this injection for [class com.baomidou.mybatisplus.core.injector.methods.SelectById]
2026-08-26T13:53:33.372+08:00 WARN  c.b.m.core.injector.methods.Update : [com.reservation.mapper.CourseScheduleMapper.update] Has been loaded by XML or SqlProvider or Mybatis's Annotation, so ignoring this injection for [class com.baomidou.mybatisplus.core.injector.methods.Update]
2026-08-26T13:53:34.329+08:00 WARN  o.s.b.a.s.s.UserDetailsServiceAutoConfiguration : 

Using generated security password: 32054997-53da-4d47-83b0-2cdb5af95e40

This generated password is for development use only. Your security configuration must be updated before running your application in production.

2026-08-26T13:53:34.343+08:00 INFO  o.s.s.c.a.a.c.InitializeUserDetailsBeanManagerConfigurer$InitializeUserDetailsManagerConfigurer : Global AuthenticationManager configured with UserDetailsService bean with name inMemoryUserDetailsManager
2026-08-26T13:53:34.434+08:00 INFO  o.s.b.a.w.s.WelcomePageHandlerMapping : Adding welcome page: class path resource [static/index.html]
2026-08-26T13:53:35.131+08:00 INFO  o.s.b.d.a.OptionalLiveReloadServer : LiveReload server is running on port 35729
2026-08-26T13:53:35.149+08:00 INFO  o.a.coyote.http11.Http11NioProtocol : Starting ProtocolHandler ["http-nio-8081"]
2026-08-26T13:53:35.191+08:00 INFO  o.s.b.w.e.tomcat.TomcatWebServer : Tomcat started on port 8081 (http) with context path '/'
2026-08-26T13:53:35.202+08:00 INFO  c.r.SpringBootMergeApplication : Started SpringBootMergeApplication in 6.966 seconds (process running for 8.304)
2026-08-26T13:53:44.376+08:00 INFO  o.a.c.c.C.[Tomcat].[localhost].[/] : Initializing Spring DispatcherServlet 'dispatcherServlet'
2026-08-26T13:53:44.377+08:00 INFO  o.s.web.servlet.DispatcherServlet : Initializing Servlet 'dispatcherServlet'
2026-08-26T13:53:44.379+08:00 INFO  o.s.web.servlet.DispatcherServlet : Completed initialization in 2 ms
2026-08-26T13:54:50.917+08:00 INFO  com.zaxxer.hikari.HikariDataSource : HikariPool-1 - Starting...
2026-08-26T13:54:51.232+08:00 INFO  com.zaxxer.hikari.pool.HikariPool : HikariPool-1 - Added connection com.mysql.cj.jdbc.ConnectionImpl@2a0ae922
2026-08-26T13:54:51.237+08:00 INFO  com.zaxxer.hikari.HikariDataSource : HikariPool-1 - Start completed.
2026-08-26T14:03:35.747+08:00 INFO  com.zaxxer.hikari.HikariDataSource : HikariPool-1 - Shutdown initiated...
2026-08-26T14:03:35.756+08:00 INFO  com.zaxxer.hikari.HikariDataSource : HikariPool-1 - Shutdown completed.
2026-08-26T14:04:10.505+08:00 INFO  o.h.validator.internal.util.Version : HV000001: Hibernate Validator 8.0.1.Final
2026-08-26T14:04:10.561+08:00 INFO  c.r.SpringBootMergeApplication : Starting SpringBootMergeApplication using Java 21.0.8 with PID 14088 (H:\2026\lesson-appointment\api\target\classes started by Administrator in H:\2026\lesson-appointment\api)
2026-08-26T14:04:10.562+08:00 INFO  c.r.SpringBootMergeApplication : No active profile set, falling back to 1 default profile: "default"
2026-08-26T14:04:10.633+08:00 INFO  o.s.b.d.e.DevToolsPropertyDefaultsPostProcessor : Devtools property defaults active! Set 'spring.devtools.add-properties' to 'false' to disable
2026-08-26T14:04:10.634+08:00 INFO  o.s.b.d.e.DevToolsPropertyDefaultsPostProcessor : For additional web related logging consider setting the 'logging.level.web' property to 'DEBUG'
2026-08-26T14:04:12.635+08:00 INFO  o.s.b.w.e.tomcat.TomcatWebServer : Tomcat initialized with port 8081 (http)
2026-08-26T14:04:12.649+08:00 INFO  o.a.coyote.http11.Http11NioProtocol : Initializing ProtocolHandler ["http-nio-8081"]
2026-08-26T14:04:12.656+08:00 INFO  o.a.catalina.core.StandardService : Starting service [Tomcat]
2026-08-26T14:04:12.656+08:00 INFO  o.a.catalina.core.StandardEngine : Starting Servlet engine: [Apache Tomcat/10.1.31]
2026-08-26T14:04:12.723+08:00 INFO  o.a.c.c.C.[Tomcat].[localhost].[/] : Initializing Spring embedded WebApplicationContext
2026-08-26T14:04:12.723+08:00 INFO  o.s.b.w.s.c.ServletWebServerApplicationContext : Root WebApplicationContext: initialization completed in 2089 ms
2026-08-26T14:04:13.182+08:00 WARN  c.b.m.core.injector.methods.Insert : [com.reservation.mapper.AuditLogMapper.insert] Has been loaded by XML or SqlProvider or Mybatis's Annotation, so ignoring this injection for [class com.baomidou.mybatisplus.core.injector.methods.Insert]
2026-08-26T14:04:13.254+08:00 WARN  c.b.m.c.injector.methods.SelectList : [com.reservation.mapper.BookingMapper.selectList] Has been loaded by XML or SqlProvider or Mybatis's Annotation, so ignoring this injection for [class com.baomidou.mybatisplus.core.injector.methods.SelectList]
2026-08-26T14:04:13.257+08:00 WARN  c.b.m.c.injector.methods.SelectById : [com.reservation.mapper.BookingMapper.selectById] Has been loaded by XML or SqlProvider or Mybatis's Annotation, so ignoring this injection for [class com.baomidou.mybatisplus.core.injector.methods.SelectById]
2026-08-26T14:04:13.333+08:00 WARN  c.b.m.core.injector.methods.Update : [com.reservation.mapper.CourseScheduleMapper.update] Has been loaded by XML or SqlProvider or Mybatis's Annotation, so ignoring this injection for [class com.baomidou.mybatisplus.core.injector.methods.Update]
2026-08-26T14:04:14.253+08:00 WARN  o.s.b.a.s.s.UserDetailsServiceAutoConfiguration : 

Using generated security password: cc0e4d4b-f2e8-4f27-8243-83b2438ca65c

This generated password is for development use only. Your security configuration must be updated before running your application in production.

2026-08-26T14:04:14.264+08:00 INFO  o.s.s.c.a.a.c.InitializeUserDetailsBeanManagerConfigurer$InitializeUserDetailsManagerConfigurer : Global AuthenticationManager configured with UserDetailsService bean with name inMemoryUserDetailsManager
2026-08-26T14:04:14.347+08:00 INFO  o.s.b.a.w.s.WelcomePageHandlerMapping : Adding welcome page: class path resource [static/index.html]
2026-08-26T14:04:14.988+08:00 INFO  o.s.b.d.a.OptionalLiveReloadServer : LiveReload server is running on port 35729
2026-08-26T14:04:15.007+08:00 INFO  o.a.coyote.http11.Http11NioProtocol : Starting ProtocolHandler ["http-nio-8081"]
2026-08-26T14:04:15.036+08:00 INFO  o.s.b.w.e.tomcat.TomcatWebServer : Tomcat started on port 8081 (http) with context path '/'
2026-08-26T14:04:15.051+08:00 INFO  c.r.SpringBootMergeApplication : Started SpringBootMergeApplication in 5.385 seconds (process running for 6.095)
2026-08-26T14:04:46.378+08:00 INFO  o.a.c.c.C.[Tomcat].[localhost].[/] : Initializing Spring DispatcherServlet 'dispatcherServlet'
2026-08-26T14:04:46.378+08:00 INFO  o.s.web.servlet.DispatcherServlet : Initializing Servlet 'dispatcherServlet'
2026-08-26T14:04:46.380+08:00 INFO  o.s.web.servlet.DispatcherServlet : Completed initialization in 2 ms
2026-08-26T14:04:47.363+08:00 INFO  com.zaxxer.hikari.HikariDataSource : HikariPool-1 - Starting...
2026-08-26T14:04:47.642+08:00 INFO  com.zaxxer.hikari.pool.HikariPool : HikariPool-1 - Added connection com.mysql.cj.jdbc.ConnectionImpl@4bba17a6
2026-08-26T14:04:47.645+08:00 INFO  com.zaxxer.hikari.HikariDataSource : HikariPool-1 - Start completed.
2026-08-26T14:07:11.756+08:00 INFO  com.zaxxer.hikari.HikariDataSource : HikariPool-1 - Shutdown initiated...
2026-08-26T14:07:11.763+08:00 INFO  com.zaxxer.hikari.HikariDataSource : HikariPool-1 - Shutdown completed.
2026-08-26T14:07:48.665+08:00 INFO  o.h.validator.internal.util.Version : HV000001: Hibernate Validator 8.0.1.Final
2026-08-26T14:07:48.742+08:00 INFO  c.r.SpringBootMergeApplication : Starting SpringBootMergeApplication using Java 21.0.8 with PID 18212 (H:\2026\lesson-appointment\api\target\classes started by Administrator in H:\2026\lesson-appointment\api)
2026-08-26T14:07:48.744+08:00 INFO  c.r.SpringBootMergeApplication : No active profile set, falling back to 1 default profile: "default"
2026-08-26T14:07:48.852+08:00 INFO  o.s.b.d.e.DevToolsPropertyDefaultsPostProcessor : Devtools property defaults active! Set 'spring.devtools.add-properties' to 'false' to disable
2026-08-26T14:07:48.855+08:00 INFO  o.s.b.d.e.DevToolsPropertyDefaultsPostProcessor : For additional web related logging consider setting the 'logging.level.web' property to 'DEBUG'
2026-08-26T14:07:51.191+08:00 INFO  o.s.b.w.e.tomcat.TomcatWebServer : Tomcat initialized with port 8081 (http)
2026-08-26T14:07:51.207+08:00 INFO  o.a.coyote.http11.Http11NioProtocol : Initializing ProtocolHandler ["http-nio-8081"]
2026-08-26T14:07:51.214+08:00 INFO  o.a.catalina.core.StandardService : Starting service [Tomcat]
2026-08-26T14:07:51.215+08:00 INFO  o.a.catalina.core.StandardEngine : Starting Servlet engine: [Apache Tomcat/10.1.31]
2026-08-26T14:07:51.295+08:00 INFO  o.a.c.c.C.[Tomcat].[localhost].[/] : Initializing Spring embedded WebApplicationContext
2026-08-26T14:07:51.296+08:00 INFO  o.s.b.w.s.c.ServletWebServerApplicationContext : Root WebApplicationContext: initialization completed in 2436 ms
2026-08-26T14:07:51.725+08:00 WARN  c.b.m.core.injector.methods.Insert : [com.reservation.mapper.AuditLogMapper.insert] Has been loaded by XML or SqlProvider or Mybatis's Annotation, so ignoring this injection for [class com.baomidou.mybatisplus.core.injector.methods.Insert]
2026-08-26T14:07:51.778+08:00 WARN  c.b.m.c.injector.methods.SelectList : [com.reservation.mapper.BookingMapper.selectList] Has been loaded by XML or SqlProvider or Mybatis's Annotation, so ignoring this injection for [class com.baomidou.mybatisplus.core.injector.methods.SelectList]
2026-08-26T14:07:51.782+08:00 WARN  c.b.m.c.injector.methods.SelectById : [com.reservation.mapper.BookingMapper.selectById] Has been loaded by XML or SqlProvider or Mybatis's Annotation, so ignoring this injection for [class com.baomidou.mybatisplus.core.injector.methods.SelectById]
2026-08-26T14:07:51.849+08:00 WARN  c.b.m.core.injector.methods.Update : [com.reservation.mapper.CourseScheduleMapper.update] Has been loaded by XML or SqlProvider or Mybatis's Annotation, so ignoring this injection for [class com.baomidou.mybatisplus.core.injector.methods.Update]
2026-08-26T14:07:52.702+08:00 WARN  o.s.b.a.s.s.UserDetailsServiceAutoConfiguration : 

Using generated security password: 076c777e-0f9f-4f57-8662-038f8ba8f6b3

This generated password is for development use only. Your security configuration must be updated before running your application in production.

2026-08-26T14:07:52.712+08:00 INFO  o.s.s.c.a.a.c.InitializeUserDetailsBeanManagerConfigurer$InitializeUserDetailsManagerConfigurer : Global AuthenticationManager configured with UserDetailsService bean with name inMemoryUserDetailsManager
2026-08-26T14:07:52.802+08:00 INFO  o.s.b.a.w.s.WelcomePageHandlerMapping : Adding welcome page: class path resource [static/index.html]
2026-08-26T14:07:53.462+08:00 INFO  o.s.b.d.a.OptionalLiveReloadServer : LiveReload server is running on port 35729
2026-08-26T14:07:53.479+08:00 INFO  o.a.coyote.http11.Http11NioProtocol : Starting ProtocolHandler ["http-nio-8081"]
2026-08-26T14:07:53.521+08:00 INFO  o.s.b.w.e.tomcat.TomcatWebServer : Tomcat started on port 8081 (http) with context path '/'
2026-08-26T14:07:53.534+08:00 INFO  c.r.SpringBootMergeApplication : Started SpringBootMergeApplication in 5.672 seconds (process running for 6.369)
2026-08-26T14:09:15.716+08:00 INFO  o.a.c.c.C.[Tomcat].[localhost].[/] : Initializing Spring DispatcherServlet 'dispatcherServlet'
2026-08-26T14:09:15.717+08:00 INFO  o.s.web.servlet.DispatcherServlet : Initializing Servlet 'dispatcherServlet'
2026-08-26T14:09:15.723+08:00 INFO  o.s.web.servlet.DispatcherServlet : Completed initialization in 3 ms
2026-08-26T14:09:16.416+08:00 INFO  com.zaxxer.hikari.HikariDataSource : HikariPool-1 - Starting...
2026-08-26T14:09:16.749+08:00 INFO  com.zaxxer.hikari.pool.HikariPool : HikariPool-1 - Added connection com.mysql.cj.jdbc.ConnectionImpl@13d6a4ad
2026-08-26T14:09:16.752+08:00 INFO  com.zaxxer.hikari.HikariDataSource : HikariPool-1 - Start completed.
2026-08-26T14:13:10.385+08:00 INFO  com.zaxxer.hikari.HikariDataSource : HikariPool-1 - Shutdown initiated...
2026-08-26T14:13:10.400+08:00 INFO  com.zaxxer.hikari.HikariDataSource : HikariPool-1 - Shutdown completed.
2026-08-26T14:13:46.669+08:00 INFO  o.h.validator.internal.util.Version : HV000001: Hibernate Validator 8.0.1.Final
2026-08-26T14:13:46.730+08:00 INFO  c.r.SpringBootMergeApplication : Starting SpringBootMergeApplication using Java 21.0.8 with PID 9740 (H:\2026\lesson-appointment\api\target\classes started by Administrator in H:\2026\lesson-appointment\api)
2026-08-26T14:13:46.732+08:00 INFO  c.r.SpringBootMergeApplication : No active profile set, falling back to 1 default profile: "default"
2026-08-26T14:13:46.799+08:00 INFO  o.s.b.d.e.DevToolsPropertyDefaultsPostProcessor : Devtools property defaults active! Set 'spring.devtools.add-properties' to 'false' to disable
2026-08-26T14:13:46.800+08:00 INFO  o.s.b.d.e.DevToolsPropertyDefaultsPostProcessor : For additional web related logging consider setting the 'logging.level.web' property to 'DEBUG'
2026-08-26T14:13:48.907+08:00 INFO  o.s.b.w.e.tomcat.TomcatWebServer : Tomcat initialized with port 8081 (http)
2026-08-26T14:13:48.920+08:00 INFO  o.a.coyote.http11.Http11NioProtocol : Initializing ProtocolHandler ["http-nio-8081"]
2026-08-26T14:13:48.928+08:00 INFO  o.a.catalina.core.StandardService : Starting service [Tomcat]
2026-08-26T14:13:48.929+08:00 INFO  o.a.catalina.core.StandardEngine : Starting Servlet engine: [Apache Tomcat/10.1.31]
2026-08-26T14:13:48.997+08:00 INFO  o.a.c.c.C.[Tomcat].[localhost].[/] : Initializing Spring embedded WebApplicationContext
2026-08-26T14:13:48.998+08:00 INFO  o.s.b.w.s.c.ServletWebServerApplicationContext : Root WebApplicationContext: initialization completed in 2197 ms
2026-08-26T14:13:49.494+08:00 WARN  c.b.m.core.injector.methods.Insert : [com.reservation.mapper.AuditLogMapper.insert] Has been loaded by XML or SqlProvider or Mybatis's Annotation, so ignoring this injection for [class com.baomidou.mybatisplus.core.injector.methods.Insert]
2026-08-26T14:13:49.545+08:00 WARN  c.b.m.c.injector.methods.SelectList : [com.reservation.mapper.BookingMapper.selectList] Has been loaded by XML or SqlProvider or Mybatis's Annotation, so ignoring this injection for [class com.baomidou.mybatisplus.core.injector.methods.SelectList]
2026-08-26T14:13:49.552+08:00 WARN  c.b.m.c.injector.methods.SelectById : [com.reservation.mapper.BookingMapper.selectById] Has been loaded by XML or SqlProvider or Mybatis's Annotation, so ignoring this injection for [class com.baomidou.mybatisplus.core.injector.methods.SelectById]
2026-08-26T14:13:49.612+08:00 WARN  c.b.m.core.injector.methods.Update : [com.reservation.mapper.CourseScheduleMapper.update] Has been loaded by XML or SqlProvider or Mybatis's Annotation, so ignoring this injection for [class com.baomidou.mybatisplus.core.injector.methods.Update]
2026-08-26T14:13:50.470+08:00 WARN  o.s.b.a.s.s.UserDetailsServiceAutoConfiguration : 

Using generated security password: 2c848b4c-1285-4493-847c-065fb7c84711

This generated password is for development use only. Your security configuration must be updated before running your application in production.

2026-08-26T14:13:50.481+08:00 INFO  o.s.s.c.a.a.c.InitializeUserDetailsBeanManagerConfigurer$InitializeUserDetailsManagerConfigurer : Global AuthenticationManager configured with UserDetailsService bean with name inMemoryUserDetailsManager
2026-08-26T14:13:50.561+08:00 INFO  o.s.b.a.w.s.WelcomePageHandlerMapping : Adding welcome page: class path resource [static/index.html]
2026-08-26T14:13:51.209+08:00 INFO  o.s.b.d.a.OptionalLiveReloadServer : LiveReload server is running on port 35729
2026-08-26T14:13:51.228+08:00 INFO  o.a.coyote.http11.Http11NioProtocol : Starting ProtocolHandler ["http-nio-8081"]
2026-08-26T14:13:51.265+08:00 INFO  o.s.b.w.e.tomcat.TomcatWebServer : Tomcat started on port 8081 (http) with context path '/'
2026-08-26T14:13:51.279+08:00 INFO  c.r.SpringBootMergeApplication : Started SpringBootMergeApplication in 5.266 seconds (process running for 5.932)
2026-08-26T14:14:28.384+08:00 INFO  o.a.c.c.C.[Tomcat].[localhost].[/] : Initializing Spring DispatcherServlet 'dispatcherServlet'
2026-08-26T14:14:28.384+08:00 INFO  o.s.web.servlet.DispatcherServlet : Initializing Servlet 'dispatcherServlet'
2026-08-26T14:14:28.386+08:00 INFO  o.s.web.servlet.DispatcherServlet : Completed initialization in 1 ms
2026-08-26T14:14:28.995+08:00 INFO  com.zaxxer.hikari.HikariDataSource : HikariPool-1 - Starting...
2026-08-26T14:14:29.373+08:00 INFO  com.zaxxer.hikari.pool.HikariPool : HikariPool-1 - Added connection com.mysql.cj.jdbc.ConnectionImpl@77a08dca
2026-08-26T14:14:29.388+08:00 INFO  com.zaxxer.hikari.HikariDataSource : HikariPool-1 - Start completed.
2026-08-26T14:18:17.385+08:00 INFO  com.zaxxer.hikari.HikariDataSource : HikariPool-1 - Shutdown initiated...
2026-08-26T14:18:17.394+08:00 INFO  com.zaxxer.hikari.HikariDataSource : HikariPool-1 - Shutdown completed.
2026-08-26T14:18:53.054+08:00 INFO  o.h.validator.internal.util.Version : HV000001: Hibernate Validator 8.0.1.Final
2026-08-26T14:18:53.144+08:00 INFO  c.r.SpringBootMergeApplication : Starting SpringBootMergeApplication using Java 21.0.8 with PID 23152 (H:\2026\lesson-appointment\api\target\classes started by Administrator in H:\2026\lesson-appointment\api)
2026-08-26T14:18:53.152+08:00 INFO  c.r.SpringBootMergeApplication : No active profile set, falling back to 1 default profile: "default"
2026-08-26T14:18:53.258+08:00 INFO  o.s.b.d.e.DevToolsPropertyDefaultsPostProcessor : Devtools property defaults active! Set 'spring.devtools.add-properties' to 'false' to disable
2026-08-26T14:18:53.259+08:00 INFO  o.s.b.d.e.DevToolsPropertyDefaultsPostProcessor : For additional web related logging consider setting the 'logging.level.web' property to 'DEBUG'
2026-08-26T14:18:55.477+08:00 INFO  o.s.b.w.e.tomcat.TomcatWebServer : Tomcat initialized with port 8081 (http)
2026-08-26T14:18:55.490+08:00 INFO  o.a.coyote.http11.Http11NioProtocol : Initializing ProtocolHandler ["http-nio-8081"]
2026-08-26T14:18:55.498+08:00 INFO  o.a.catalina.core.StandardService : Starting service [Tomcat]
2026-08-26T14:18:55.499+08:00 INFO  o.a.catalina.core.StandardEngine : Starting Servlet engine: [Apache Tomcat/10.1.31]
2026-08-26T14:18:55.564+08:00 INFO  o.a.c.c.C.[Tomcat].[localhost].[/] : Initializing Spring embedded WebApplicationContext
2026-08-26T14:18:55.564+08:00 INFO  o.s.b.w.s.c.ServletWebServerApplicationContext : Root WebApplicationContext: initialization completed in 2295 ms
2026-08-26T14:18:56.008+08:00 WARN  c.b.m.core.injector.methods.Insert : [com.reservation.mapper.AuditLogMapper.insert] Has been loaded by XML or SqlProvider or Mybatis's Annotation, so ignoring this injection for [class com.baomidou.mybatisplus.core.injector.methods.Insert]
2026-08-26T14:18:56.064+08:00 WARN  c.b.m.c.injector.methods.SelectList : [com.reservation.mapper.BookingMapper.selectList] Has been loaded by XML or SqlProvider or Mybatis's Annotation, so ignoring this injection for [class com.baomidou.mybatisplus.core.injector.methods.SelectList]
2026-08-26T14:18:56.066+08:00 WARN  c.b.m.c.injector.methods.SelectById : [com.reservation.mapper.BookingMapper.selectById] Has been loaded by XML or SqlProvider or Mybatis's Annotation, so ignoring this injection for [class com.baomidou.mybatisplus.core.injector.methods.SelectById]
2026-08-26T14:18:56.125+08:00 WARN  c.b.m.core.injector.methods.Update : [com.reservation.mapper.CourseScheduleMapper.update] Has been loaded by XML or SqlProvider or Mybatis's Annotation, so ignoring this injection for [class com.baomidou.mybatisplus.core.injector.methods.Update]
2026-08-26T14:18:56.970+08:00 WARN  o.s.b.a.s.s.UserDetailsServiceAutoConfiguration : 

Using generated security password: 86a2faf6-6774-486d-b7b7-ab1fc11c1971

This generated password is for development use only. Your security configuration must be updated before running your application in production.

2026-08-26T14:18:56.980+08:00 INFO  o.s.s.c.a.a.c.InitializeUserDetailsBeanManagerConfigurer$InitializeUserDetailsManagerConfigurer : Global AuthenticationManager configured with UserDetailsService bean with name inMemoryUserDetailsManager
2026-08-26T14:18:57.081+08:00 INFO  o.s.b.a.w.s.WelcomePageHandlerMapping : Adding welcome page: class path resource [static/index.html]
2026-08-26T14:18:57.757+08:00 INFO  o.s.b.d.a.OptionalLiveReloadServer : LiveReload server is running on port 35729
2026-08-26T14:18:57.774+08:00 INFO  o.a.coyote.http11.Http11NioProtocol : Starting ProtocolHandler ["http-nio-8081"]
2026-08-26T14:18:57.808+08:00 INFO  o.s.b.w.e.tomcat.TomcatWebServer : Tomcat started on port 8081 (http) with context path '/'
2026-08-26T14:18:57.820+08:00 INFO  c.r.SpringBootMergeApplication : Started SpringBootMergeApplication in 5.739 seconds (process running for 6.3)
2026-08-26T14:20:19.794+08:00 INFO  o.a.c.c.C.[Tomcat].[localhost].[/] : Initializing Spring DispatcherServlet 'dispatcherServlet'
2026-08-26T14:20:19.795+08:00 INFO  o.s.web.servlet.DispatcherServlet : Initializing Servlet 'dispatcherServlet'
2026-08-26T14:20:19.797+08:00 INFO  o.s.web.servlet.DispatcherServlet : Completed initialization in 1 ms
2026-08-26T14:20:20.815+08:00 INFO  com.zaxxer.hikari.HikariDataSource : HikariPool-1 - Starting...
2026-08-26T14:20:21.106+08:00 INFO  com.zaxxer.hikari.pool.HikariPool : HikariPool-1 - Added connection com.mysql.cj.jdbc.ConnectionImpl@154557eb
2026-08-26T14:20:21.108+08:00 INFO  com.zaxxer.hikari.HikariDataSource : HikariPool-1 - Start completed.
2026-08-26T14:21:18.533+08:00 INFO  o.s.b.d.a.LocalDevToolsAutoConfiguration$RestartingClassPathChangeChangedEventListener : Restarting due to 3 class path changes (0 additions, 0 deletions, 3 modifications)
2026-08-26T14:21:18.614+08:00 INFO  o.a.coyote.http11.Http11NioProtocol : Stopping ProtocolHandler ["http-nio-8081"]
2026-08-26T14:21:18.670+08:00 INFO  com.zaxxer.hikari.HikariDataSource : HikariPool-1 - Shutdown initiated...
2026-08-26T14:21:18.737+08:00 INFO  com.zaxxer.hikari.HikariDataSource : HikariPool-1 - Shutdown completed.
2026-08-26T14:21:19.119+08:00 INFO  c.r.SpringBootMergeApplication : Starting SpringBootMergeApplication using Java 21.0.8 with PID 23152 (H:\2026\lesson-appointment\api\target\classes started by Administrator in H:\2026\lesson-appointment\api)
2026-08-26T14:21:19.125+08:00 INFO  c.r.SpringBootMergeApplication : No active profile set, falling back to 1 default profile: "default"
2026-08-26T14:21:19.939+08:00 INFO  o.s.b.w.e.tomcat.TomcatWebServer : Tomcat initialized with port 8081 (http)
2026-08-26T14:21:19.941+08:00 INFO  o.a.coyote.http11.Http11NioProtocol : Initializing ProtocolHandler ["http-nio-8081"]
2026-08-26T14:21:19.951+08:00 INFO  o.a.catalina.core.StandardService : Starting service [Tomcat]
2026-08-26T14:21:19.953+08:00 INFO  o.a.catalina.core.StandardEngine : Starting Servlet engine: [Apache Tomcat/10.1.31]
2026-08-26T14:21:19.985+08:00 INFO  o.a.c.c.C.[Tomcat].[localhost].[/] : Initializing Spring embedded WebApplicationContext
2026-08-26T14:21:19.994+08:00 INFO  o.s.b.w.s.c.ServletWebServerApplicationContext : Root WebApplicationContext: initialization completed in 855 ms
2026-08-26T14:21:20.011+08:00 ERROR o.s.b.w.e.tomcat.TomcatStarter : Error starting Tomcat context. Exception: org.springframework.beans.factory.BeanCreationException. Message: Error creating bean with name 'jwtAuthenticationFilter': Lookup method resolution failed
2026-08-26T14:21:20.024+08:00 INFO  o.a.catalina.core.StandardService : Stopping service [Tomcat]
2026-08-26T14:21:20.043+08:00 WARN  o.s.b.w.s.c.AnnotationConfigServletWebServerApplicationContext : Exception encountered during context initialization - cancelling refresh attempt: org.springframework.context.ApplicationContextException: Unable to start web server
2026-08-26T14:21:20.057+08:00 INFO  o.s.b.a.l.ConditionEvaluationReportLogger : 

Error starting ApplicationContext. To display the condition evaluation report re-run your application with 'debug' enabled.
2026-08-26T14:21:20.121+08:00 ERROR o.s.boot.SpringApplication : Application run failed
org.springframework.context.ApplicationContextException: Unable to start web server
	at org.springframework.boot.web.servlet.context.ServletWebServerApplicationContext.onRefresh(ServletWebServerApplicationContext.java:165)
	at org.springframework.context.support.AbstractApplicationContext.refresh(AbstractApplicationContext.java:619)
	at org.springframework.boot.web.servlet.context.ServletWebServerApplicationContext.refresh(ServletWebServerApplicationContext.java:146)
	at org.springframework.boot.SpringApplication.refresh(SpringApplication.java:754)
	at org.springframework.boot.SpringApplication.refreshContext(SpringApplication.java:456)
	at org.springframework.boot.SpringApplication.run(SpringApplication.java:335)
	at org.springframework.boot.SpringApplication.run(SpringApplication.java:1363)
	at org.springframework.boot.SpringApplication.run(SpringApplication.java:1352)
	at com.reservation.SpringBootMergeApplication.main(SpringBootMergeApplication.java:21)
	at java.base/jdk.internal.reflect.DirectMethodHandleAccessor.invoke(DirectMethodHandleAccessor.java:103)
	at java.base/java.lang.reflect.Method.invoke(Method.java:580)
	at org.springframework.boot.devtools.restart.RestartLauncher.run(RestartLauncher.java:50)
Caused by: org.springframework.boot.web.server.WebServerException: Unable to start embedded Tomcat
	at org.springframework.boot.web.embedded.tomcat.TomcatWebServer.initialize(TomcatWebServer.java:147)
	at org.springframework.boot.web.embedded.tomcat.TomcatWebServer.<init>(TomcatWebServer.java:107)
	at org.springframework.boot.web.embedded.tomcat.TomcatServletWebServerFactory.getTomcatWebServer(TomcatServletWebServerFactory.java:516)
	at org.springframework.boot.web.embedded.tomcat.TomcatServletWebServerFactory.getWebServer(TomcatServletWebServerFactory.java:222)
	at org.springframework.boot.web.servlet.context.ServletWebServerApplicationContext.createWebServer(ServletWebServerApplicationContext.java:188)
	at org.springframework.boot.web.servlet.context.ServletWebServerApplicationContext.onRefresh(ServletWebServerApplicationContext.java:162)
	... 11 common frames omitted
Caused by: org.springframework.beans.factory.BeanCreationException: Error creating bean with name 'jwtAuthenticationFilter': Lookup method resolution failed
	at org.springframework.beans.factory.annotation.AutowiredAnnotationBeanPostProcessor.checkLookupMethods(AutowiredAnnotationBeanPostProcessor.java:498)
	at org.springframework.beans.factory.annotation.AutowiredAnnotationBeanPostProcessor.determineCandidateConstructors(AutowiredAnnotationBeanPostProcessor.java:368)
	at org.springframework.beans.factory.support.AbstractAutowireCapableBeanFactory.determineConstructorsFromBeanPostProcessors(AbstractAutowireCapableBeanFactory.java:1314)
	at org.springframework.beans.factory.support.AbstractAutowireCapableBeanFactory.createBeanInstance(AbstractAutowireCapableBeanFactory.java:1209)
	at org.springframework.beans.factory.support.AbstractAutowireCapableBeanFactory.doCreateBean(AbstractAutowireCapableBeanFactory.java:562)
	at org.springframework.beans.factory.support.AbstractAutowireCapableBeanFactory.createBean(AbstractAutowireCapableBeanFactory.java:522)
	at org.springframework.beans.factory.support.AbstractBeanFactory.lambda$doGetBean$0(AbstractBeanFactory.java:337)
	at org.springframework.beans.factory.support.DefaultSingletonBeanRegistry.getSingleton(DefaultSingletonBeanRegistry.java:234)
	at org.springframework.beans.factory.support.AbstractBeanFactory.doGetBean(AbstractBeanFactory.java:335)
	at org.springframework.beans.factory.support.AbstractBeanFactory.getBean(AbstractBeanFactory.java:205)
	at org.springframework.boot.web.servlet.ServletContextInitializerBeans.getOrderedBeansOfType(ServletContextInitializerBeans.java:211)
	at org.springframework.boot.web.servlet.ServletContextInitializerBeans.addAsRegistrationBean(ServletContextInitializerBeans.java:174)
	at org.springframework.boot.web.servlet.ServletContextInitializerBeans.addAsRegistrationBean(ServletContextInitializerBeans.java:169)
	at org.springframework.boot.web.servlet.ServletContextInitializerBeans.addAdaptableBeans(ServletContextInitializerBeans.java:154)
	at org.springframework.boot.web.servlet.ServletContextInitializerBeans.<init>(ServletContextInitializerBeans.java:87)
	at org.springframework.boot.web.servlet.context.ServletWebServerApplicationContext.getServletContextInitializerBeans(ServletWebServerApplicationContext.java:266)
	at org.springframework.boot.web.servlet.context.ServletWebServerApplicationContext.selfInitialize(ServletWebServerApplicationContext.java:240)
	at org.springframework.boot.web.embedded.tomcat.TomcatStarter.onStartup(TomcatStarter.java:52)
	at org.apache.catalina.core.StandardContext.startInternal(StandardContext.java:4412)
	at org.apache.catalina.util.LifecycleBase.start(LifecycleBase.java:164)
	at org.apache.catalina.core.ContainerBase$StartChild.call(ContainerBase.java:1203)
	at org.apache.catalina.core.ContainerBase$StartChild.call(ContainerBase.java:1193)
	at java.base/java.util.concurrent.FutureTask.run(FutureTask.java:317)
	at org.apache.tomcat.util.threads.InlineExecutorService.execute(InlineExecutorService.java:75)
	at java.base/java.util.concurrent.AbstractExecutorService.submit(AbstractExecutorService.java:145)
	at org.apache.catalina.core.ContainerBase.startInternal(ContainerBase.java:749)
	at org.apache.catalina.core.StandardHost.startInternal(StandardHost.java:772)
	at org.apache.catalina.util.LifecycleBase.start(LifecycleBase.java:164)
	at org.apache.catalina.core.ContainerBase$StartChild.call(ContainerBase.java:1203)
	at org.apache.catalina.core.ContainerBase$StartChild.call(ContainerBase.java:1193)
	at java.base/java.util.concurrent.FutureTask.run(FutureTask.java:317)
	at org.apache.tomcat.util.threads.InlineExecutorService.execute(InlineExecutorService.java:75)
	at java.base/java.util.concurrent.AbstractExecutorService.submit(AbstractExecutorService.java:145)
	at org.apache.catalina.core.ContainerBase.startInternal(ContainerBase.java:749)
	at org.apache.catalina.core.StandardEngine.startInternal(StandardEngine.java:203)
	at org.apache.catalina.util.LifecycleBase.start(LifecycleBase.java:164)
	at org.apache.catalina.core.StandardService.startInternal(StandardService.java:415)
	at org.apache.catalina.util.LifecycleBase.start(LifecycleBase.java:164)
	at org.apache.catalina.core.StandardServer.startInternal(StandardServer.java:870)
	at org.apache.catalina.util.LifecycleBase.start(LifecycleBase.java:164)
	at org.apache.catalina.startup.Tomcat.start(Tomcat.java:437)
	at org.springframework.boot.web.embedded.tomcat.TomcatWebServer.initialize(TomcatWebServer.java:128)
	... 16 common frames omitted
Caused by: java.lang.IllegalStateException: Failed to introspect Class [com.reservation.config.JwtAuthenticationFilter] from ClassLoader [org.springframework.boot.devtools.restart.classloader.RestartClassLoader@26324a10]
	at org.springframework.util.ReflectionUtils.getDeclaredMethods(ReflectionUtils.java:483)
	at org.springframework.util.ReflectionUtils.doWithLocalMethods(ReflectionUtils.java:320)
	at org.springframework.beans.factory.annotation.AutowiredAnnotationBeanPostProcessor.checkLookupMethods(AutowiredAnnotationBeanPostProcessor.java:476)
	... 57 common frames omitted
Caused by: java.lang.NoClassDefFoundError: HttpServletRequest
	at java.base/java.lang.Class.getDeclaredMethods0(Native Method)
	at java.base/java.lang.Class.privateGetDeclaredMethods(Class.java:3578)
	at java.base/java.lang.Class.getDeclaredMethods(Class.java:2676)
	at org.springframework.util.ReflectionUtils.getDeclaredMethods(ReflectionUtils.java:465)
	... 59 common frames omitted
Caused by: java.lang.ClassNotFoundException: HttpServletRequest
	at java.base/jdk.internal.loader.BuiltinClassLoader.loadClass(BuiltinClassLoader.java:641)
	at java.base/jdk.internal.loader.ClassLoaders$AppClassLoader.loadClass(ClassLoaders.java:188)
	at java.base/java.lang.ClassLoader.loadClass(ClassLoader.java:526)
	at java.base/java.lang.Class.forName0(Native Method)
	at java.base/java.lang.Class.forName(Class.java:534)
	at java.base/java.lang.Class.forName(Class.java:513)
	at org.springframework.boot.devtools.restart.classloader.RestartClassLoader.loadClass(RestartClassLoader.java:121)
	at java.base/java.lang.ClassLoader.loadClass(ClassLoader.java:526)
	... 63 common frames omitted
2026-08-26T14:21:25.878+08:00 INFO  c.r.SpringBootMergeApplication : Starting SpringBootMergeApplication using Java 21.0.8 with PID 23152 (H:\2026\lesson-appointment\api\target\classes started by Administrator in H:\2026\lesson-appointment\api)
2026-08-26T14:21:25.879+08:00 INFO  c.r.SpringBootMergeApplication : No active profile set, falling back to 1 default profile: "default"
2026-08-26T14:21:26.484+08:00 INFO  o.s.b.w.e.tomcat.TomcatWebServer : Tomcat initialized with port 8081 (http)
2026-08-26T14:21:26.486+08:00 INFO  o.a.coyote.http11.Http11NioProtocol : Initializing ProtocolHandler ["http-nio-8081"]
2026-08-26T14:21:26.487+08:00 INFO  o.a.catalina.core.StandardService : Starting service [Tomcat]
2026-08-26T14:21:26.487+08:00 INFO  o.a.catalina.core.StandardEngine : Starting Servlet engine: [Apache Tomcat/10.1.31]
2026-08-26T14:21:26.505+08:00 INFO  o.a.c.c.C.[Tomcat-1].[localhost].[/] : Initializing Spring embedded WebApplicationContext
2026-08-26T14:21:26.506+08:00 INFO  o.s.b.w.s.c.ServletWebServerApplicationContext : Root WebApplicationContext: initialization completed in 623 ms
2026-08-26T14:21:26.516+08:00 ERROR o.s.b.w.e.tomcat.TomcatStarter : Error starting Tomcat context. Exception: org.springframework.beans.factory.BeanCreationException. Message: Error creating bean with name 'jwtAuthenticationFilter': Lookup method resolution failed
2026-08-26T14:21:26.519+08:00 INFO  o.a.catalina.core.StandardService : Stopping service [Tomcat]
2026-08-26T14:21:26.521+08:00 WARN  o.s.b.w.s.c.AnnotationConfigServletWebServerApplicationContext : Exception encountered during context initialization - cancelling refresh attempt: org.springframework.context.ApplicationContextException: Unable to start web server
2026-08-26T14:21:26.526+08:00 INFO  o.s.b.a.l.ConditionEvaluationReportLogger : 

Error starting ApplicationContext. To display the condition evaluation report re-run your application with 'debug' enabled.
2026-08-26T14:21:26.537+08:00 ERROR o.s.boot.SpringApplication : Application run failed
org.springframework.context.ApplicationContextException: Unable to start web server
	at org.springframework.boot.web.servlet.context.ServletWebServerApplicationContext.onRefresh(ServletWebServerApplicationContext.java:165)
	at org.springframework.context.support.AbstractApplicationContext.refresh(AbstractApplicationContext.java:619)
	at org.springframework.boot.web.servlet.context.ServletWebServerApplicationContext.refresh(ServletWebServerApplicationContext.java:146)
	at org.springframework.boot.SpringApplication.refresh(SpringApplication.java:754)
	at org.springframework.boot.SpringApplication.refreshContext(SpringApplication.java:456)
	at org.springframework.boot.SpringApplication.run(SpringApplication.java:335)
	at org.springframework.boot.SpringApplication.run(SpringApplication.java:1363)
	at org.springframework.boot.SpringApplication.run(SpringApplication.java:1352)
	at com.reservation.SpringBootMergeApplication.main(SpringBootMergeApplication.java:21)
	at java.base/jdk.internal.reflect.DirectMethodHandleAccessor.invoke(DirectMethodHandleAccessor.java:103)
	at java.base/java.lang.reflect.Method.invoke(Method.java:580)
	at org.springframework.boot.devtools.restart.RestartLauncher.run(RestartLauncher.java:50)
Caused by: org.springframework.boot.web.server.WebServerException: Unable to start embedded Tomcat
	at org.springframework.boot.web.embedded.tomcat.TomcatWebServer.initialize(TomcatWebServer.java:147)
	at org.springframework.boot.web.embedded.tomcat.TomcatWebServer.<init>(TomcatWebServer.java:107)
	at org.springframework.boot.web.embedded.tomcat.TomcatServletWebServerFactory.getTomcatWebServer(TomcatServletWebServerFactory.java:516)
	at org.springframework.boot.web.embedded.tomcat.TomcatServletWebServerFactory.getWebServer(TomcatServletWebServerFactory.java:222)
	at org.springframework.boot.web.servlet.context.ServletWebServerApplicationContext.createWebServer(ServletWebServerApplicationContext.java:188)
	at org.springframework.boot.web.servlet.context.ServletWebServerApplicationContext.onRefresh(ServletWebServerApplicationContext.java:162)
	... 11 common frames omitted
Caused by: org.springframework.beans.factory.BeanCreationException: Error creating bean with name 'jwtAuthenticationFilter': Lookup method resolution failed
	at org.springframework.beans.factory.annotation.AutowiredAnnotationBeanPostProcessor.checkLookupMethods(AutowiredAnnotationBeanPostProcessor.java:498)
	at org.springframework.beans.factory.annotation.AutowiredAnnotationBeanPostProcessor.determineCandidateConstructors(AutowiredAnnotationBeanPostProcessor.java:368)
	at org.springframework.beans.factory.support.AbstractAutowireCapableBeanFactory.determineConstructorsFromBeanPostProcessors(AbstractAutowireCapableBeanFactory.java:1314)
	at org.springframework.beans.factory.support.AbstractAutowireCapableBeanFactory.createBeanInstance(AbstractAutowireCapableBeanFactory.java:1209)
	at org.springframework.beans.factory.support.AbstractAutowireCapableBeanFactory.doCreateBean(AbstractAutowireCapableBeanFactory.java:562)
	at org.springframework.beans.factory.support.AbstractAutowireCapableBeanFactory.createBean(AbstractAutowireCapableBeanFactory.java:522)
	at org.springframework.beans.factory.support.AbstractBeanFactory.lambda$doGetBean$0(AbstractBeanFactory.java:337)
	at org.springframework.beans.factory.support.DefaultSingletonBeanRegistry.getSingleton(DefaultSingletonBeanRegistry.java:234)
	at org.springframework.beans.factory.support.AbstractBeanFactory.doGetBean(AbstractBeanFactory.java:335)
	at org.springframework.beans.factory.support.AbstractBeanFactory.getBean(AbstractBeanFactory.java:205)
	at org.springframework.boot.web.servlet.ServletContextInitializerBeans.getOrderedBeansOfType(ServletContextInitializerBeans.java:211)
	at org.springframework.boot.web.servlet.ServletContextInitializerBeans.addAsRegistrationBean(ServletContextInitializerBeans.java:174)
	at org.springframework.boot.web.servlet.ServletContextInitializerBeans.addAsRegistrationBean(ServletContextInitializerBeans.java:169)
	at org.springframework.boot.web.servlet.ServletContextInitializerBeans.addAdaptableBeans(ServletContextInitializerBeans.java:154)
	at org.springframework.boot.web.servlet.ServletContextInitializerBeans.<init>(ServletContextInitializerBeans.java:87)
	at org.springframework.boot.web.servlet.context.ServletWebServerApplicationContext.getServletContextInitializerBeans(ServletWebServerApplicationContext.java:266)
	at org.springframework.boot.web.servlet.context.ServletWebServerApplicationContext.selfInitialize(ServletWebServerApplicationContext.java:240)
	at org.springframework.boot.web.embedded.tomcat.TomcatStarter.onStartup(TomcatStarter.java:52)
	at org.apache.catalina.core.StandardContext.startInternal(StandardContext.java:4412)
	at org.apache.catalina.util.LifecycleBase.start(LifecycleBase.java:164)
	at org.apache.catalina.core.ContainerBase$StartChild.call(ContainerBase.java:1203)
	at org.apache.catalina.core.ContainerBase$StartChild.call(ContainerBase.java:1193)
	at java.base/java.util.concurrent.FutureTask.run(FutureTask.java:317)
	at org.apache.tomcat.util.threads.InlineExecutorService.execute(InlineExecutorService.java:75)
	at java.base/java.util.concurrent.AbstractExecutorService.submit(AbstractExecutorService.java:145)
	at org.apache.catalina.core.ContainerBase.startInternal(ContainerBase.java:749)
	at org.apache.catalina.core.StandardHost.startInternal(StandardHost.java:772)
	at org.apache.catalina.util.LifecycleBase.start(LifecycleBase.java:164)
	at org.apache.catalina.core.ContainerBase$StartChild.call(ContainerBase.java:1203)
	at org.apache.catalina.core.ContainerBase$StartChild.call(ContainerBase.java:1193)
	at java.base/java.util.concurrent.FutureTask.run(FutureTask.java:317)
	at org.apache.tomcat.util.threads.InlineExecutorService.execute(InlineExecutorService.java:75)
	at java.base/java.util.concurrent.AbstractExecutorService.submit(AbstractExecutorService.java:145)
	at org.apache.catalina.core.ContainerBase.startInternal(ContainerBase.java:749)
	at org.apache.catalina.core.StandardEngine.startInternal(StandardEngine.java:203)
	at org.apache.catalina.util.LifecycleBase.start(LifecycleBase.java:164)
	at org.apache.catalina.core.StandardService.startInternal(StandardService.java:415)
	at org.apache.catalina.util.LifecycleBase.start(LifecycleBase.java:164)
	at org.apache.catalina.core.StandardServer.startInternal(StandardServer.java:870)
	at org.apache.catalina.util.LifecycleBase.start(LifecycleBase.java:164)
	at org.apache.catalina.startup.Tomcat.start(Tomcat.java:437)
	at org.springframework.boot.web.embedded.tomcat.TomcatWebServer.initialize(TomcatWebServer.java:128)
	... 16 common frames omitted
Caused by: java.lang.IllegalStateException: Failed to introspect Class [com.reservation.config.JwtAuthenticationFilter] from ClassLoader [org.springframework.boot.devtools.restart.classloader.RestartClassLoader@4ef62821]
	at org.springframework.util.ReflectionUtils.getDeclaredMethods(ReflectionUtils.java:483)
	at org.springframework.util.ReflectionUtils.doWithLocalMethods(ReflectionUtils.java:320)
	at org.springframework.beans.factory.annotation.AutowiredAnnotationBeanPostProcessor.checkLookupMethods(AutowiredAnnotationBeanPostProcessor.java:476)
	... 57 common frames omitted
Caused by: java.lang.NoClassDefFoundError: HttpServletRequest
	at java.base/java.lang.Class.getDeclaredMethods0(Native Method)
	at java.base/java.lang.Class.privateGetDeclaredMethods(Class.java:3578)
	at java.base/java.lang.Class.getDeclaredMethods(Class.java:2676)
	at org.springframework.util.ReflectionUtils.getDeclaredMethods(ReflectionUtils.java:465)
	... 59 common frames omitted
Caused by: java.lang.ClassNotFoundException: HttpServletRequest
	at java.base/jdk.internal.loader.BuiltinClassLoader.loadClass(BuiltinClassLoader.java:641)
	at java.base/jdk.internal.loader.ClassLoaders$AppClassLoader.loadClass(ClassLoaders.java:188)
	at java.base/java.lang.ClassLoader.loadClass(ClassLoader.java:526)
	at java.base/java.lang.Class.forName0(Native Method)
	at java.base/java.lang.Class.forName(Class.java:534)
	at java.base/java.lang.Class.forName(Class.java:513)
	at org.springframework.boot.devtools.restart.classloader.RestartClassLoader.loadClass(RestartClassLoader.java:121)
	at java.base/java.lang.ClassLoader.loadClass(ClassLoader.java:526)
	... 63 common frames omitted
2026-08-26T14:21:33.101+08:00 INFO  c.r.SpringBootMergeApplication : Starting SpringBootMergeApplication using Java 21.0.8 with PID 23152 (H:\2026\lesson-appointment\api\target\classes started by Administrator in H:\2026\lesson-appointment\api)
2026-08-26T14:21:33.112+08:00 INFO  c.r.SpringBootMergeApplication : No active profile set, falling back to 1 default profile: "default"
2026-08-26T14:21:33.957+08:00 INFO  o.s.b.w.e.tomcat.TomcatWebServer : Tomcat initialized with port 8081 (http)
2026-08-26T14:21:33.958+08:00 INFO  o.a.coyote.http11.Http11NioProtocol : Initializing ProtocolHandler ["http-nio-8081"]
2026-08-26T14:21:33.959+08:00 INFO  o.a.catalina.core.StandardService : Starting service [Tomcat]
2026-08-26T14:21:33.960+08:00 INFO  o.a.catalina.core.StandardEngine : Starting Servlet engine: [Apache Tomcat/10.1.31]
2026-08-26T14:21:33.990+08:00 INFO  o.a.c.c.C.[Tomcat-2].[localhost].[/] : Initializing Spring embedded WebApplicationContext
2026-08-26T14:21:33.992+08:00 INFO  o.s.b.w.s.c.ServletWebServerApplicationContext : Root WebApplicationContext: initialization completed in 876 ms
2026-08-26T14:21:34.001+08:00 ERROR o.s.b.w.e.tomcat.TomcatStarter : Error starting Tomcat context. Exception: org.springframework.beans.factory.BeanCreationException. Message: Error creating bean with name 'jwtAuthenticationFilter': Lookup method resolution failed
2026-08-26T14:21:34.003+08:00 INFO  o.a.catalina.core.StandardService : Stopping service [Tomcat]
2026-08-26T14:21:34.007+08:00 WARN  o.s.b.w.s.c.AnnotationConfigServletWebServerApplicationContext : Exception encountered during context initialization - cancelling refresh attempt: org.springframework.context.ApplicationContextException: Unable to start web server
2026-08-26T14:21:34.013+08:00 INFO  o.s.b.a.l.ConditionEvaluationReportLogger : 

Error starting ApplicationContext. To display the condition evaluation report re-run your application with 'debug' enabled.
2026-08-26T14:21:34.023+08:00 ERROR o.s.boot.SpringApplication : Application run failed
org.springframework.context.ApplicationContextException: Unable to start web server
	at org.springframework.boot.web.servlet.context.ServletWebServerApplicationContext.onRefresh(ServletWebServerApplicationContext.java:165)
	at org.springframework.context.support.AbstractApplicationContext.refresh(AbstractApplicationContext.java:619)
	at org.springframework.boot.web.servlet.context.ServletWebServerApplicationContext.refresh(ServletWebServerApplicationContext.java:146)
	at org.springframework.boot.SpringApplication.refresh(SpringApplication.java:754)
	at org.springframework.boot.SpringApplication.refreshContext(SpringApplication.java:456)
	at org.springframework.boot.SpringApplication.run(SpringApplication.java:335)
	at org.springframework.boot.SpringApplication.run(SpringApplication.java:1363)
	at org.springframework.boot.SpringApplication.run(SpringApplication.java:1352)
	at com.reservation.SpringBootMergeApplication.main(SpringBootMergeApplication.java:21)
	at java.base/jdk.internal.reflect.DirectMethodHandleAccessor.invoke(DirectMethodHandleAccessor.java:103)
	at java.base/java.lang.reflect.Method.invoke(Method.java:580)
	at org.springframework.boot.devtools.restart.RestartLauncher.run(RestartLauncher.java:50)
Caused by: org.springframework.boot.web.server.WebServerException: Unable to start embedded Tomcat
	at org.springframework.boot.web.embedded.tomcat.TomcatWebServer.initialize(TomcatWebServer.java:147)
	at org.springframework.boot.web.embedded.tomcat.TomcatWebServer.<init>(TomcatWebServer.java:107)
	at org.springframework.boot.web.embedded.tomcat.TomcatServletWebServerFactory.getTomcatWebServer(TomcatServletWebServerFactory.java:516)
	at org.springframework.boot.web.embedded.tomcat.TomcatServletWebServerFactory.getWebServer(TomcatServletWebServerFactory.java:222)
	at org.springframework.boot.web.servlet.context.ServletWebServerApplicationContext.createWebServer(ServletWebServerApplicationContext.java:188)
	at org.springframework.boot.web.servlet.context.ServletWebServerApplicationContext.onRefresh(ServletWebServerApplicationContext.java:162)
	... 11 common frames omitted
Caused by: org.springframework.beans.factory.BeanCreationException: Error creating bean with name 'jwtAuthenticationFilter': Lookup method resolution failed
	at org.springframework.beans.factory.annotation.AutowiredAnnotationBeanPostProcessor.checkLookupMethods(AutowiredAnnotationBeanPostProcessor.java:498)
	at org.springframework.beans.factory.annotation.AutowiredAnnotationBeanPostProcessor.determineCandidateConstructors(AutowiredAnnotationBeanPostProcessor.java:368)
	at org.springframework.beans.factory.support.AbstractAutowireCapableBeanFactory.determineConstructorsFromBeanPostProcessors(AbstractAutowireCapableBeanFactory.java:1314)
	at org.springframework.beans.factory.support.AbstractAutowireCapableBeanFactory.createBeanInstance(AbstractAutowireCapableBeanFactory.java:1209)
	at org.springframework.beans.factory.support.AbstractAutowireCapableBeanFactory.doCreateBean(AbstractAutowireCapableBeanFactory.java:562)
	at org.springframework.beans.factory.support.AbstractAutowireCapableBeanFactory.createBean(AbstractAutowireCapableBeanFactory.java:522)
	at org.springframework.beans.factory.support.AbstractBeanFactory.lambda$doGetBean$0(AbstractBeanFactory.java:337)
	at org.springframework.beans.factory.support.DefaultSingletonBeanRegistry.getSingleton(DefaultSingletonBeanRegistry.java:234)
	at org.springframework.beans.factory.support.AbstractBeanFactory.doGetBean(AbstractBeanFactory.java:335)
	at org.springframework.beans.factory.support.AbstractBeanFactory.getBean(AbstractBeanFactory.java:205)
	at org.springframework.boot.web.servlet.ServletContextInitializerBeans.getOrderedBeansOfType(ServletContextInitializerBeans.java:211)
	at org.springframework.boot.web.servlet.ServletContextInitializerBeans.addAsRegistrationBean(ServletContextInitializerBeans.java:174)
	at org.springframework.boot.web.servlet.ServletContextInitializerBeans.addAsRegistrationBean(ServletContextInitializerBeans.java:169)
	at org.springframework.boot.web.servlet.ServletContextInitializerBeans.addAdaptableBeans(ServletContextInitializerBeans.java:154)
	at org.springframework.boot.web.servlet.ServletContextInitializerBeans.<init>(ServletContextInitializerBeans.java:87)
	at org.springframework.boot.web.servlet.context.ServletWebServerApplicationContext.getServletContextInitializerBeans(ServletWebServerApplicationContext.java:266)
	at org.springframework.boot.web.servlet.context.ServletWebServerApplicationContext.selfInitialize(ServletWebServerApplicationContext.java:240)
	at org.springframework.boot.web.embedded.tomcat.TomcatStarter.onStartup(TomcatStarter.java:52)
	at org.apache.catalina.core.StandardContext.startInternal(StandardContext.java:4412)
	at org.apache.catalina.util.LifecycleBase.start(LifecycleBase.java:164)
	at org.apache.catalina.core.ContainerBase$StartChild.call(ContainerBase.java:1203)
	at org.apache.catalina.core.ContainerBase$StartChild.call(ContainerBase.java:1193)
	at java.base/java.util.concurrent.FutureTask.run(FutureTask.java:317)
	at org.apache.tomcat.util.threads.InlineExecutorService.execute(InlineExecutorService.java:75)
	at java.base/java.util.concurrent.AbstractExecutorService.submit(AbstractExecutorService.java:145)
	at org.apache.catalina.core.ContainerBase.startInternal(ContainerBase.java:749)
	at org.apache.catalina.core.StandardHost.startInternal(StandardHost.java:772)
	at org.apache.catalina.util.LifecycleBase.start(LifecycleBase.java:164)
	at org.apache.catalina.core.ContainerBase$StartChild.call(ContainerBase.java:1203)
	at org.apache.catalina.core.ContainerBase$StartChild.call(ContainerBase.java:1193)
	at java.base/java.util.concurrent.FutureTask.run(FutureTask.java:317)
	at org.apache.tomcat.util.threads.InlineExecutorService.execute(InlineExecutorService.java:75)
	at java.base/java.util.concurrent.AbstractExecutorService.submit(AbstractExecutorService.java:145)
	at org.apache.catalina.core.ContainerBase.startInternal(ContainerBase.java:749)
	at org.apache.catalina.core.StandardEngine.startInternal(StandardEngine.java:203)
	at org.apache.catalina.util.LifecycleBase.start(LifecycleBase.java:164)
	at org.apache.catalina.core.StandardService.startInternal(StandardService.java:415)
	at org.apache.catalina.util.LifecycleBase.start(LifecycleBase.java:164)
	at org.apache.catalina.core.StandardServer.startInternal(StandardServer.java:870)
	at org.apache.catalina.util.LifecycleBase.start(LifecycleBase.java:164)
	at org.apache.catalina.startup.Tomcat.start(Tomcat.java:437)
	at org.springframework.boot.web.embedded.tomcat.TomcatWebServer.initialize(TomcatWebServer.java:128)
	... 16 common frames omitted
Caused by: java.lang.IllegalStateException: Failed to introspect Class [com.reservation.config.JwtAuthenticationFilter] from ClassLoader [org.springframework.boot.devtools.restart.classloader.RestartClassLoader@6a6fb7db]
	at org.springframework.util.ReflectionUtils.getDeclaredMethods(ReflectionUtils.java:483)
	at org.springframework.util.ReflectionUtils.doWithLocalMethods(ReflectionUtils.java:320)
	at org.springframework.beans.factory.annotation.AutowiredAnnotationBeanPostProcessor.checkLookupMethods(AutowiredAnnotationBeanPostProcessor.java:476)
	... 57 common frames omitted
Caused by: java.lang.NoClassDefFoundError: HttpServletRequest
	at java.base/java.lang.Class.getDeclaredMethods0(Native Method)
	at java.base/java.lang.Class.privateGetDeclaredMethods(Class.java:3578)
	at java.base/java.lang.Class.getDeclaredMethods(Class.java:2676)
	at org.springframework.util.ReflectionUtils.getDeclaredMethods(ReflectionUtils.java:465)
	... 59 common frames omitted
Caused by: java.lang.ClassNotFoundException: HttpServletRequest
	at java.base/jdk.internal.loader.BuiltinClassLoader.loadClass(BuiltinClassLoader.java:641)
	at java.base/jdk.internal.loader.ClassLoaders$AppClassLoader.loadClass(ClassLoaders.java:188)
	at java.base/java.lang.ClassLoader.loadClass(ClassLoader.java:526)
	at java.base/java.lang.Class.forName0(Native Method)
	at java.base/java.lang.Class.forName(Class.java:534)
	at java.base/java.lang.Class.forName(Class.java:513)
	at org.springframework.boot.devtools.restart.classloader.RestartClassLoader.loadClass(RestartClassLoader.java:121)
	at java.base/java.lang.ClassLoader.loadClass(ClassLoader.java:526)
	... 63 common frames omitted
2026-08-26T14:21:36.150+08:00 INFO  c.r.SpringBootMergeApplication : Starting SpringBootMergeApplication using Java 21.0.8 with PID 23152 (H:\2026\lesson-appointment\api\target\classes started by Administrator in H:\2026\lesson-appointment\api)
2026-08-26T14:21:36.150+08:00 INFO  c.r.SpringBootMergeApplication : No active profile set, falling back to 1 default profile: "default"
2026-08-26T14:21:36.895+08:00 INFO  o.s.b.w.e.tomcat.TomcatWebServer : Tomcat initialized with port 8081 (http)
2026-08-26T14:21:36.905+08:00 INFO  o.a.coyote.http11.Http11NioProtocol : Initializing ProtocolHandler ["http-nio-8081"]
2026-08-26T14:21:36.910+08:00 INFO  o.a.catalina.core.StandardService : Starting service [Tomcat]
2026-08-26T14:21:36.912+08:00 INFO  o.a.catalina.core.StandardEngine : Starting Servlet engine: [Apache Tomcat/10.1.31]
2026-08-26T14:21:36.955+08:00 INFO  o.a.c.c.C.[Tomcat-3].[localhost].[/] : Initializing Spring embedded WebApplicationContext
2026-08-26T14:21:36.961+08:00 INFO  o.s.b.w.s.c.ServletWebServerApplicationContext : Root WebApplicationContext: initialization completed in 807 ms
2026-08-26T14:21:37.003+08:00 ERROR o.s.b.w.e.tomcat.TomcatStarter : Error starting Tomcat context. Exception: org.springframework.beans.factory.BeanCreationException. Message: Error creating bean with name 'jwtAuthenticationFilter': Lookup method resolution failed
2026-08-26T14:21:37.018+08:00 INFO  o.a.catalina.core.StandardService : Stopping service [Tomcat]
2026-08-26T14:21:37.023+08:00 WARN  o.s.b.w.s.c.AnnotationConfigServletWebServerApplicationContext : Exception encountered during context initialization - cancelling refresh attempt: org.springframework.context.ApplicationContextException: Unable to start web server
2026-08-26T14:21:37.029+08:00 INFO  o.s.b.a.l.ConditionEvaluationReportLogger : 

Error starting ApplicationContext. To display the condition evaluation report re-run your application with 'debug' enabled.
2026-08-26T14:21:37.040+08:00 ERROR o.s.boot.SpringApplication : Application run failed
org.springframework.context.ApplicationContextException: Unable to start web server
	at org.springframework.boot.web.servlet.context.ServletWebServerApplicationContext.onRefresh(ServletWebServerApplicationContext.java:165)
	at org.springframework.context.support.AbstractApplicationContext.refresh(AbstractApplicationContext.java:619)
	at org.springframework.boot.web.servlet.context.ServletWebServerApplicationContext.refresh(ServletWebServerApplicationContext.java:146)
	at org.springframework.boot.SpringApplication.refresh(SpringApplication.java:754)
	at org.springframework.boot.SpringApplication.refreshContext(SpringApplication.java:456)
	at org.springframework.boot.SpringApplication.run(SpringApplication.java:335)
	at org.springframework.boot.SpringApplication.run(SpringApplication.java:1363)
	at org.springframework.boot.SpringApplication.run(SpringApplication.java:1352)
	at com.reservation.SpringBootMergeApplication.main(SpringBootMergeApplication.java:21)
	at java.base/jdk.internal.reflect.DirectMethodHandleAccessor.invoke(DirectMethodHandleAccessor.java:103)
	at java.base/java.lang.reflect.Method.invoke(Method.java:580)
	at org.springframework.boot.devtools.restart.RestartLauncher.run(RestartLauncher.java:50)
Caused by: org.springframework.boot.web.server.WebServerException: Unable to start embedded Tomcat
	at org.springframework.boot.web.embedded.tomcat.TomcatWebServer.initialize(TomcatWebServer.java:147)
	at org.springframework.boot.web.embedded.tomcat.TomcatWebServer.<init>(TomcatWebServer.java:107)
	at org.springframework.boot.web.embedded.tomcat.TomcatServletWebServerFactory.getTomcatWebServer(TomcatServletWebServerFactory.java:516)
	at org.springframework.boot.web.embedded.tomcat.TomcatServletWebServerFactory.getWebServer(TomcatServletWebServerFactory.java:222)
	at org.springframework.boot.web.servlet.context.ServletWebServerApplicationContext.createWebServer(ServletWebServerApplicationContext.java:188)
	at org.springframework.boot.web.servlet.context.ServletWebServerApplicationContext.onRefresh(ServletWebServerApplicationContext.java:162)
	... 11 common frames omitted
Caused by: org.springframework.beans.factory.BeanCreationException: Error creating bean with name 'jwtAuthenticationFilter': Lookup method resolution failed
	at org.springframework.beans.factory.annotation.AutowiredAnnotationBeanPostProcessor.checkLookupMethods(AutowiredAnnotationBeanPostProcessor.java:498)
	at org.springframework.beans.factory.annotation.AutowiredAnnotationBeanPostProcessor.determineCandidateConstructors(AutowiredAnnotationBeanPostProcessor.java:368)
	at org.springframework.beans.factory.support.AbstractAutowireCapableBeanFactory.determineConstructorsFromBeanPostProcessors(AbstractAutowireCapableBeanFactory.java:1314)
	at org.springframework.beans.factory.support.AbstractAutowireCapableBeanFactory.createBeanInstance(AbstractAutowireCapableBeanFactory.java:1209)
	at org.springframework.beans.factory.support.AbstractAutowireCapableBeanFactory.doCreateBean(AbstractAutowireCapableBeanFactory.java:562)
	at org.springframework.beans.factory.support.AbstractAutowireCapableBeanFactory.createBean(AbstractAutowireCapableBeanFactory.java:522)
	at org.springframework.beans.factory.support.AbstractBeanFactory.lambda$doGetBean$0(AbstractBeanFactory.java:337)
	at org.springframework.beans.factory.support.DefaultSingletonBeanRegistry.getSingleton(DefaultSingletonBeanRegistry.java:234)
	at org.springframework.beans.factory.support.AbstractBeanFactory.doGetBean(AbstractBeanFactory.java:335)
	at org.springframework.beans.factory.support.AbstractBeanFactory.getBean(AbstractBeanFactory.java:205)
	at org.springframework.boot.web.servlet.ServletContextInitializerBeans.getOrderedBeansOfType(ServletContextInitializerBeans.java:211)
	at org.springframework.boot.web.servlet.ServletContextInitializerBeans.addAsRegistrationBean(ServletContextInitializerBeans.java:174)
	at org.springframework.boot.web.servlet.ServletContextInitializerBeans.addAsRegistrationBean(ServletContextInitializerBeans.java:169)
	at org.springframework.boot.web.servlet.ServletContextInitializerBeans.addAdaptableBeans(ServletContextInitializerBeans.java:154)
	at org.springframework.boot.web.servlet.ServletContextInitializerBeans.<init>(ServletContextInitializerBeans.java:87)
	at org.springframework.boot.web.servlet.context.ServletWebServerApplicationContext.getServletContextInitializerBeans(ServletWebServerApplicationContext.java:266)
	at org.springframework.boot.web.servlet.context.ServletWebServerApplicationContext.selfInitialize(ServletWebServerApplicationContext.java:240)
	at org.springframework.boot.web.embedded.tomcat.TomcatStarter.onStartup(TomcatStarter.java:52)
	at org.apache.catalina.core.StandardContext.startInternal(StandardContext.java:4412)
	at org.apache.catalina.util.LifecycleBase.start(LifecycleBase.java:164)
	at org.apache.catalina.core.ContainerBase$StartChild.call(ContainerBase.java:1203)
	at org.apache.catalina.core.ContainerBase$StartChild.call(ContainerBase.java:1193)
	at java.base/java.util.concurrent.FutureTask.run(FutureTask.java:317)
	at org.apache.tomcat.util.threads.InlineExecutorService.execute(InlineExecutorService.java:75)
	at java.base/java.util.concurrent.AbstractExecutorService.submit(AbstractExecutorService.java:145)
	at org.apache.catalina.core.ContainerBase.startInternal(ContainerBase.java:749)
	at org.apache.catalina.core.StandardHost.startInternal(StandardHost.java:772)
	at org.apache.catalina.util.LifecycleBase.start(LifecycleBase.java:164)
	at org.apache.catalina.core.ContainerBase$StartChild.call(ContainerBase.java:1203)
	at org.apache.catalina.core.ContainerBase$StartChild.call(ContainerBase.java:1193)
	at java.base/java.util.concurrent.FutureTask.run(FutureTask.java:317)
	at org.apache.tomcat.util.threads.InlineExecutorService.execute(InlineExecutorService.java:75)
	at java.base/java.util.concurrent.AbstractExecutorService.submit(AbstractExecutorService.java:145)
	at org.apache.catalina.core.ContainerBase.startInternal(ContainerBase.java:749)
	at org.apache.catalina.core.StandardEngine.startInternal(StandardEngine.java:203)
	at org.apache.catalina.util.LifecycleBase.start(LifecycleBase.java:164)
	at org.apache.catalina.core.StandardService.startInternal(StandardService.java:415)
	at org.apache.catalina.util.LifecycleBase.start(LifecycleBase.java:164)
	at org.apache.catalina.core.StandardServer.startInternal(StandardServer.java:870)
	at org.apache.catalina.util.LifecycleBase.start(LifecycleBase.java:164)
	at org.apache.catalina.startup.Tomcat.start(Tomcat.java:437)
	at org.springframework.boot.web.embedded.tomcat.TomcatWebServer.initialize(TomcatWebServer.java:128)
	... 16 common frames omitted
Caused by: java.lang.IllegalStateException: Failed to introspect Class [com.reservation.config.JwtAuthenticationFilter] from ClassLoader [org.springframework.boot.devtools.restart.classloader.RestartClassLoader@13057882]
	at org.springframework.util.ReflectionUtils.getDeclaredMethods(ReflectionUtils.java:483)
	at org.springframework.util.ReflectionUtils.doWithLocalMethods(ReflectionUtils.java:320)
	at org.springframework.beans.factory.annotation.AutowiredAnnotationBeanPostProcessor.checkLookupMethods(AutowiredAnnotationBeanPostProcessor.java:476)
	... 57 common frames omitted
Caused by: java.lang.NoClassDefFoundError: HttpServletRequest
	at java.base/java.lang.Class.getDeclaredMethods0(Native Method)
	at java.base/java.lang.Class.privateGetDeclaredMethods(Class.java:3578)
	at java.base/java.lang.Class.getDeclaredMethods(Class.java:2676)
	at org.springframework.util.ReflectionUtils.getDeclaredMethods(ReflectionUtils.java:465)
	... 59 common frames omitted
Caused by: java.lang.ClassNotFoundException: HttpServletRequest
	at java.base/jdk.internal.loader.BuiltinClassLoader.loadClass(BuiltinClassLoader.java:641)
	at java.base/jdk.internal.loader.ClassLoaders$AppClassLoader.loadClass(ClassLoaders.java:188)
	at java.base/java.lang.ClassLoader.loadClass(ClassLoader.java:526)
	at java.base/java.lang.Class.forName0(Native Method)
	at java.base/java.lang.Class.forName(Class.java:534)
	at java.base/java.lang.Class.forName(Class.java:513)
	at org.springframework.boot.devtools.restart.classloader.RestartClassLoader.loadClass(RestartClassLoader.java:121)
	at java.base/java.lang.ClassLoader.loadClass(ClassLoader.java:526)
	... 63 common frames omitted
2026-08-26T14:21:39.411+08:00 INFO  c.r.SpringBootMergeApplication : Starting SpringBootMergeApplication using Java 21.0.8 with PID 23152 (H:\2026\lesson-appointment\api\target\classes started by Administrator in H:\2026\lesson-appointment\api)
2026-08-26T14:21:39.412+08:00 INFO  c.r.SpringBootMergeApplication : No active profile set, falling back to 1 default profile: "default"
2026-08-26T14:21:40.831+08:00 INFO  o.s.b.w.e.tomcat.TomcatWebServer : Tomcat initialized with port 8081 (http)
2026-08-26T14:21:40.872+08:00 INFO  o.a.coyote.http11.Http11NioProtocol : Initializing ProtocolHandler ["http-nio-8081"]
2026-08-26T14:21:40.893+08:00 INFO  o.a.catalina.core.StandardService : Starting service [Tomcat]
2026-08-26T14:21:40.948+08:00 INFO  o.a.catalina.core.StandardEngine : Starting Servlet engine: [Apache Tomcat/10.1.31]
2026-08-26T14:21:41.082+08:00 INFO  o.a.c.c.C.[Tomcat-4].[localhost].[/] : Initializing Spring embedded WebApplicationContext
2026-08-26T14:21:41.187+08:00 INFO  o.s.b.w.s.c.ServletWebServerApplicationContext : Root WebApplicationContext: initialization completed in 1733 ms
2026-08-26T14:21:41.333+08:00 ERROR o.s.b.w.e.tomcat.TomcatStarter : Error starting Tomcat context. Exception: org.springframework.beans.factory.BeanCreationException. Message: Error creating bean with name 'jwtAuthenticationFilter': Lookup method resolution failed
2026-08-26T14:21:41.479+08:00 INFO  o.a.catalina.core.StandardService : Stopping service [Tomcat]
2026-08-26T14:21:41.625+08:00 WARN  o.s.b.w.s.c.AnnotationConfigServletWebServerApplicationContext : Exception encountered during context initialization - cancelling refresh attempt: org.springframework.context.ApplicationContextException: Unable to start web server
2026-08-26T14:21:42.129+08:00 INFO  o.s.b.a.l.ConditionEvaluationReportLogger : 

Error starting ApplicationContext. To display the condition evaluation report re-run your application with 'debug' enabled.
2026-08-26T14:21:42.197+08:00 ERROR o.s.boot.SpringApplication : Application run failed
org.springframework.context.ApplicationContextException: Unable to start web server
	at org.springframework.boot.web.servlet.context.ServletWebServerApplicationContext.onRefresh(ServletWebServerApplicationContext.java:165)
	at org.springframework.context.support.AbstractApplicationContext.refresh(AbstractApplicationContext.java:619)
	at org.springframework.boot.web.servlet.context.ServletWebServerApplicationContext.refresh(ServletWebServerApplicationContext.java:146)
	at org.springframework.boot.SpringApplication.refresh(SpringApplication.java:754)
	at org.springframework.boot.SpringApplication.refreshContext(SpringApplication.java:456)
	at org.springframework.boot.SpringApplication.run(SpringApplication.java:335)
	at org.springframework.boot.SpringApplication.run(SpringApplication.java:1363)
	at org.springframework.boot.SpringApplication.run(SpringApplication.java:1352)
	at com.reservation.SpringBootMergeApplication.main(SpringBootMergeApplication.java:21)
	at java.base/jdk.internal.reflect.DirectMethodHandleAccessor.invoke(DirectMethodHandleAccessor.java:103)
	at java.base/java.lang.reflect.Method.invoke(Method.java:580)
	at org.springframework.boot.devtools.restart.RestartLauncher.run(RestartLauncher.java:50)
Caused by: org.springframework.boot.web.server.WebServerException: Unable to start embedded Tomcat
	at org.springframework.boot.web.embedded.tomcat.TomcatWebServer.initialize(TomcatWebServer.java:147)
	at org.springframework.boot.web.embedded.tomcat.TomcatWebServer.<init>(TomcatWebServer.java:107)
	at org.springframework.boot.web.embedded.tomcat.TomcatServletWebServerFactory.getTomcatWebServer(TomcatServletWebServerFactory.java:516)
	at org.springframework.boot.web.embedded.tomcat.TomcatServletWebServerFactory.getWebServer(TomcatServletWebServerFactory.java:222)
	at org.springframework.boot.web.servlet.context.ServletWebServerApplicationContext.createWebServer(ServletWebServerApplicationContext.java:188)
	at org.springframework.boot.web.servlet.context.ServletWebServerApplicationContext.onRefresh(ServletWebServerApplicationContext.java:162)
	... 11 common frames omitted
Caused by: org.springframework.beans.factory.BeanCreationException: Error creating bean with name 'jwtAuthenticationFilter': Lookup method resolution failed
	at org.springframework.beans.factory.annotation.AutowiredAnnotationBeanPostProcessor.checkLookupMethods(AutowiredAnnotationBeanPostProcessor.java:498)
	at org.springframework.beans.factory.annotation.AutowiredAnnotationBeanPostProcessor.determineCandidateConstructors(AutowiredAnnotationBeanPostProcessor.java:368)
	at org.springframework.beans.factory.support.AbstractAutowireCapableBeanFactory.determineConstructorsFromBeanPostProcessors(AbstractAutowireCapableBeanFactory.java:1314)
	at org.springframework.beans.factory.support.AbstractAutowireCapableBeanFactory.createBeanInstance(AbstractAutowireCapableBeanFactory.java:1209)
	at org.springframework.beans.factory.support.AbstractAutowireCapableBeanFactory.doCreateBean(AbstractAutowireCapableBeanFactory.java:562)
	at org.springframework.beans.factory.support.AbstractAutowireCapableBeanFactory.createBean(AbstractAutowireCapableBeanFactory.java:522)
	at org.springframework.beans.factory.support.AbstractBeanFactory.lambda$doGetBean$0(AbstractBeanFactory.java:337)
	at org.springframework.beans.factory.support.DefaultSingletonBeanRegistry.getSingleton(DefaultSingletonBeanRegistry.java:234)
	at org.springframework.beans.factory.support.AbstractBeanFactory.doGetBean(AbstractBeanFactory.java:335)
	at org.springframework.beans.factory.support.AbstractBeanFactory.getBean(AbstractBeanFactory.java:205)
	at org.springframework.boot.web.servlet.ServletContextInitializerBeans.getOrderedBeansOfType(ServletContextInitializerBeans.java:211)
	at org.springframework.boot.web.servlet.ServletContextInitializerBeans.addAsRegistrationBean(ServletContextInitializerBeans.java:174)
	at org.springframework.boot.web.servlet.ServletContextInitializerBeans.addAsRegistrationBean(ServletContextInitializerBeans.java:169)
	at org.springframework.boot.web.servlet.ServletContextInitializerBeans.addAdaptableBeans(ServletContextInitializerBeans.java:154)
	at org.springframework.boot.web.servlet.ServletContextInitializerBeans.<init>(ServletContextInitializerBeans.java:87)
	at org.springframework.boot.web.servlet.context.ServletWebServerApplicationContext.getServletContextInitializerBeans(ServletWebServerApplicationContext.java:266)
	at org.springframework.boot.web.servlet.context.ServletWebServerApplicationContext.selfInitialize(ServletWebServerApplicationContext.java:240)
	at org.springframework.boot.web.embedded.tomcat.TomcatStarter.onStartup(TomcatStarter.java:52)
	at org.apache.catalina.core.StandardContext.startInternal(StandardContext.java:4412)
	at org.apache.catalina.util.LifecycleBase.start(LifecycleBase.java:164)
	at org.apache.catalina.core.ContainerBase$StartChild.call(ContainerBase.java:1203)
	at org.apache.catalina.core.ContainerBase$StartChild.call(ContainerBase.java:1193)
	at java.base/java.util.concurrent.FutureTask.run(FutureTask.java:317)
	at org.apache.tomcat.util.threads.InlineExecutorService.execute(InlineExecutorService.java:75)
	at java.base/java.util.concurrent.AbstractExecutorService.submit(AbstractExecutorService.java:145)
	at org.apache.catalina.core.ContainerBase.startInternal(ContainerBase.java:749)
	at org.apache.catalina.core.StandardHost.startInternal(StandardHost.java:772)
	at org.apache.catalina.util.LifecycleBase.start(LifecycleBase.java:164)
	at org.apache.catalina.core.ContainerBase$StartChild.call(ContainerBase.java:1203)
	at org.apache.catalina.core.ContainerBase$StartChild.call(ContainerBase.java:1193)
	at java.base/java.util.concurrent.FutureTask.run(FutureTask.java:317)
	at org.apache.tomcat.util.threads.InlineExecutorService.execute(InlineExecutorService.java:75)
	at java.base/java.util.concurrent.AbstractExecutorService.submit(AbstractExecutorService.java:145)
	at org.apache.catalina.core.ContainerBase.startInternal(ContainerBase.java:749)
	at org.apache.catalina.core.StandardEngine.startInternal(StandardEngine.java:203)
	at org.apache.catalina.util.LifecycleBase.start(LifecycleBase.java:164)
	at org.apache.catalina.core.StandardService.startInternal(StandardService.java:415)
	at org.apache.catalina.util.LifecycleBase.start(LifecycleBase.java:164)
	at org.apache.catalina.core.StandardServer.startInternal(StandardServer.java:870)
	at org.apache.catalina.util.LifecycleBase.start(LifecycleBase.java:164)
	at org.apache.catalina.startup.Tomcat.start(Tomcat.java:437)
	at org.springframework.boot.web.embedded.tomcat.TomcatWebServer.initialize(TomcatWebServer.java:128)
	... 16 common frames omitted
Caused by: java.lang.IllegalStateException: Failed to introspect Class [com.reservation.config.JwtAuthenticationFilter] from ClassLoader [org.springframework.boot.devtools.restart.classloader.RestartClassLoader@6da650ba]
	at org.springframework.util.ReflectionUtils.getDeclaredMethods(ReflectionUtils.java:483)
	at org.springframework.util.ReflectionUtils.doWithLocalMethods(ReflectionUtils.java:320)
	at org.springframework.beans.factory.annotation.AutowiredAnnotationBeanPostProcessor.checkLookupMethods(AutowiredAnnotationBeanPostProcessor.java:476)
	... 57 common frames omitted
Caused by: java.lang.NoClassDefFoundError: HttpServletRequest
	at java.base/java.lang.Class.getDeclaredMethods0(Native Method)
	at java.base/java.lang.Class.privateGetDeclaredMethods(Class.java:3578)
	at java.base/java.lang.Class.getDeclaredMethods(Class.java:2676)
	at org.springframework.util.ReflectionUtils.getDeclaredMethods(ReflectionUtils.java:465)
	... 59 common frames omitted
Caused by: java.lang.ClassNotFoundException: HttpServletRequest
	at java.base/jdk.internal.loader.BuiltinClassLoader.loadClass(BuiltinClassLoader.java:641)
	at java.base/jdk.internal.loader.ClassLoaders$AppClassLoader.loadClass(ClassLoaders.java:188)
	at java.base/java.lang.ClassLoader.loadClass(ClassLoader.java:526)
	at java.base/java.lang.Class.forName0(Native Method)
	at java.base/java.lang.Class.forName(Class.java:534)
	at java.base/java.lang.Class.forName(Class.java:513)
	at org.springframework.boot.devtools.restart.classloader.RestartClassLoader.loadClass(RestartClassLoader.java:121)
	at java.base/java.lang.ClassLoader.loadClass(ClassLoader.java:526)
	... 63 common frames omitted
2026-08-26T14:21:45.217+08:00 INFO  c.r.SpringBootMergeApplication : Starting SpringBootMergeApplication using Java 21.0.8 with PID 23152 (H:\2026\lesson-appointment\api\target\classes started by Administrator in H:\2026\lesson-appointment\api)
2026-08-26T14:21:45.253+08:00 INFO  c.r.SpringBootMergeApplication : No active profile set, falling back to 1 default profile: "default"
2026-08-26T14:21:46.526+08:00 INFO  o.s.b.w.e.tomcat.TomcatWebServer : Tomcat initialized with port 8081 (http)
2026-08-26T14:21:46.526+08:00 INFO  o.a.coyote.http11.Http11NioProtocol : Initializing ProtocolHandler ["http-nio-8081"]
2026-08-26T14:21:46.532+08:00 INFO  o.a.catalina.core.StandardService : Starting service [Tomcat]
2026-08-26T14:21:46.532+08:00 INFO  o.a.catalina.core.StandardEngine : Starting Servlet engine: [Apache Tomcat/10.1.31]
2026-08-26T14:21:46.552+08:00 INFO  o.a.c.c.C.[Tomcat-5].[localhost].[/] : Initializing Spring embedded WebApplicationContext
2026-08-26T14:21:46.552+08:00 INFO  o.s.b.w.s.c.ServletWebServerApplicationContext : Root WebApplicationContext: initialization completed in 1276 ms
2026-08-26T14:21:46.564+08:00 ERROR o.s.b.w.e.tomcat.TomcatStarter : Error starting Tomcat context. Exception: org.springframework.beans.factory.BeanCreationException. Message: Error creating bean with name 'jwtAuthenticationFilter': Lookup method resolution failed
2026-08-26T14:21:46.569+08:00 INFO  o.a.catalina.core.StandardService : Stopping service [Tomcat]
2026-08-26T14:21:46.572+08:00 WARN  o.s.b.w.s.c.AnnotationConfigServletWebServerApplicationContext : Exception encountered during context initialization - cancelling refresh attempt: org.springframework.context.ApplicationContextException: Unable to start web server
2026-08-26T14:21:46.578+08:00 INFO  o.s.b.a.l.ConditionEvaluationReportLogger : 

Error starting ApplicationContext. To display the condition evaluation report re-run your application with 'debug' enabled.
2026-08-26T14:21:46.590+08:00 ERROR o.s.boot.SpringApplication : Application run failed
org.springframework.context.ApplicationContextException: Unable to start web server
	at org.springframework.boot.web.servlet.context.ServletWebServerApplicationContext.onRefresh(ServletWebServerApplicationContext.java:165)
	at org.springframework.context.support.AbstractApplicationContext.refresh(AbstractApplicationContext.java:619)
	at org.springframework.boot.web.servlet.context.ServletWebServerApplicationContext.refresh(ServletWebServerApplicationContext.java:146)
	at org.springframework.boot.SpringApplication.refresh(SpringApplication.java:754)
	at org.springframework.boot.SpringApplication.refreshContext(SpringApplication.java:456)
	at org.springframework.boot.SpringApplication.run(SpringApplication.java:335)
	at org.springframework.boot.SpringApplication.run(SpringApplication.java:1363)
	at org.springframework.boot.SpringApplication.run(SpringApplication.java:1352)
	at com.reservation.SpringBootMergeApplication.main(SpringBootMergeApplication.java:21)
	at java.base/jdk.internal.reflect.DirectMethodHandleAccessor.invoke(DirectMethodHandleAccessor.java:103)
	at java.base/java.lang.reflect.Method.invoke(Method.java:580)
	at org.springframework.boot.devtools.restart.RestartLauncher.run(RestartLauncher.java:50)
Caused by: org.springframework.boot.web.server.WebServerException: Unable to start embedded Tomcat
	at org.springframework.boot.web.embedded.tomcat.TomcatWebServer.initialize(TomcatWebServer.java:147)
	at org.springframework.boot.web.embedded.tomcat.TomcatWebServer.<init>(TomcatWebServer.java:107)
	at org.springframework.boot.web.embedded.tomcat.TomcatServletWebServerFactory.getTomcatWebServer(TomcatServletWebServerFactory.java:516)
	at org.springframework.boot.web.embedded.tomcat.TomcatServletWebServerFactory.getWebServer(TomcatServletWebServerFactory.java:222)
	at org.springframework.boot.web.servlet.context.ServletWebServerApplicationContext.createWebServer(ServletWebServerApplicationContext.java:188)
	at org.springframework.boot.web.servlet.context.ServletWebServerApplicationContext.onRefresh(ServletWebServerApplicationContext.java:162)
	... 11 common frames omitted
Caused by: org.springframework.beans.factory.BeanCreationException: Error creating bean with name 'jwtAuthenticationFilter': Lookup method resolution failed
	at org.springframework.beans.factory.annotation.AutowiredAnnotationBeanPostProcessor.checkLookupMethods(AutowiredAnnotationBeanPostProcessor.java:498)
	at org.springframework.beans.factory.annotation.AutowiredAnnotationBeanPostProcessor.determineCandidateConstructors(AutowiredAnnotationBeanPostProcessor.java:368)
	at org.springframework.beans.factory.support.AbstractAutowireCapableBeanFactory.determineConstructorsFromBeanPostProcessors(AbstractAutowireCapableBeanFactory.java:1314)
	at org.springframework.beans.factory.support.AbstractAutowireCapableBeanFactory.createBeanInstance(AbstractAutowireCapableBeanFactory.java:1209)
	at org.springframework.beans.factory.support.AbstractAutowireCapableBeanFactory.doCreateBean(AbstractAutowireCapableBeanFactory.java:562)
	at org.springframework.beans.factory.support.AbstractAutowireCapableBeanFactory.createBean(AbstractAutowireCapableBeanFactory.java:522)
	at org.springframework.beans.factory.support.AbstractBeanFactory.lambda$doGetBean$0(AbstractBeanFactory.java:337)
	at org.springframework.beans.factory.support.DefaultSingletonBeanRegistry.getSingleton(DefaultSingletonBeanRegistry.java:234)
	at org.springframework.beans.factory.support.AbstractBeanFactory.doGetBean(AbstractBeanFactory.java:335)
	at org.springframework.beans.factory.support.AbstractBeanFactory.getBean(AbstractBeanFactory.java:205)
	at org.springframework.boot.web.servlet.ServletContextInitializerBeans.getOrderedBeansOfType(ServletContextInitializerBeans.java:211)
	at org.springframework.boot.web.servlet.ServletContextInitializerBeans.addAsRegistrationBean(ServletContextInitializerBeans.java:174)
	at org.springframework.boot.web.servlet.ServletContextInitializerBeans.addAsRegistrationBean(ServletContextInitializerBeans.java:169)
	at org.springframework.boot.web.servlet.ServletContextInitializerBeans.addAdaptableBeans(ServletContextInitializerBeans.java:154)
	at org.springframework.boot.web.servlet.ServletContextInitializerBeans.<init>(ServletContextInitializerBeans.java:87)
	at org.springframework.boot.web.servlet.context.ServletWebServerApplicationContext.getServletContextInitializerBeans(ServletWebServerApplicationContext.java:266)
	at org.springframework.boot.web.servlet.context.ServletWebServerApplicationContext.selfInitialize(ServletWebServerApplicationContext.java:240)
	at org.springframework.boot.web.embedded.tomcat.TomcatStarter.onStartup(TomcatStarter.java:52)
	at org.apache.catalina.core.StandardContext.startInternal(StandardContext.java:4412)
	at org.apache.catalina.util.LifecycleBase.start(LifecycleBase.java:164)
	at org.apache.catalina.core.ContainerBase$StartChild.call(ContainerBase.java:1203)
	at org.apache.catalina.core.ContainerBase$StartChild.call(ContainerBase.java:1193)
	at java.base/java.util.concurrent.FutureTask.run(FutureTask.java:317)
	at org.apache.tomcat.util.threads.InlineExecutorService.execute(InlineExecutorService.java:75)
	at java.base/java.util.concurrent.AbstractExecutorService.submit(AbstractExecutorService.java:145)
	at org.apache.catalina.core.ContainerBase.startInternal(ContainerBase.java:749)
	at org.apache.catalina.core.StandardHost.startInternal(StandardHost.java:772)
	at org.apache.catalina.util.LifecycleBase.start(LifecycleBase.java:164)
	at org.apache.catalina.core.ContainerBase$StartChild.call(ContainerBase.java:1203)
	at org.apache.catalina.core.ContainerBase$StartChild.call(ContainerBase.java:1193)
	at java.base/java.util.concurrent.FutureTask.run(FutureTask.java:317)
	at org.apache.tomcat.util.threads.InlineExecutorService.execute(InlineExecutorService.java:75)
	at java.base/java.util.concurrent.AbstractExecutorService.submit(AbstractExecutorService.java:145)
	at org.apache.catalina.core.ContainerBase.startInternal(ContainerBase.java:749)
	at org.apache.catalina.core.StandardEngine.startInternal(StandardEngine.java:203)
	at org.apache.catalina.util.LifecycleBase.start(LifecycleBase.java:164)
	at org.apache.catalina.core.StandardService.startInternal(StandardService.java:415)
	at org.apache.catalina.util.LifecycleBase.start(LifecycleBase.java:164)
	at org.apache.catalina.core.StandardServer.startInternal(StandardServer.java:870)
	at org.apache.catalina.util.LifecycleBase.start(LifecycleBase.java:164)
	at org.apache.catalina.startup.Tomcat.start(Tomcat.java:437)
	at org.springframework.boot.web.embedded.tomcat.TomcatWebServer.initialize(TomcatWebServer.java:128)
	... 16 common frames omitted
Caused by: java.lang.IllegalStateException: Failed to introspect Class [com.reservation.config.JwtAuthenticationFilter] from ClassLoader [org.springframework.boot.devtools.restart.classloader.RestartClassLoader@12eeca0f]
	at org.springframework.util.ReflectionUtils.getDeclaredMethods(ReflectionUtils.java:483)
	at org.springframework.util.ReflectionUtils.doWithLocalMethods(ReflectionUtils.java:320)
	at org.springframework.beans.factory.annotation.AutowiredAnnotationBeanPostProcessor.checkLookupMethods(AutowiredAnnotationBeanPostProcessor.java:476)
	... 57 common frames omitted
Caused by: java.lang.NoClassDefFoundError: HttpServletRequest
	at java.base/java.lang.Class.getDeclaredMethods0(Native Method)
	at java.base/java.lang.Class.privateGetDeclaredMethods(Class.java:3578)
	at java.base/java.lang.Class.getDeclaredMethods(Class.java:2676)
	at org.springframework.util.ReflectionUtils.getDeclaredMethods(ReflectionUtils.java:465)
	... 59 common frames omitted
Caused by: java.lang.ClassNotFoundException: HttpServletRequest
	at java.base/jdk.internal.loader.BuiltinClassLoader.loadClass(BuiltinClassLoader.java:641)
	at java.base/jdk.internal.loader.ClassLoaders$AppClassLoader.loadClass(ClassLoaders.java:188)
	at java.base/java.lang.ClassLoader.loadClass(ClassLoader.java:526)
	at java.base/java.lang.Class.forName0(Native Method)
	at java.base/java.lang.Class.forName(Class.java:534)
	at java.base/java.lang.Class.forName(Class.java:513)
	at org.springframework.boot.devtools.restart.classloader.RestartClassLoader.loadClass(RestartClassLoader.java:121)
	at java.base/java.lang.ClassLoader.loadClass(ClassLoader.java:526)
	... 63 common frames omitted
2026-08-26T14:21:51.238+08:00 INFO  c.r.SpringBootMergeApplication : Starting SpringBootMergeApplication using Java 21.0.8 with PID 23152 (H:\2026\lesson-appointment\api\target\classes started by Administrator in H:\2026\lesson-appointment\api)
2026-08-26T14:21:51.248+08:00 INFO  c.r.SpringBootMergeApplication : No active profile set, falling back to 1 default profile: "default"
2026-08-26T14:21:52.587+08:00 INFO  o.s.b.w.e.tomcat.TomcatWebServer : Tomcat initialized with port 8081 (http)
2026-08-26T14:21:52.671+08:00 INFO  o.a.coyote.http11.Http11NioProtocol : Initializing ProtocolHandler ["http-nio-8081"]
2026-08-26T14:21:52.694+08:00 INFO  o.a.catalina.core.StandardService : Starting service [Tomcat]
2026-08-26T14:21:52.798+08:00 INFO  o.a.catalina.core.StandardEngine : Starting Servlet engine: [Apache Tomcat/10.1.31]
2026-08-26T14:21:52.842+08:00 INFO  o.a.c.c.C.[Tomcat-6].[localhost].[/] : Initializing Spring embedded WebApplicationContext
2026-08-26T14:21:52.843+08:00 INFO  o.s.b.w.s.c.ServletWebServerApplicationContext : Root WebApplicationContext: initialization completed in 1583 ms
2026-08-26T14:21:52.855+08:00 ERROR o.s.b.w.e.tomcat.TomcatStarter : Error starting Tomcat context. Exception: org.springframework.beans.factory.BeanCreationException. Message: Error creating bean with name 'jwtAuthenticationFilter': Lookup method resolution failed
2026-08-26T14:21:52.859+08:00 INFO  o.a.catalina.core.StandardService : Stopping service [Tomcat]
2026-08-26T14:21:52.896+08:00 WARN  o.s.b.w.s.c.AnnotationConfigServletWebServerApplicationContext : Exception encountered during context initialization - cancelling refresh attempt: org.springframework.context.ApplicationContextException: Unable to start web server
2026-08-26T14:21:52.926+08:00 INFO  o.s.b.a.l.ConditionEvaluationReportLogger : 

Error starting ApplicationContext. To display the condition evaluation report re-run your application with 'debug' enabled.
2026-08-26T14:21:52.969+08:00 ERROR o.s.boot.SpringApplication : Application run failed
org.springframework.context.ApplicationContextException: Unable to start web server
	at org.springframework.boot.web.servlet.context.ServletWebServerApplicationContext.onRefresh(ServletWebServerApplicationContext.java:165)
	at org.springframework.context.support.AbstractApplicationContext.refresh(AbstractApplicationContext.java:619)
	at org.springframework.boot.web.servlet.context.ServletWebServerApplicationContext.refresh(ServletWebServerApplicationContext.java:146)
	at org.springframework.boot.SpringApplication.refresh(SpringApplication.java:754)
	at org.springframework.boot.SpringApplication.refreshContext(SpringApplication.java:456)
	at org.springframework.boot.SpringApplication.run(SpringApplication.java:335)
	at org.springframework.boot.SpringApplication.run(SpringApplication.java:1363)
	at org.springframework.boot.SpringApplication.run(SpringApplication.java:1352)
	at com.reservation.SpringBootMergeApplication.main(SpringBootMergeApplication.java:21)
	at java.base/jdk.internal.reflect.DirectMethodHandleAccessor.invoke(DirectMethodHandleAccessor.java:103)
	at java.base/java.lang.reflect.Method.invoke(Method.java:580)
	at org.springframework.boot.devtools.restart.RestartLauncher.run(RestartLauncher.java:50)
Caused by: org.springframework.boot.web.server.WebServerException: Unable to start embedded Tomcat
	at org.springframework.boot.web.embedded.tomcat.TomcatWebServer.initialize(TomcatWebServer.java:147)
	at org.springframework.boot.web.embedded.tomcat.TomcatWebServer.<init>(TomcatWebServer.java:107)
	at org.springframework.boot.web.embedded.tomcat.TomcatServletWebServerFactory.getTomcatWebServer(TomcatServletWebServerFactory.java:516)
	at org.springframework.boot.web.embedded.tomcat.TomcatServletWebServerFactory.getWebServer(TomcatServletWebServerFactory.java:222)
	at org.springframework.boot.web.servlet.context.ServletWebServerApplicationContext.createWebServer(ServletWebServerApplicationContext.java:188)
	at org.springframework.boot.web.servlet.context.ServletWebServerApplicationContext.onRefresh(ServletWebServerApplicationContext.java:162)
	... 11 common frames omitted
Caused by: org.springframework.beans.factory.BeanCreationException: Error creating bean with name 'jwtAuthenticationFilter': Lookup method resolution failed
	at org.springframework.beans.factory.annotation.AutowiredAnnotationBeanPostProcessor.checkLookupMethods(AutowiredAnnotationBeanPostProcessor.java:498)
	at org.springframework.beans.factory.annotation.AutowiredAnnotationBeanPostProcessor.determineCandidateConstructors(AutowiredAnnotationBeanPostProcessor.java:368)
	at org.springframework.beans.factory.support.AbstractAutowireCapableBeanFactory.determineConstructorsFromBeanPostProcessors(AbstractAutowireCapableBeanFactory.java:1314)
	at org.springframework.beans.factory.support.AbstractAutowireCapableBeanFactory.createBeanInstance(AbstractAutowireCapableBeanFactory.java:1209)
	at org.springframework.beans.factory.support.AbstractAutowireCapableBeanFactory.doCreateBean(AbstractAutowireCapableBeanFactory.java:562)
	at org.springframework.beans.factory.support.AbstractAutowireCapableBeanFactory.createBean(AbstractAutowireCapableBeanFactory.java:522)
	at org.springframework.beans.factory.support.AbstractBeanFactory.lambda$doGetBean$0(AbstractBeanFactory.java:337)
	at org.springframework.beans.factory.support.DefaultSingletonBeanRegistry.getSingleton(DefaultSingletonBeanRegistry.java:234)
	at org.springframework.beans.factory.support.AbstractBeanFactory.doGetBean(AbstractBeanFactory.java:335)
	at org.springframework.beans.factory.support.AbstractBeanFactory.getBean(AbstractBeanFactory.java:205)
	at org.springframework.boot.web.servlet.ServletContextInitializerBeans.getOrderedBeansOfType(ServletContextInitializerBeans.java:211)
	at org.springframework.boot.web.servlet.ServletContextInitializerBeans.addAsRegistrationBean(ServletContextInitializerBeans.java:174)
	at org.springframework.boot.web.servlet.ServletContextInitializerBeans.addAsRegistrationBean(ServletContextInitializerBeans.java:169)
	at org.springframework.boot.web.servlet.ServletContextInitializerBeans.addAdaptableBeans(ServletContextInitializerBeans.java:154)
	at org.springframework.boot.web.servlet.ServletContextInitializerBeans.<init>(ServletContextInitializerBeans.java:87)
	at org.springframework.boot.web.servlet.context.ServletWebServerApplicationContext.getServletContextInitializerBeans(ServletWebServerApplicationContext.java:266)
	at org.springframework.boot.web.servlet.context.ServletWebServerApplicationContext.selfInitialize(ServletWebServerApplicationContext.java:240)
	at org.springframework.boot.web.embedded.tomcat.TomcatStarter.onStartup(TomcatStarter.java:52)
	at org.apache.catalina.core.StandardContext.startInternal(StandardContext.java:4412)
	at org.apache.catalina.util.LifecycleBase.start(LifecycleBase.java:164)
	at org.apache.catalina.core.ContainerBase$StartChild.call(ContainerBase.java:1203)
	at org.apache.catalina.core.ContainerBase$StartChild.call(ContainerBase.java:1193)
	at java.base/java.util.concurrent.FutureTask.run(FutureTask.java:317)
	at org.apache.tomcat.util.threads.InlineExecutorService.execute(InlineExecutorService.java:75)
	at java.base/java.util.concurrent.AbstractExecutorService.submit(AbstractExecutorService.java:145)
	at org.apache.catalina.core.ContainerBase.startInternal(ContainerBase.java:749)
	at org.apache.catalina.core.StandardHost.startInternal(StandardHost.java:772)
	at org.apache.catalina.util.LifecycleBase.start(LifecycleBase.java:164)
	at org.apache.catalina.core.ContainerBase$StartChild.call(ContainerBase.java:1203)
	at org.apache.catalina.core.ContainerBase$StartChild.call(ContainerBase.java:1193)
	at java.base/java.util.concurrent.FutureTask.run(FutureTask.java:317)
	at org.apache.tomcat.util.threads.InlineExecutorService.execute(InlineExecutorService.java:75)
	at java.base/java.util.concurrent.AbstractExecutorService.submit(AbstractExecutorService.java:145)
	at org.apache.catalina.core.ContainerBase.startInternal(ContainerBase.java:749)
	at org.apache.catalina.core.StandardEngine.startInternal(StandardEngine.java:203)
	at org.apache.catalina.util.LifecycleBase.start(LifecycleBase.java:164)
	at org.apache.catalina.core.StandardService.startInternal(StandardService.java:415)
	at org.apache.catalina.util.LifecycleBase.start(LifecycleBase.java:164)
	at org.apache.catalina.core.StandardServer.startInternal(StandardServer.java:870)
	at org.apache.catalina.util.LifecycleBase.start(LifecycleBase.java:164)
	at org.apache.catalina.startup.Tomcat.start(Tomcat.java:437)
	at org.springframework.boot.web.embedded.tomcat.TomcatWebServer.initialize(TomcatWebServer.java:128)
	... 16 common frames omitted
Caused by: java.lang.IllegalStateException: Failed to introspect Class [com.reservation.config.JwtAuthenticationFilter] from ClassLoader [org.springframework.boot.devtools.restart.classloader.RestartClassLoader@52866e6]
	at org.springframework.util.ReflectionUtils.getDeclaredMethods(ReflectionUtils.java:483)
	at org.springframework.util.ReflectionUtils.doWithLocalMethods(ReflectionUtils.java:320)
	at org.springframework.beans.factory.annotation.AutowiredAnnotationBeanPostProcessor.checkLookupMethods(AutowiredAnnotationBeanPostProcessor.java:476)
	... 57 common frames omitted
Caused by: java.lang.NoClassDefFoundError: HttpServletRequest
	at java.base/java.lang.Class.getDeclaredMethods0(Native Method)
	at java.base/java.lang.Class.privateGetDeclaredMethods(Class.java:3578)
	at java.base/java.lang.Class.getDeclaredMethods(Class.java:2676)
	at org.springframework.util.ReflectionUtils.getDeclaredMethods(ReflectionUtils.java:465)
	... 59 common frames omitted
Caused by: java.lang.ClassNotFoundException: HttpServletRequest
	at java.base/jdk.internal.loader.BuiltinClassLoader.loadClass(BuiltinClassLoader.java:641)
	at java.base/jdk.internal.loader.ClassLoaders$AppClassLoader.loadClass(ClassLoaders.java:188)
	at java.base/java.lang.ClassLoader.loadClass(ClassLoader.java:526)
	at java.base/java.lang.Class.forName0(Native Method)
	at java.base/java.lang.Class.forName(Class.java:534)
	at java.base/java.lang.Class.forName(Class.java:513)
	at org.springframework.boot.devtools.restart.classloader.RestartClassLoader.loadClass(RestartClassLoader.java:121)
	at java.base/java.lang.ClassLoader.loadClass(ClassLoader.java:526)
	... 63 common frames omitted
2026-08-26T14:22:14.956+08:00 INFO  c.r.SpringBootMergeApplication : Starting SpringBootMergeApplication using Java 21.0.8 with PID 23152 (H:\2026\lesson-appointment\api\target\classes started by Administrator in H:\2026\lesson-appointment\api)
2026-08-26T14:22:15.012+08:00 INFO  c.r.SpringBootMergeApplication : No active profile set, falling back to 1 default profile: "default"
2026-08-26T14:22:16.787+08:00 INFO  o.s.b.w.e.tomcat.TomcatWebServer : Tomcat initialized with port 8081 (http)
2026-08-26T14:22:16.821+08:00 INFO  o.a.coyote.http11.Http11NioProtocol : Initializing ProtocolHandler ["http-nio-8081"]
2026-08-26T14:22:16.860+08:00 INFO  o.a.catalina.core.StandardService : Starting service [Tomcat]
2026-08-26T14:22:16.920+08:00 INFO  o.a.catalina.core.StandardEngine : Starting Servlet engine: [Apache Tomcat/10.1.31]
2026-08-26T14:22:17.004+08:00 INFO  o.a.c.c.C.[Tomcat-7].[localhost].[/] : Initializing Spring embedded WebApplicationContext
2026-08-26T14:22:17.059+08:00 INFO  o.s.b.w.s.c.ServletWebServerApplicationContext : Root WebApplicationContext: initialization completed in 2004 ms
2026-08-26T14:22:17.120+08:00 ERROR o.s.b.w.e.tomcat.TomcatStarter : Error starting Tomcat context. Exception: org.springframework.beans.factory.BeanCreationException. Message: Error creating bean with name 'jwtAuthenticationFilter': Lookup method resolution failed
2026-08-26T14:22:17.162+08:00 INFO  o.a.catalina.core.StandardService : Stopping service [Tomcat]
2026-08-26T14:22:17.221+08:00 WARN  o.s.b.w.s.c.AnnotationConfigServletWebServerApplicationContext : Exception encountered during context initialization - cancelling refresh attempt: org.springframework.context.ApplicationContextException: Unable to start web server
2026-08-26T14:22:17.305+08:00 INFO  o.s.b.a.l.ConditionEvaluationReportLogger : 

Error starting ApplicationContext. To display the condition evaluation report re-run your application with 'debug' enabled.
2026-08-26T14:22:17.314+08:00 ERROR o.s.boot.SpringApplication : Application run failed
org.springframework.context.ApplicationContextException: Unable to start web server
	at org.springframework.boot.web.servlet.context.ServletWebServerApplicationContext.onRefresh(ServletWebServerApplicationContext.java:165)
	at org.springframework.context.support.AbstractApplicationContext.refresh(AbstractApplicationContext.java:619)
	at org.springframework.boot.web.servlet.context.ServletWebServerApplicationContext.refresh(ServletWebServerApplicationContext.java:146)
	at org.springframework.boot.SpringApplication.refresh(SpringApplication.java:754)
	at org.springframework.boot.SpringApplication.refreshContext(SpringApplication.java:456)
	at org.springframework.boot.SpringApplication.run(SpringApplication.java:335)
	at org.springframework.boot.SpringApplication.run(SpringApplication.java:1363)
	at org.springframework.boot.SpringApplication.run(SpringApplication.java:1352)
	at com.reservation.SpringBootMergeApplication.main(SpringBootMergeApplication.java:21)
	at java.base/jdk.internal.reflect.DirectMethodHandleAccessor.invoke(DirectMethodHandleAccessor.java:103)
	at java.base/java.lang.reflect.Method.invoke(Method.java:580)
	at org.springframework.boot.devtools.restart.RestartLauncher.run(RestartLauncher.java:50)
Caused by: org.springframework.boot.web.server.WebServerException: Unable to start embedded Tomcat
	at org.springframework.boot.web.embedded.tomcat.TomcatWebServer.initialize(TomcatWebServer.java:147)
	at org.springframework.boot.web.embedded.tomcat.TomcatWebServer.<init>(TomcatWebServer.java:107)
	at org.springframework.boot.web.embedded.tomcat.TomcatServletWebServerFactory.getTomcatWebServer(TomcatServletWebServerFactory.java:516)
	at org.springframework.boot.web.embedded.tomcat.TomcatServletWebServerFactory.getWebServer(TomcatServletWebServerFactory.java:222)
	at org.springframework.boot.web.servlet.context.ServletWebServerApplicationContext.createWebServer(ServletWebServerApplicationContext.java:188)
	at org.springframework.boot.web.servlet.context.ServletWebServerApplicationContext.onRefresh(ServletWebServerApplicationContext.java:162)
	... 11 common frames omitted
Caused by: org.springframework.beans.factory.BeanCreationException: Error creating bean with name 'jwtAuthenticationFilter': Lookup method resolution failed
	at org.springframework.beans.factory.annotation.AutowiredAnnotationBeanPostProcessor.checkLookupMethods(AutowiredAnnotationBeanPostProcessor.java:498)
	at org.springframework.beans.factory.annotation.AutowiredAnnotationBeanPostProcessor.determineCandidateConstructors(AutowiredAnnotationBeanPostProcessor.java:368)
	at org.springframework.beans.factory.support.AbstractAutowireCapableBeanFactory.determineConstructorsFromBeanPostProcessors(AbstractAutowireCapableBeanFactory.java:1314)
	at org.springframework.beans.factory.support.AbstractAutowireCapableBeanFactory.createBeanInstance(AbstractAutowireCapableBeanFactory.java:1209)
	at org.springframework.beans.factory.support.AbstractAutowireCapableBeanFactory.doCreateBean(AbstractAutowireCapableBeanFactory.java:562)
	at org.springframework.beans.factory.support.AbstractAutowireCapableBeanFactory.createBean(AbstractAutowireCapableBeanFactory.java:522)
	at org.springframework.beans.factory.support.AbstractBeanFactory.lambda$doGetBean$0(AbstractBeanFactory.java:337)
	at org.springframework.beans.factory.support.DefaultSingletonBeanRegistry.getSingleton(DefaultSingletonBeanRegistry.java:234)
	at org.springframework.beans.factory.support.AbstractBeanFactory.doGetBean(AbstractBeanFactory.java:335)
	at org.springframework.beans.factory.support.AbstractBeanFactory.getBean(AbstractBeanFactory.java:205)
	at org.springframework.boot.web.servlet.ServletContextInitializerBeans.getOrderedBeansOfType(ServletContextInitializerBeans.java:211)
	at org.springframework.boot.web.servlet.ServletContextInitializerBeans.addAsRegistrationBean(ServletContextInitializerBeans.java:174)
	at org.springframework.boot.web.servlet.ServletContextInitializerBeans.addAsRegistrationBean(ServletContextInitializerBeans.java:169)
	at org.springframework.boot.web.servlet.ServletContextInitializerBeans.addAdaptableBeans(ServletContextInitializerBeans.java:154)
	at org.springframework.boot.web.servlet.ServletContextInitializerBeans.<init>(ServletContextInitializerBeans.java:87)
	at org.springframework.boot.web.servlet.context.ServletWebServerApplicationContext.getServletContextInitializerBeans(ServletWebServerApplicationContext.java:266)
	at org.springframework.boot.web.servlet.context.ServletWebServerApplicationContext.selfInitialize(ServletWebServerApplicationContext.java:240)
	at org.springframework.boot.web.embedded.tomcat.TomcatStarter.onStartup(TomcatStarter.java:52)
	at org.apache.catalina.core.StandardContext.startInternal(StandardContext.java:4412)
	at org.apache.catalina.util.LifecycleBase.start(LifecycleBase.java:164)
	at org.apache.catalina.core.ContainerBase$StartChild.call(ContainerBase.java:1203)
	at org.apache.catalina.core.ContainerBase$StartChild.call(ContainerBase.java:1193)
	at java.base/java.util.concurrent.FutureTask.run(FutureTask.java:317)
	at org.apache.tomcat.util.threads.InlineExecutorService.execute(InlineExecutorService.java:75)
	at java.base/java.util.concurrent.AbstractExecutorService.submit(AbstractExecutorService.java:145)
	at org.apache.catalina.core.ContainerBase.startInternal(ContainerBase.java:749)
	at org.apache.catalina.core.StandardHost.startInternal(StandardHost.java:772)
	at org.apache.catalina.util.LifecycleBase.start(LifecycleBase.java:164)
	at org.apache.catalina.core.ContainerBase$StartChild.call(ContainerBase.java:1203)
	at org.apache.catalina.core.ContainerBase$StartChild.call(ContainerBase.java:1193)
	at java.base/java.util.concurrent.FutureTask.run(FutureTask.java:317)
	at org.apache.tomcat.util.threads.InlineExecutorService.execute(InlineExecutorService.java:75)
	at java.base/java.util.concurrent.AbstractExecutorService.submit(AbstractExecutorService.java:145)
	at org.apache.catalina.core.ContainerBase.startInternal(ContainerBase.java:749)
	at org.apache.catalina.core.StandardEngine.startInternal(StandardEngine.java:203)
	at org.apache.catalina.util.LifecycleBase.start(LifecycleBase.java:164)
	at org.apache.catalina.core.StandardService.startInternal(StandardService.java:415)
	at org.apache.catalina.util.LifecycleBase.start(LifecycleBase.java:164)
	at org.apache.catalina.core.StandardServer.startInternal(StandardServer.java:870)
	at org.apache.catalina.util.LifecycleBase.start(LifecycleBase.java:164)
	at org.apache.catalina.startup.Tomcat.start(Tomcat.java:437)
	at org.springframework.boot.web.embedded.tomcat.TomcatWebServer.initialize(TomcatWebServer.java:128)
	... 16 common frames omitted
Caused by: java.lang.IllegalStateException: Failed to introspect Class [com.reservation.config.JwtAuthenticationFilter] from ClassLoader [org.springframework.boot.devtools.restart.classloader.RestartClassLoader@3dd1dfa9]
	at org.springframework.util.ReflectionUtils.getDeclaredMethods(ReflectionUtils.java:483)
	at org.springframework.util.ReflectionUtils.doWithLocalMethods(ReflectionUtils.java:320)
	at org.springframework.beans.factory.annotation.AutowiredAnnotationBeanPostProcessor.checkLookupMethods(AutowiredAnnotationBeanPostProcessor.java:476)
	... 57 common frames omitted
Caused by: java.lang.NoClassDefFoundError: HttpServletRequest
	at java.base/java.lang.Class.getDeclaredMethods0(Native Method)
	at java.base/java.lang.Class.privateGetDeclaredMethods(Class.java:3578)
	at java.base/java.lang.Class.getDeclaredMethods(Class.java:2676)
	at org.springframework.util.ReflectionUtils.getDeclaredMethods(ReflectionUtils.java:465)
	... 59 common frames omitted
Caused by: java.lang.ClassNotFoundException: HttpServletRequest
	at java.base/jdk.internal.loader.BuiltinClassLoader.loadClass(BuiltinClassLoader.java:641)
	at java.base/jdk.internal.loader.ClassLoaders$AppClassLoader.loadClass(ClassLoaders.java:188)
	at java.base/java.lang.ClassLoader.loadClass(ClassLoader.java:526)
	at java.base/java.lang.Class.forName0(Native Method)
	at java.base/java.lang.Class.forName(Class.java:534)
	at java.base/java.lang.Class.forName(Class.java:513)
	at org.springframework.boot.devtools.restart.classloader.RestartClassLoader.loadClass(RestartClassLoader.java:121)
	at java.base/java.lang.ClassLoader.loadClass(ClassLoader.java:526)
	... 63 common frames omitted
2026-08-26T14:22:32.123+08:00 INFO  c.r.SpringBootMergeApplication : Starting SpringBootMergeApplication using Java 21.0.8 with PID 23152 (H:\2026\lesson-appointment\api\target\classes started by Administrator in H:\2026\lesson-appointment\api)
2026-08-26T14:22:32.125+08:00 INFO  c.r.SpringBootMergeApplication : No active profile set, falling back to 1 default profile: "default"
2026-08-26T14:22:32.941+08:00 INFO  o.s.b.w.e.tomcat.TomcatWebServer : Tomcat initialized with port 8081 (http)
2026-08-26T14:22:32.946+08:00 INFO  o.a.coyote.http11.Http11NioProtocol : Initializing ProtocolHandler ["http-nio-8081"]
2026-08-26T14:22:32.985+08:00 INFO  o.a.catalina.core.StandardService : Starting service [Tomcat]
2026-08-26T14:22:33.035+08:00 INFO  o.a.catalina.core.StandardEngine : Starting Servlet engine: [Apache Tomcat/10.1.31]
2026-08-26T14:22:33.066+08:00 INFO  o.a.c.c.C.[Tomcat-8].[localhost].[/] : Initializing Spring embedded WebApplicationContext
2026-08-26T14:22:33.070+08:00 INFO  o.s.b.w.s.c.ServletWebServerApplicationContext : Root WebApplicationContext: initialization completed in 932 ms
2026-08-26T14:22:33.090+08:00 ERROR o.s.b.w.e.tomcat.TomcatStarter : Error starting Tomcat context. Exception: org.springframework.beans.factory.BeanCreationException. Message: Error creating bean with name 'jwtAuthenticationFilter': Lookup method resolution failed
2026-08-26T14:22:33.104+08:00 INFO  o.a.catalina.core.StandardService : Stopping service [Tomcat]
2026-08-26T14:22:33.140+08:00 WARN  o.s.b.w.s.c.AnnotationConfigServletWebServerApplicationContext : Exception encountered during context initialization - cancelling refresh attempt: org.springframework.context.ApplicationContextException: Unable to start web server
2026-08-26T14:22:33.152+08:00 INFO  o.s.b.a.l.ConditionEvaluationReportLogger : 

Error starting ApplicationContext. To display the condition evaluation report re-run your application with 'debug' enabled.
2026-08-26T14:22:33.160+08:00 ERROR o.s.boot.SpringApplication : Application run failed
org.springframework.context.ApplicationContextException: Unable to start web server
	at org.springframework.boot.web.servlet.context.ServletWebServerApplicationContext.onRefresh(ServletWebServerApplicationContext.java:165)
	at org.springframework.context.support.AbstractApplicationContext.refresh(AbstractApplicationContext.java:619)
	at org.springframework.boot.web.servlet.context.ServletWebServerApplicationContext.refresh(ServletWebServerApplicationContext.java:146)
	at org.springframework.boot.SpringApplication.refresh(SpringApplication.java:754)
	at org.springframework.boot.SpringApplication.refreshContext(SpringApplication.java:456)
	at org.springframework.boot.SpringApplication.run(SpringApplication.java:335)
	at org.springframework.boot.SpringApplication.run(SpringApplication.java:1363)
	at org.springframework.boot.SpringApplication.run(SpringApplication.java:1352)
	at com.reservation.SpringBootMergeApplication.main(SpringBootMergeApplication.java:21)
	at java.base/jdk.internal.reflect.DirectMethodHandleAccessor.invoke(DirectMethodHandleAccessor.java:103)
	at java.base/java.lang.reflect.Method.invoke(Method.java:580)
	at org.springframework.boot.devtools.restart.RestartLauncher.run(RestartLauncher.java:50)
Caused by: org.springframework.boot.web.server.WebServerException: Unable to start embedded Tomcat
	at org.springframework.boot.web.embedded.tomcat.TomcatWebServer.initialize(TomcatWebServer.java:147)
	at org.springframework.boot.web.embedded.tomcat.TomcatWebServer.<init>(TomcatWebServer.java:107)
	at org.springframework.boot.web.embedded.tomcat.TomcatServletWebServerFactory.getTomcatWebServer(TomcatServletWebServerFactory.java:516)
	at org.springframework.boot.web.embedded.tomcat.TomcatServletWebServerFactory.getWebServer(TomcatServletWebServerFactory.java:222)
	at org.springframework.boot.web.servlet.context.ServletWebServerApplicationContext.createWebServer(ServletWebServerApplicationContext.java:188)
	at org.springframework.boot.web.servlet.context.ServletWebServerApplicationContext.onRefresh(ServletWebServerApplicationContext.java:162)
	... 11 common frames omitted
Caused by: org.springframework.beans.factory.BeanCreationException: Error creating bean with name 'jwtAuthenticationFilter': Lookup method resolution failed
	at org.springframework.beans.factory.annotation.AutowiredAnnotationBeanPostProcessor.checkLookupMethods(AutowiredAnnotationBeanPostProcessor.java:498)
	at org.springframework.beans.factory.annotation.AutowiredAnnotationBeanPostProcessor.determineCandidateConstructors(AutowiredAnnotationBeanPostProcessor.java:368)
	at org.springframework.beans.factory.support.AbstractAutowireCapableBeanFactory.determineConstructorsFromBeanPostProcessors(AbstractAutowireCapableBeanFactory.java:1314)
	at org.springframework.beans.factory.support.AbstractAutowireCapableBeanFactory.createBeanInstance(AbstractAutowireCapableBeanFactory.java:1209)
	at org.springframework.beans.factory.support.AbstractAutowireCapableBeanFactory.doCreateBean(AbstractAutowireCapableBeanFactory.java:562)
	at org.springframework.beans.factory.support.AbstractAutowireCapableBeanFactory.createBean(AbstractAutowireCapableBeanFactory.java:522)
	at org.springframework.beans.factory.support.AbstractBeanFactory.lambda$doGetBean$0(AbstractBeanFactory.java:337)
	at org.springframework.beans.factory.support.DefaultSingletonBeanRegistry.getSingleton(DefaultSingletonBeanRegistry.java:234)
	at org.springframework.beans.factory.support.AbstractBeanFactory.doGetBean(AbstractBeanFactory.java:335)
	at org.springframework.beans.factory.support.AbstractBeanFactory.getBean(AbstractBeanFactory.java:205)
	at org.springframework.boot.web.servlet.ServletContextInitializerBeans.getOrderedBeansOfType(ServletContextInitializerBeans.java:211)
	at org.springframework.boot.web.servlet.ServletContextInitializerBeans.addAsRegistrationBean(ServletContextInitializerBeans.java:174)
	at org.springframework.boot.web.servlet.ServletContextInitializerBeans.addAsRegistrationBean(ServletContextInitializerBeans.java:169)
	at org.springframework.boot.web.servlet.ServletContextInitializerBeans.addAdaptableBeans(ServletContextInitializerBeans.java:154)
	at org.springframework.boot.web.servlet.ServletContextInitializerBeans.<init>(ServletContextInitializerBeans.java:87)
	at org.springframework.boot.web.servlet.context.ServletWebServerApplicationContext.getServletContextInitializerBeans(ServletWebServerApplicationContext.java:266)
	at org.springframework.boot.web.servlet.context.ServletWebServerApplicationContext.selfInitialize(ServletWebServerApplicationContext.java:240)
	at org.springframework.boot.web.embedded.tomcat.TomcatStarter.onStartup(TomcatStarter.java:52)
	at org.apache.catalina.core.StandardContext.startInternal(StandardContext.java:4412)
	at org.apache.catalina.util.LifecycleBase.start(LifecycleBase.java:164)
	at org.apache.catalina.core.ContainerBase$StartChild.call(ContainerBase.java:1203)
	at org.apache.catalina.core.ContainerBase$StartChild.call(ContainerBase.java:1193)
	at java.base/java.util.concurrent.FutureTask.run(FutureTask.java:317)
	at org.apache.tomcat.util.threads.InlineExecutorService.execute(InlineExecutorService.java:75)
	at java.base/java.util.concurrent.AbstractExecutorService.submit(AbstractExecutorService.java:145)
	at org.apache.catalina.core.ContainerBase.startInternal(ContainerBase.java:749)
	at org.apache.catalina.core.StandardHost.startInternal(StandardHost.java:772)
	at org.apache.catalina.util.LifecycleBase.start(LifecycleBase.java:164)
	at org.apache.catalina.core.ContainerBase$StartChild.call(ContainerBase.java:1203)
	at org.apache.catalina.core.ContainerBase$StartChild.call(ContainerBase.java:1193)
	at java.base/java.util.concurrent.FutureTask.run(FutureTask.java:317)
	at org.apache.tomcat.util.threads.InlineExecutorService.execute(InlineExecutorService.java:75)
	at java.base/java.util.concurrent.AbstractExecutorService.submit(AbstractExecutorService.java:145)
	at org.apache.catalina.core.ContainerBase.startInternal(ContainerBase.java:749)
	at org.apache.catalina.core.StandardEngine.startInternal(StandardEngine.java:203)
	at org.apache.catalina.util.LifecycleBase.start(LifecycleBase.java:164)
	at org.apache.catalina.core.StandardService.startInternal(StandardService.java:415)
	at org.apache.catalina.util.LifecycleBase.start(LifecycleBase.java:164)
	at org.apache.catalina.core.StandardServer.startInternal(StandardServer.java:870)
	at org.apache.catalina.util.LifecycleBase.start(LifecycleBase.java:164)
	at org.apache.catalina.startup.Tomcat.start(Tomcat.java:437)
	at org.springframework.boot.web.embedded.tomcat.TomcatWebServer.initialize(TomcatWebServer.java:128)
	... 16 common frames omitted
Caused by: java.lang.IllegalStateException: Failed to introspect Class [com.reservation.config.JwtAuthenticationFilter] from ClassLoader [org.springframework.boot.devtools.restart.classloader.RestartClassLoader@62ad6b29]
	at org.springframework.util.ReflectionUtils.getDeclaredMethods(ReflectionUtils.java:483)
	at org.springframework.util.ReflectionUtils.doWithLocalMethods(ReflectionUtils.java:320)
	at org.springframework.beans.factory.annotation.AutowiredAnnotationBeanPostProcessor.checkLookupMethods(AutowiredAnnotationBeanPostProcessor.java:476)
	... 57 common frames omitted
Caused by: java.lang.NoClassDefFoundError: HttpServletRequest
	at java.base/java.lang.Class.getDeclaredMethods0(Native Method)
	at java.base/java.lang.Class.privateGetDeclaredMethods(Class.java:3578)
	at java.base/java.lang.Class.getDeclaredMethods(Class.java:2676)
	at org.springframework.util.ReflectionUtils.getDeclaredMethods(ReflectionUtils.java:465)
	... 59 common frames omitted
Caused by: java.lang.ClassNotFoundException: HttpServletRequest
	at java.base/jdk.internal.loader.BuiltinClassLoader.loadClass(BuiltinClassLoader.java:641)
	at java.base/jdk.internal.loader.ClassLoaders$AppClassLoader.loadClass(ClassLoaders.java:188)
	at java.base/java.lang.ClassLoader.loadClass(ClassLoader.java:526)
	at java.base/java.lang.Class.forName0(Native Method)
	at java.base/java.lang.Class.forName(Class.java:534)
	at java.base/java.lang.Class.forName(Class.java:513)
	at org.springframework.boot.devtools.restart.classloader.RestartClassLoader.loadClass(RestartClassLoader.java:121)
	at java.base/java.lang.ClassLoader.loadClass(ClassLoader.java:526)
	... 63 common frames omitted
2026-08-26T14:22:57.692+08:00 INFO  c.r.SpringBootMergeApplication : Starting SpringBootMergeApplication using Java 21.0.8 with PID 23152 (H:\2026\lesson-appointment\api\target\classes started by Administrator in H:\2026\lesson-appointment\api)
2026-08-26T14:22:57.706+08:00 INFO  c.r.SpringBootMergeApplication : No active profile set, falling back to 1 default profile: "default"
2026-08-26T14:22:58.784+08:00 INFO  o.s.b.w.e.tomcat.TomcatWebServer : Tomcat initialized with port 8081 (http)
2026-08-26T14:22:58.846+08:00 INFO  o.a.coyote.http11.Http11NioProtocol : Initializing ProtocolHandler ["http-nio-8081"]
2026-08-26T14:22:58.956+08:00 INFO  o.a.catalina.core.StandardService : Starting service [Tomcat]
2026-08-26T14:22:59.022+08:00 INFO  o.a.catalina.core.StandardEngine : Starting Servlet engine: [Apache Tomcat/10.1.31]
2026-08-26T14:22:59.087+08:00 INFO  o.a.c.c.C.[Tomcat-9].[localhost].[/] : Initializing Spring embedded WebApplicationContext
2026-08-26T14:22:59.122+08:00 INFO  o.s.b.w.s.c.ServletWebServerApplicationContext : Root WebApplicationContext: initialization completed in 1407 ms
2026-08-26T14:22:59.161+08:00 ERROR o.s.b.w.e.tomcat.TomcatStarter : Error starting Tomcat context. Exception: org.springframework.beans.factory.BeanCreationException. Message: Error creating bean with name 'jwtAuthenticationFilter': Lookup method resolution failed
2026-08-26T14:22:59.188+08:00 INFO  o.a.catalina.core.StandardService : Stopping service [Tomcat]
2026-08-26T14:22:59.212+08:00 WARN  o.s.b.w.s.c.AnnotationConfigServletWebServerApplicationContext : Exception encountered during context initialization - cancelling refresh attempt: org.springframework.context.ApplicationContextException: Unable to start web server
2026-08-26T14:22:59.230+08:00 INFO  o.s.b.a.l.ConditionEvaluationReportLogger : 

Error starting ApplicationContext. To display the condition evaluation report re-run your application with 'debug' enabled.
2026-08-26T14:22:59.248+08:00 ERROR o.s.boot.SpringApplication : Application run failed
org.springframework.context.ApplicationContextException: Unable to start web server
	at org.springframework.boot.web.servlet.context.ServletWebServerApplicationContext.onRefresh(ServletWebServerApplicationContext.java:165)
	at org.springframework.context.support.AbstractApplicationContext.refresh(AbstractApplicationContext.java:619)
	at org.springframework.boot.web.servlet.context.ServletWebServerApplicationContext.refresh(ServletWebServerApplicationContext.java:146)
	at org.springframework.boot.SpringApplication.refresh(SpringApplication.java:754)
	at org.springframework.boot.SpringApplication.refreshContext(SpringApplication.java:456)
	at org.springframework.boot.SpringApplication.run(SpringApplication.java:335)
	at org.springframework.boot.SpringApplication.run(SpringApplication.java:1363)
	at org.springframework.boot.SpringApplication.run(SpringApplication.java:1352)
	at com.reservation.SpringBootMergeApplication.main(SpringBootMergeApplication.java:21)
	at java.base/jdk.internal.reflect.DirectMethodHandleAccessor.invoke(DirectMethodHandleAccessor.java:103)
	at java.base/java.lang.reflect.Method.invoke(Method.java:580)
	at org.springframework.boot.devtools.restart.RestartLauncher.run(RestartLauncher.java:50)
Caused by: org.springframework.boot.web.server.WebServerException: Unable to start embedded Tomcat
	at org.springframework.boot.web.embedded.tomcat.TomcatWebServer.initialize(TomcatWebServer.java:147)
	at org.springframework.boot.web.embedded.tomcat.TomcatWebServer.<init>(TomcatWebServer.java:107)
	at org.springframework.boot.web.embedded.tomcat.TomcatServletWebServerFactory.getTomcatWebServer(TomcatServletWebServerFactory.java:516)
	at org.springframework.boot.web.embedded.tomcat.TomcatServletWebServerFactory.getWebServer(TomcatServletWebServerFactory.java:222)
	at org.springframework.boot.web.servlet.context.ServletWebServerApplicationContext.createWebServer(ServletWebServerApplicationContext.java:188)
	at org.springframework.boot.web.servlet.context.ServletWebServerApplicationContext.onRefresh(ServletWebServerApplicationContext.java:162)
	... 11 common frames omitted
Caused by: org.springframework.beans.factory.BeanCreationException: Error creating bean with name 'jwtAuthenticationFilter': Lookup method resolution failed
	at org.springframework.beans.factory.annotation.AutowiredAnnotationBeanPostProcessor.checkLookupMethods(AutowiredAnnotationBeanPostProcessor.java:498)
	at org.springframework.beans.factory.annotation.AutowiredAnnotationBeanPostProcessor.determineCandidateConstructors(AutowiredAnnotationBeanPostProcessor.java:368)
	at org.springframework.beans.factory.support.AbstractAutowireCapableBeanFactory.determineConstructorsFromBeanPostProcessors(AbstractAutowireCapableBeanFactory.java:1314)
	at org.springframework.beans.factory.support.AbstractAutowireCapableBeanFactory.createBeanInstance(AbstractAutowireCapableBeanFactory.java:1209)
	at org.springframework.beans.factory.support.AbstractAutowireCapableBeanFactory.doCreateBean(AbstractAutowireCapableBeanFactory.java:562)
	at org.springframework.beans.factory.support.AbstractAutowireCapableBeanFactory.createBean(AbstractAutowireCapableBeanFactory.java:522)
	at org.springframework.beans.factory.support.AbstractBeanFactory.lambda$doGetBean$0(AbstractBeanFactory.java:337)
	at org.springframework.beans.factory.support.DefaultSingletonBeanRegistry.getSingleton(DefaultSingletonBeanRegistry.java:234)
	at org.springframework.beans.factory.support.AbstractBeanFactory.doGetBean(AbstractBeanFactory.java:335)
	at org.springframework.beans.factory.support.AbstractBeanFactory.getBean(AbstractBeanFactory.java:205)
	at org.springframework.boot.web.servlet.ServletContextInitializerBeans.getOrderedBeansOfType(ServletContextInitializerBeans.java:211)
	at org.springframework.boot.web.servlet.ServletContextInitializerBeans.addAsRegistrationBean(ServletContextInitializerBeans.java:174)
	at org.springframework.boot.web.servlet.ServletContextInitializerBeans.addAsRegistrationBean(ServletContextInitializerBeans.java:169)
	at org.springframework.boot.web.servlet.ServletContextInitializerBeans.addAdaptableBeans(ServletContextInitializerBeans.java:154)
	at org.springframework.boot.web.servlet.ServletContextInitializerBeans.<init>(ServletContextInitializerBeans.java:87)
	at org.springframework.boot.web.servlet.context.ServletWebServerApplicationContext.getServletContextInitializerBeans(ServletWebServerApplicationContext.java:266)
	at org.springframework.boot.web.servlet.context.ServletWebServerApplicationContext.selfInitialize(ServletWebServerApplicationContext.java:240)
	at org.springframework.boot.web.embedded.tomcat.TomcatStarter.onStartup(TomcatStarter.java:52)
	at org.apache.catalina.core.StandardContext.startInternal(StandardContext.java:4412)
	at org.apache.catalina.util.LifecycleBase.start(LifecycleBase.java:164)
	at org.apache.catalina.core.ContainerBase$StartChild.call(ContainerBase.java:1203)
	at org.apache.catalina.core.ContainerBase$StartChild.call(ContainerBase.java:1193)
	at java.base/java.util.concurrent.FutureTask.run(FutureTask.java:317)
	at org.apache.tomcat.util.threads.InlineExecutorService.execute(InlineExecutorService.java:75)
	at java.base/java.util.concurrent.AbstractExecutorService.submit(AbstractExecutorService.java:145)
	at org.apache.catalina.core.ContainerBase.startInternal(ContainerBase.java:749)
	at org.apache.catalina.core.StandardHost.startInternal(StandardHost.java:772)
	at org.apache.catalina.util.LifecycleBase.start(LifecycleBase.java:164)
	at org.apache.catalina.core.ContainerBase$StartChild.call(ContainerBase.java:1203)
	at org.apache.catalina.core.ContainerBase$StartChild.call(ContainerBase.java:1193)
	at java.base/java.util.concurrent.FutureTask.run(FutureTask.java:317)
	at org.apache.tomcat.util.threads.InlineExecutorService.execute(InlineExecutorService.java:75)
	at java.base/java.util.concurrent.AbstractExecutorService.submit(AbstractExecutorService.java:145)
	at org.apache.catalina.core.ContainerBase.startInternal(ContainerBase.java:749)
	at org.apache.catalina.core.StandardEngine.startInternal(StandardEngine.java:203)
	at org.apache.catalina.util.LifecycleBase.start(LifecycleBase.java:164)
	at org.apache.catalina.core.StandardService.startInternal(StandardService.java:415)
	at org.apache.catalina.util.LifecycleBase.start(LifecycleBase.java:164)
	at org.apache.catalina.core.StandardServer.startInternal(StandardServer.java:870)
	at org.apache.catalina.util.LifecycleBase.start(LifecycleBase.java:164)
	at org.apache.catalina.startup.Tomcat.start(Tomcat.java:437)
	at org.springframework.boot.web.embedded.tomcat.TomcatWebServer.initialize(TomcatWebServer.java:128)
	... 16 common frames omitted
Caused by: java.lang.IllegalStateException: Failed to introspect Class [com.reservation.config.JwtAuthenticationFilter] from ClassLoader [org.springframework.boot.devtools.restart.classloader.RestartClassLoader@6f77bc1]
	at org.springframework.util.ReflectionUtils.getDeclaredMethods(ReflectionUtils.java:483)
	at org.springframework.util.ReflectionUtils.doWithLocalMethods(ReflectionUtils.java:320)
	at org.springframework.beans.factory.annotation.AutowiredAnnotationBeanPostProcessor.checkLookupMethods(AutowiredAnnotationBeanPostProcessor.java:476)
	... 57 common frames omitted
Caused by: java.lang.NoClassDefFoundError: HttpServletRequest
	at java.base/java.lang.Class.getDeclaredMethods0(Native Method)
	at java.base/java.lang.Class.privateGetDeclaredMethods(Class.java:3578)
	at java.base/java.lang.Class.getDeclaredMethods(Class.java:2676)
	at org.springframework.util.ReflectionUtils.getDeclaredMethods(ReflectionUtils.java:465)
	... 59 common frames omitted
Caused by: java.lang.ClassNotFoundException: HttpServletRequest
	at java.base/jdk.internal.loader.BuiltinClassLoader.loadClass(BuiltinClassLoader.java:641)
	at java.base/jdk.internal.loader.ClassLoaders$AppClassLoader.loadClass(ClassLoaders.java:188)
	at java.base/java.lang.ClassLoader.loadClass(ClassLoader.java:526)
	at java.base/java.lang.Class.forName0(Native Method)
	at java.base/java.lang.Class.forName(Class.java:534)
	at java.base/java.lang.Class.forName(Class.java:513)
	at org.springframework.boot.devtools.restart.classloader.RestartClassLoader.loadClass(RestartClassLoader.java:121)
	at java.base/java.lang.ClassLoader.loadClass(ClassLoader.java:526)
	... 63 common frames omitted
2026-08-26T14:23:01.809+08:00 INFO  c.r.SpringBootMergeApplication : Starting SpringBootMergeApplication using Java 21.0.8 with PID 23152 (H:\2026\lesson-appointment\api\target\classes started by Administrator in H:\2026\lesson-appointment\api)
2026-08-26T14:23:01.818+08:00 INFO  c.r.SpringBootMergeApplication : No active profile set, falling back to 1 default profile: "default"
2026-08-26T14:23:03.239+08:00 INFO  o.s.b.w.e.tomcat.TomcatWebServer : Tomcat initialized with port 8081 (http)
2026-08-26T14:23:03.244+08:00 INFO  o.a.coyote.http11.Http11NioProtocol : Initializing ProtocolHandler ["http-nio-8081"]
2026-08-26T14:23:03.311+08:00 INFO  o.a.catalina.core.StandardService : Starting service [Tomcat]
2026-08-26T14:23:03.379+08:00 INFO  o.a.catalina.core.StandardEngine : Starting Servlet engine: [Apache Tomcat/10.1.31]
2026-08-26T14:23:03.469+08:00 INFO  o.a.c.c.C.[.[localhost].[/] : Initializing Spring embedded WebApplicationContext
2026-08-26T14:23:03.567+08:00 INFO  o.s.b.w.s.c.ServletWebServerApplicationContext : Root WebApplicationContext: initialization completed in 1720 ms
2026-08-26T14:23:03.633+08:00 ERROR o.s.b.w.e.tomcat.TomcatStarter : Error starting Tomcat context. Exception: org.springframework.beans.factory.BeanCreationException. Message: Error creating bean with name 'jwtAuthenticationFilter': Lookup method resolution failed
2026-08-26T14:23:03.704+08:00 INFO  o.a.catalina.core.StandardService : Stopping service [Tomcat]
2026-08-26T14:23:03.756+08:00 WARN  o.s.b.w.s.c.AnnotationConfigServletWebServerApplicationContext : Exception encountered during context initialization - cancelling refresh attempt: org.springframework.context.ApplicationContextException: Unable to start web server
2026-08-26T14:23:03.809+08:00 INFO  o.s.b.a.l.ConditionEvaluationReportLogger : 

Error starting ApplicationContext. To display the condition evaluation report re-run your application with 'debug' enabled.
2026-08-26T14:23:03.881+08:00 ERROR o.s.boot.SpringApplication : Application run failed
org.springframework.context.ApplicationContextException: Unable to start web server
	at org.springframework.boot.web.servlet.context.ServletWebServerApplicationContext.onRefresh(ServletWebServerApplicationContext.java:165)
	at org.springframework.context.support.AbstractApplicationContext.refresh(AbstractApplicationContext.java:619)
	at org.springframework.boot.web.servlet.context.ServletWebServerApplicationContext.refresh(ServletWebServerApplicationContext.java:146)
	at org.springframework.boot.SpringApplication.refresh(SpringApplication.java:754)
	at org.springframework.boot.SpringApplication.refreshContext(SpringApplication.java:456)
	at org.springframework.boot.SpringApplication.run(SpringApplication.java:335)
	at org.springframework.boot.SpringApplication.run(SpringApplication.java:1363)
	at org.springframework.boot.SpringApplication.run(SpringApplication.java:1352)
	at com.reservation.SpringBootMergeApplication.main(SpringBootMergeApplication.java:21)
	at java.base/jdk.internal.reflect.DirectMethodHandleAccessor.invoke(DirectMethodHandleAccessor.java:103)
	at java.base/java.lang.reflect.Method.invoke(Method.java:580)
	at org.springframework.boot.devtools.restart.RestartLauncher.run(RestartLauncher.java:50)
Caused by: org.springframework.boot.web.server.WebServerException: Unable to start embedded Tomcat
	at org.springframework.boot.web.embedded.tomcat.TomcatWebServer.initialize(TomcatWebServer.java:147)
	at org.springframework.boot.web.embedded.tomcat.TomcatWebServer.<init>(TomcatWebServer.java:107)
	at org.springframework.boot.web.embedded.tomcat.TomcatServletWebServerFactory.getTomcatWebServer(TomcatServletWebServerFactory.java:516)
	at org.springframework.boot.web.embedded.tomcat.TomcatServletWebServerFactory.getWebServer(TomcatServletWebServerFactory.java:222)
	at org.springframework.boot.web.servlet.context.ServletWebServerApplicationContext.createWebServer(ServletWebServerApplicationContext.java:188)
	at org.springframework.boot.web.servlet.context.ServletWebServerApplicationContext.onRefresh(ServletWebServerApplicationContext.java:162)
	... 11 common frames omitted
Caused by: org.springframework.beans.factory.BeanCreationException: Error creating bean with name 'jwtAuthenticationFilter': Lookup method resolution failed
	at org.springframework.beans.factory.annotation.AutowiredAnnotationBeanPostProcessor.checkLookupMethods(AutowiredAnnotationBeanPostProcessor.java:498)
	at org.springframework.beans.factory.annotation.AutowiredAnnotationBeanPostProcessor.determineCandidateConstructors(AutowiredAnnotationBeanPostProcessor.java:368)
	at org.springframework.beans.factory.support.AbstractAutowireCapableBeanFactory.determineConstructorsFromBeanPostProcessors(AbstractAutowireCapableBeanFactory.java:1314)
	at org.springframework.beans.factory.support.AbstractAutowireCapableBeanFactory.createBeanInstance(AbstractAutowireCapableBeanFactory.java:1209)
	at org.springframework.beans.factory.support.AbstractAutowireCapableBeanFactory.doCreateBean(AbstractAutowireCapableBeanFactory.java:562)
	at org.springframework.beans.factory.support.AbstractAutowireCapableBeanFactory.createBean(AbstractAutowireCapableBeanFactory.java:522)
	at org.springframework.beans.factory.support.AbstractBeanFactory.lambda$doGetBean$0(AbstractBeanFactory.java:337)
	at org.springframework.beans.factory.support.DefaultSingletonBeanRegistry.getSingleton(DefaultSingletonBeanRegistry.java:234)
	at org.springframework.beans.factory.support.AbstractBeanFactory.doGetBean(AbstractBeanFactory.java:335)
	at org.springframework.beans.factory.support.AbstractBeanFactory.getBean(AbstractBeanFactory.java:205)
	at org.springframework.boot.web.servlet.ServletContextInitializerBeans.getOrderedBeansOfType(ServletContextInitializerBeans.java:211)
	at org.springframework.boot.web.servlet.ServletContextInitializerBeans.addAsRegistrationBean(ServletContextInitializerBeans.java:174)
	at org.springframework.boot.web.servlet.ServletContextInitializerBeans.addAsRegistrationBean(ServletContextInitializerBeans.java:169)
	at org.springframework.boot.web.servlet.ServletContextInitializerBeans.addAdaptableBeans(ServletContextInitializerBeans.java:154)
	at org.springframework.boot.web.servlet.ServletContextInitializerBeans.<init>(ServletContextInitializerBeans.java:87)
	at org.springframework.boot.web.servlet.context.ServletWebServerApplicationContext.getServletContextInitializerBeans(ServletWebServerApplicationContext.java:266)
	at org.springframework.boot.web.servlet.context.ServletWebServerApplicationContext.selfInitialize(ServletWebServerApplicationContext.java:240)
	at org.springframework.boot.web.embedded.tomcat.TomcatStarter.onStartup(TomcatStarter.java:52)
	at org.apache.catalina.core.StandardContext.startInternal(StandardContext.java:4412)
	at org.apache.catalina.util.LifecycleBase.start(LifecycleBase.java:164)
	at org.apache.catalina.core.ContainerBase$StartChild.call(ContainerBase.java:1203)
	at org.apache.catalina.core.ContainerBase$StartChild.call(ContainerBase.java:1193)
	at java.base/java.util.concurrent.FutureTask.run(FutureTask.java:317)
	at org.apache.tomcat.util.threads.InlineExecutorService.execute(InlineExecutorService.java:75)
	at java.base/java.util.concurrent.AbstractExecutorService.submit(AbstractExecutorService.java:145)
	at org.apache.catalina.core.ContainerBase.startInternal(ContainerBase.java:749)
	at org.apache.catalina.core.StandardHost.startInternal(StandardHost.java:772)
	at org.apache.catalina.util.LifecycleBase.start(LifecycleBase.java:164)
	at org.apache.catalina.core.ContainerBase$StartChild.call(ContainerBase.java:1203)
	at org.apache.catalina.core.ContainerBase$StartChild.call(ContainerBase.java:1193)
	at java.base/java.util.concurrent.FutureTask.run(FutureTask.java:317)
	at org.apache.tomcat.util.threads.InlineExecutorService.execute(InlineExecutorService.java:75)
	at java.base/java.util.concurrent.AbstractExecutorService.submit(AbstractExecutorService.java:145)
	at org.apache.catalina.core.ContainerBase.startInternal(ContainerBase.java:749)
	at org.apache.catalina.core.StandardEngine.startInternal(StandardEngine.java:203)
	at org.apache.catalina.util.LifecycleBase.start(LifecycleBase.java:164)
	at org.apache.catalina.core.StandardService.startInternal(StandardService.java:415)
	at org.apache.catalina.util.LifecycleBase.start(LifecycleBase.java:164)
	at org.apache.catalina.core.StandardServer.startInternal(StandardServer.java:870)
	at org.apache.catalina.util.LifecycleBase.start(LifecycleBase.java:164)
	at org.apache.catalina.startup.Tomcat.start(Tomcat.java:437)
	at org.springframework.boot.web.embedded.tomcat.TomcatWebServer.initialize(TomcatWebServer.java:128)
	... 16 common frames omitted
Caused by: java.lang.IllegalStateException: Failed to introspect Class [com.reservation.config.JwtAuthenticationFilter] from ClassLoader [org.springframework.boot.devtools.restart.classloader.RestartClassLoader@402e32af]
	at org.springframework.util.ReflectionUtils.getDeclaredMethods(ReflectionUtils.java:483)
	at org.springframework.util.ReflectionUtils.doWithLocalMethods(ReflectionUtils.java:320)
	at org.springframework.beans.factory.annotation.AutowiredAnnotationBeanPostProcessor.checkLookupMethods(AutowiredAnnotationBeanPostProcessor.java:476)
	... 57 common frames omitted
Caused by: java.lang.NoClassDefFoundError: HttpServletRequest
	at java.base/java.lang.Class.getDeclaredMethods0(Native Method)
	at java.base/java.lang.Class.privateGetDeclaredMethods(Class.java:3578)
	at java.base/java.lang.Class.getDeclaredMethods(Class.java:2676)
	at org.springframework.util.ReflectionUtils.getDeclaredMethods(ReflectionUtils.java:465)
	... 59 common frames omitted
Caused by: java.lang.ClassNotFoundException: HttpServletRequest
	at java.base/jdk.internal.loader.BuiltinClassLoader.loadClass(BuiltinClassLoader.java:641)
	at java.base/jdk.internal.loader.ClassLoaders$AppClassLoader.loadClass(ClassLoaders.java:188)
	at java.base/java.lang.ClassLoader.loadClass(ClassLoader.java:526)
	at java.base/java.lang.Class.forName0(Native Method)
	at java.base/java.lang.Class.forName(Class.java:534)
	at java.base/java.lang.Class.forName(Class.java:513)
	at org.springframework.boot.devtools.restart.classloader.RestartClassLoader.loadClass(RestartClassLoader.java:121)
	at java.base/java.lang.ClassLoader.loadClass(ClassLoader.java:526)
	... 63 common frames omitted
2026-08-26T14:23:08.907+08:00 INFO  c.r.SpringBootMergeApplication : Starting SpringBootMergeApplication using Java 21.0.8 with PID 23152 (H:\2026\lesson-appointment\api\target\classes started by Administrator in H:\2026\lesson-appointment\api)
2026-08-26T14:23:08.908+08:00 INFO  c.r.SpringBootMergeApplication : No active profile set, falling back to 1 default profile: "default"
2026-08-26T14:23:09.529+08:00 INFO  o.s.b.w.e.tomcat.TomcatWebServer : Tomcat initialized with port 8081 (http)
2026-08-26T14:23:09.669+08:00 INFO  o.a.coyote.http11.Http11NioProtocol : Initializing ProtocolHandler ["http-nio-8081"]
2026-08-26T14:23:09.839+08:00 INFO  o.a.catalina.core.StandardService : Starting service [Tomcat]
2026-08-26T14:23:09.949+08:00 INFO  o.a.catalina.core.StandardEngine : Starting Servlet engine: [Apache Tomcat/10.1.31]
2026-08-26T14:23:10.044+08:00 INFO  o.a.c.c.C.[.[localhost].[/] : Initializing Spring embedded WebApplicationContext
2026-08-26T14:23:10.069+08:00 INFO  o.s.b.w.s.c.ServletWebServerApplicationContext : Root WebApplicationContext: initialization completed in 1158 ms
2026-08-26T14:23:10.086+08:00 ERROR o.s.b.w.e.tomcat.TomcatStarter : Error starting Tomcat context. Exception: org.springframework.beans.factory.BeanCreationException. Message: Error creating bean with name 'jwtAuthenticationFilter': Lookup method resolution failed
2026-08-26T14:23:10.097+08:00 INFO  o.a.catalina.core.StandardService : Stopping service [Tomcat]
2026-08-26T14:23:10.116+08:00 WARN  o.s.b.w.s.c.AnnotationConfigServletWebServerApplicationContext : Exception encountered during context initialization - cancelling refresh attempt: org.springframework.context.ApplicationContextException: Unable to start web server
2026-08-26T14:23:10.150+08:00 INFO  o.s.b.a.l.ConditionEvaluationReportLogger : 

Error starting ApplicationContext. To display the condition evaluation report re-run your application with 'debug' enabled.
2026-08-26T14:23:10.177+08:00 ERROR o.s.boot.SpringApplication : Application run failed
org.springframework.context.ApplicationContextException: Unable to start web server
	at org.springframework.boot.web.servlet.context.ServletWebServerApplicationContext.onRefresh(ServletWebServerApplicationContext.java:165)
	at org.springframework.context.support.AbstractApplicationContext.refresh(AbstractApplicationContext.java:619)
	at org.springframework.boot.web.servlet.context.ServletWebServerApplicationContext.refresh(ServletWebServerApplicationContext.java:146)
	at org.springframework.boot.SpringApplication.refresh(SpringApplication.java:754)
	at org.springframework.boot.SpringApplication.refreshContext(SpringApplication.java:456)
	at org.springframework.boot.SpringApplication.run(SpringApplication.java:335)
	at org.springframework.boot.SpringApplication.run(SpringApplication.java:1363)
	at org.springframework.boot.SpringApplication.run(SpringApplication.java:1352)
	at com.reservation.SpringBootMergeApplication.main(SpringBootMergeApplication.java:21)
	at java.base/jdk.internal.reflect.DirectMethodHandleAccessor.invoke(DirectMethodHandleAccessor.java:103)
	at java.base/java.lang.reflect.Method.invoke(Method.java:580)
	at org.springframework.boot.devtools.restart.RestartLauncher.run(RestartLauncher.java:50)
Caused by: org.springframework.boot.web.server.WebServerException: Unable to start embedded Tomcat
	at org.springframework.boot.web.embedded.tomcat.TomcatWebServer.initialize(TomcatWebServer.java:147)
	at org.springframework.boot.web.embedded.tomcat.TomcatWebServer.<init>(TomcatWebServer.java:107)
	at org.springframework.boot.web.embedded.tomcat.TomcatServletWebServerFactory.getTomcatWebServer(TomcatServletWebServerFactory.java:516)
	at org.springframework.boot.web.embedded.tomcat.TomcatServletWebServerFactory.getWebServer(TomcatServletWebServerFactory.java:222)
	at org.springframework.boot.web.servlet.context.ServletWebServerApplicationContext.createWebServer(ServletWebServerApplicationContext.java:188)
	at org.springframework.boot.web.servlet.context.ServletWebServerApplicationContext.onRefresh(ServletWebServerApplicationContext.java:162)
	... 11 common frames omitted
Caused by: org.springframework.beans.factory.BeanCreationException: Error creating bean with name 'jwtAuthenticationFilter': Lookup method resolution failed
	at org.springframework.beans.factory.annotation.AutowiredAnnotationBeanPostProcessor.checkLookupMethods(AutowiredAnnotationBeanPostProcessor.java:498)
	at org.springframework.beans.factory.annotation.AutowiredAnnotationBeanPostProcessor.determineCandidateConstructors(AutowiredAnnotationBeanPostProcessor.java:368)
	at org.springframework.beans.factory.support.AbstractAutowireCapableBeanFactory.determineConstructorsFromBeanPostProcessors(AbstractAutowireCapableBeanFactory.java:1314)
	at org.springframework.beans.factory.support.AbstractAutowireCapableBeanFactory.createBeanInstance(AbstractAutowireCapableBeanFactory.java:1209)
	at org.springframework.beans.factory.support.AbstractAutowireCapableBeanFactory.doCreateBean(AbstractAutowireCapableBeanFactory.java:562)
	at org.springframework.beans.factory.support.AbstractAutowireCapableBeanFactory.createBean(AbstractAutowireCapableBeanFactory.java:522)
	at org.springframework.beans.factory.support.AbstractBeanFactory.lambda$doGetBean$0(AbstractBeanFactory.java:337)
	at org.springframework.beans.factory.support.DefaultSingletonBeanRegistry.getSingleton(DefaultSingletonBeanRegistry.java:234)
	at org.springframework.beans.factory.support.AbstractBeanFactory.doGetBean(AbstractBeanFactory.java:335)
	at org.springframework.beans.factory.support.AbstractBeanFactory.getBean(AbstractBeanFactory.java:205)
	at org.springframework.boot.web.servlet.ServletContextInitializerBeans.getOrderedBeansOfType(ServletContextInitializerBeans.java:211)
	at org.springframework.boot.web.servlet.ServletContextInitializerBeans.addAsRegistrationBean(ServletContextInitializerBeans.java:174)
	at org.springframework.boot.web.servlet.ServletContextInitializerBeans.addAsRegistrationBean(ServletContextInitializerBeans.java:169)
	at org.springframework.boot.web.servlet.ServletContextInitializerBeans.addAdaptableBeans(ServletContextInitializerBeans.java:154)
	at org.springframework.boot.web.servlet.ServletContextInitializerBeans.<init>(ServletContextInitializerBeans.java:87)
	at org.springframework.boot.web.servlet.context.ServletWebServerApplicationContext.getServletContextInitializerBeans(ServletWebServerApplicationContext.java:266)
	at org.springframework.boot.web.servlet.context.ServletWebServerApplicationContext.selfInitialize(ServletWebServerApplicationContext.java:240)
	at org.springframework.boot.web.embedded.tomcat.TomcatStarter.onStartup(TomcatStarter.java:52)
	at org.apache.catalina.core.StandardContext.startInternal(StandardContext.java:4412)
	at org.apache.catalina.util.LifecycleBase.start(LifecycleBase.java:164)
	at org.apache.catalina.core.ContainerBase$StartChild.call(ContainerBase.java:1203)
	at org.apache.catalina.core.ContainerBase$StartChild.call(ContainerBase.java:1193)
	at java.base/java.util.concurrent.FutureTask.run(FutureTask.java:317)
	at org.apache.tomcat.util.threads.InlineExecutorService.execute(InlineExecutorService.java:75)
	at java.base/java.util.concurrent.AbstractExecutorService.submit(AbstractExecutorService.java:145)
	at org.apache.catalina.core.ContainerBase.startInternal(ContainerBase.java:749)
	at org.apache.catalina.core.StandardHost.startInternal(StandardHost.java:772)
	at org.apache.catalina.util.LifecycleBase.start(LifecycleBase.java:164)
	at org.apache.catalina.core.ContainerBase$StartChild.call(ContainerBase.java:1203)
	at org.apache.catalina.core.ContainerBase$StartChild.call(ContainerBase.java:1193)
	at java.base/java.util.concurrent.FutureTask.run(FutureTask.java:317)
	at org.apache.tomcat.util.threads.InlineExecutorService.execute(InlineExecutorService.java:75)
	at java.base/java.util.concurrent.AbstractExecutorService.submit(AbstractExecutorService.java:145)
	at org.apache.catalina.core.ContainerBase.startInternal(ContainerBase.java:749)
	at org.apache.catalina.core.StandardEngine.startInternal(StandardEngine.java:203)
	at org.apache.catalina.util.LifecycleBase.start(LifecycleBase.java:164)
	at org.apache.catalina.core.StandardService.startInternal(StandardService.java:415)
	at org.apache.catalina.util.LifecycleBase.start(LifecycleBase.java:164)
	at org.apache.catalina.core.StandardServer.startInternal(StandardServer.java:870)
	at org.apache.catalina.util.LifecycleBase.start(LifecycleBase.java:164)
	at org.apache.catalina.startup.Tomcat.start(Tomcat.java:437)
	at org.springframework.boot.web.embedded.tomcat.TomcatWebServer.initialize(TomcatWebServer.java:128)
	... 16 common frames omitted
Caused by: java.lang.IllegalStateException: Failed to introspect Class [com.reservation.config.JwtAuthenticationFilter] from ClassLoader [org.springframework.boot.devtools.restart.classloader.RestartClassLoader@73319194]
	at org.springframework.util.ReflectionUtils.getDeclaredMethods(ReflectionUtils.java:483)
	at org.springframework.util.ReflectionUtils.doWithLocalMethods(ReflectionUtils.java:320)
	at org.springframework.beans.factory.annotation.AutowiredAnnotationBeanPostProcessor.checkLookupMethods(AutowiredAnnotationBeanPostProcessor.java:476)
	... 57 common frames omitted
Caused by: java.lang.NoClassDefFoundError: HttpServletRequest
	at java.base/java.lang.Class.getDeclaredMethods0(Native Method)
	at java.base/java.lang.Class.privateGetDeclaredMethods(Class.java:3578)
	at java.base/java.lang.Class.getDeclaredMethods(Class.java:2676)
	at org.springframework.util.ReflectionUtils.getDeclaredMethods(ReflectionUtils.java:465)
	... 59 common frames omitted
Caused by: java.lang.ClassNotFoundException: HttpServletRequest
	at java.base/jdk.internal.loader.BuiltinClassLoader.loadClass(BuiltinClassLoader.java:641)
	at java.base/jdk.internal.loader.ClassLoaders$AppClassLoader.loadClass(ClassLoaders.java:188)
	at java.base/java.lang.ClassLoader.loadClass(ClassLoader.java:526)
	at java.base/java.lang.Class.forName0(Native Method)
	at java.base/java.lang.Class.forName(Class.java:534)
	at java.base/java.lang.Class.forName(Class.java:513)
	at org.springframework.boot.devtools.restart.classloader.RestartClassLoader.loadClass(RestartClassLoader.java:121)
	at java.base/java.lang.ClassLoader.loadClass(ClassLoader.java:526)
	... 63 common frames omitted
2026-08-26T14:24:02.405+08:00 INFO  o.h.validator.internal.util.Version : HV000001: Hibernate Validator 8.0.1.Final
2026-08-26T14:24:02.467+08:00 INFO  c.r.SpringBootMergeApplication : Starting SpringBootMergeApplication using Java 21.0.8 with PID 12760 (H:\2026\lesson-appointment\api\target\classes started by Administrator in H:\2026\lesson-appointment\api)
2026-08-26T14:24:02.469+08:00 INFO  c.r.SpringBootMergeApplication : No active profile set, falling back to 1 default profile: "default"
2026-08-26T14:24:02.529+08:00 INFO  o.s.b.d.e.DevToolsPropertyDefaultsPostProcessor : Devtools property defaults active! Set 'spring.devtools.add-properties' to 'false' to disable
2026-08-26T14:24:02.529+08:00 INFO  o.s.b.d.e.DevToolsPropertyDefaultsPostProcessor : For additional web related logging consider setting the 'logging.level.web' property to 'DEBUG'
2026-08-26T14:24:04.559+08:00 INFO  o.s.b.w.e.tomcat.TomcatWebServer : Tomcat initialized with port 8081 (http)
2026-08-26T14:24:04.574+08:00 INFO  o.a.coyote.http11.Http11NioProtocol : Initializing ProtocolHandler ["http-nio-8081"]
2026-08-26T14:24:04.582+08:00 INFO  o.a.catalina.core.StandardService : Starting service [Tomcat]
2026-08-26T14:24:04.583+08:00 INFO  o.a.catalina.core.StandardEngine : Starting Servlet engine: [Apache Tomcat/10.1.31]
2026-08-26T14:24:04.647+08:00 INFO  o.a.c.c.C.[Tomcat].[localhost].[/] : Initializing Spring embedded WebApplicationContext
2026-08-26T14:24:04.648+08:00 INFO  o.s.b.w.s.c.ServletWebServerApplicationContext : Root WebApplicationContext: initialization completed in 2118 ms
2026-08-26T14:24:05.105+08:00 WARN  c.b.m.core.injector.methods.Insert : [com.reservation.mapper.AuditLogMapper.insert] Has been loaded by XML or SqlProvider or Mybatis's Annotation, so ignoring this injection for [class com.baomidou.mybatisplus.core.injector.methods.Insert]
2026-08-26T14:24:05.171+08:00 WARN  c.b.m.c.injector.methods.SelectList : [com.reservation.mapper.BookingMapper.selectList] Has been loaded by XML or SqlProvider or Mybatis's Annotation, so ignoring this injection for [class com.baomidou.mybatisplus.core.injector.methods.SelectList]
2026-08-26T14:24:05.180+08:00 WARN  c.b.m.c.injector.methods.SelectById : [com.reservation.mapper.BookingMapper.selectById] Has been loaded by XML or SqlProvider or Mybatis's Annotation, so ignoring this injection for [class com.baomidou.mybatisplus.core.injector.methods.SelectById]
2026-08-26T14:24:05.243+08:00 WARN  c.b.m.core.injector.methods.Update : [com.reservation.mapper.CourseScheduleMapper.update] Has been loaded by XML or SqlProvider or Mybatis's Annotation, so ignoring this injection for [class com.baomidou.mybatisplus.core.injector.methods.Update]
2026-08-26T14:24:06.395+08:00 WARN  o.s.b.a.s.s.UserDetailsServiceAutoConfiguration : 

Using generated security password: 3752a5e1-79de-428b-8a9c-c504b7276072

This generated password is for development use only. Your security configuration must be updated before running your application in production.

2026-08-26T14:24:06.412+08:00 INFO  o.s.s.c.a.a.c.InitializeUserDetailsBeanManagerConfigurer$InitializeUserDetailsManagerConfigurer : Global AuthenticationManager configured with UserDetailsService bean with name inMemoryUserDetailsManager
2026-08-26T14:24:06.490+08:00 INFO  o.s.b.a.w.s.WelcomePageHandlerMapping : Adding welcome page: class path resource [static/index.html]
2026-08-26T14:24:07.139+08:00 INFO  o.s.b.d.a.OptionalLiveReloadServer : LiveReload server is running on port 35729
2026-08-26T14:24:07.162+08:00 INFO  o.a.coyote.http11.Http11NioProtocol : Starting ProtocolHandler ["http-nio-8081"]
2026-08-26T14:24:07.195+08:00 INFO  o.s.b.w.e.tomcat.TomcatWebServer : Tomcat started on port 8081 (http) with context path '/'
2026-08-26T14:24:07.207+08:00 INFO  c.r.SpringBootMergeApplication : Started SpringBootMergeApplication in 5.709 seconds (process running for 6.431)
2026-08-26T14:25:39.940+08:00 INFO  o.a.c.c.C.[Tomcat].[localhost].[/] : Initializing Spring DispatcherServlet 'dispatcherServlet'
2026-08-26T14:25:39.940+08:00 INFO  o.s.web.servlet.DispatcherServlet : Initializing Servlet 'dispatcherServlet'
2026-08-26T14:25:39.942+08:00 INFO  o.s.web.servlet.DispatcherServlet : Completed initialization in 1 ms
2026-08-26T14:26:33.430+08:00 INFO  com.zaxxer.hikari.HikariDataSource : HikariPool-1 - Starting...
2026-08-26T14:26:33.624+08:00 INFO  com.zaxxer.hikari.pool.HikariPool : HikariPool-1 - Added connection com.mysql.cj.jdbc.ConnectionImpl@7623d21d
2026-08-26T14:26:33.627+08:00 INFO  com.zaxxer.hikari.HikariDataSource : HikariPool-1 - Start completed.
2026-08-26T14:28:39.480+08:00 INFO  c.r.service.CourseScheduleService : getAvailableSchedule 1, teacherId=00d29a79-02d6-4a8c-9dd6-98eb9e1086e9, rows=10
2026-08-26T14:28:39.486+08:00 INFO  c.r.service.CourseScheduleService : schedule 40a8b4ba12824f458a28c793f21e064a bookingCount=0
2026-08-26T14:28:39.488+08:00 INFO  c.r.service.CourseScheduleService : schedule becb28f38a974aa7a6c513de8e301932 bookingCount=0
2026-08-26T14:28:39.493+08:00 INFO  c.r.service.CourseScheduleService : schedule 6f11167caa9c4a86a54743762f7d12a9 bookingCount=0
2026-08-26T14:28:39.495+08:00 INFO  c.r.service.CourseScheduleService : schedule de9a1861e1b44ed7aefc1ee02c31581f bookingCount=0
2026-08-26T14:28:39.496+08:00 INFO  c.r.service.CourseScheduleService : schedule ea751515eff94f93a33a3604d284497a bookingCount=0
2026-08-26T14:28:39.498+08:00 INFO  c.r.service.CourseScheduleService : schedule 0d52cdf943f647d2a3bbfc5becc777fe bookingCount=0
2026-08-26T14:28:39.499+08:00 INFO  c.r.service.CourseScheduleService : schedule 1cdfe75b1c9c44939db8acc2f17d97dc bookingCount=0
2026-08-26T14:28:39.501+08:00 INFO  c.r.service.CourseScheduleService : schedule 793fb422ea054ef7973cfa3eba582d89 bookingCount=0
2026-08-26T14:28:39.502+08:00 INFO  c.r.service.CourseScheduleService : schedule a1b49fceada64538915b5ca9991b44c5 bookingCount=0
2026-08-26T14:28:39.503+08:00 INFO  c.r.service.CourseScheduleService : schedule f9cf2cba47944cec833e823c065fd91b bookingCount=0
2026-08-26T14:28:39.504+08:00 INFO  c.r.service.CourseScheduleService : getAvailableSchedule 2, teacherId=00d29a79-02d6-4a8c-9dd6-98eb9e1086e9, rows=10
2026-08-26T14:31:49.582+08:00 INFO  com.zaxxer.hikari.HikariDataSource : HikariPool-1 - Shutdown initiated...
2026-08-26T14:31:49.592+08:00 INFO  com.zaxxer.hikari.HikariDataSource : HikariPool-1 - Shutdown completed.
2026-08-26T14:32:29.984+08:00 INFO  o.h.validator.internal.util.Version : HV000001: Hibernate Validator 8.0.1.Final
2026-08-26T14:32:30.036+08:00 INFO  c.r.SpringBootMergeApplication : Starting SpringBootMergeApplication using Java 21.0.8 with PID 25576 (H:\2026\lesson-appointment\api\target\classes started by Administrator in H:\2026\lesson-appointment\api)
2026-08-26T14:32:30.037+08:00 INFO  c.r.SpringBootMergeApplication : No active profile set, falling back to 1 default profile: "default"
2026-08-26T14:32:30.111+08:00 INFO  o.s.b.d.e.DevToolsPropertyDefaultsPostProcessor : Devtools property defaults active! Set 'spring.devtools.add-properties' to 'false' to disable
2026-08-26T14:32:30.112+08:00 INFO  o.s.b.d.e.DevToolsPropertyDefaultsPostProcessor : For additional web related logging consider setting the 'logging.level.web' property to 'DEBUG'
2026-08-26T14:32:32.457+08:00 INFO  o.s.b.w.e.tomcat.TomcatWebServer : Tomcat initialized with port 8081 (http)
2026-08-26T14:32:32.477+08:00 INFO  o.a.coyote.http11.Http11NioProtocol : Initializing ProtocolHandler ["http-nio-8081"]
2026-08-26T14:32:32.485+08:00 INFO  o.a.catalina.core.StandardService : Starting service [Tomcat]
2026-08-26T14:32:32.485+08:00 INFO  o.a.catalina.core.StandardEngine : Starting Servlet engine: [Apache Tomcat/10.1.31]
2026-08-26T14:32:32.583+08:00 INFO  o.a.c.c.C.[Tomcat].[localhost].[/] : Initializing Spring embedded WebApplicationContext
2026-08-26T14:32:32.584+08:00 INFO  o.s.b.w.s.c.ServletWebServerApplicationContext : Root WebApplicationContext: initialization completed in 2471 ms
2026-08-26T14:32:33.078+08:00 WARN  c.b.m.core.injector.methods.Insert : [com.reservation.mapper.AuditLogMapper.insert] Has been loaded by XML or SqlProvider or Mybatis's Annotation, so ignoring this injection for [class com.baomidou.mybatisplus.core.injector.methods.Insert]
2026-08-26T14:32:33.136+08:00 WARN  c.b.m.c.injector.methods.SelectList : [com.reservation.mapper.BookingMapper.selectList] Has been loaded by XML or SqlProvider or Mybatis's Annotation, so ignoring this injection for [class com.baomidou.mybatisplus.core.injector.methods.SelectList]
2026-08-26T14:32:33.142+08:00 WARN  c.b.m.c.injector.methods.SelectById : [com.reservation.mapper.BookingMapper.selectById] Has been loaded by XML or SqlProvider or Mybatis's Annotation, so ignoring this injection for [class com.baomidou.mybatisplus.core.injector.methods.SelectById]
2026-08-26T14:32:33.222+08:00 WARN  c.b.m.core.injector.methods.Update : [com.reservation.mapper.CourseScheduleMapper.update] Has been loaded by XML or SqlProvider or Mybatis's Annotation, so ignoring this injection for [class com.baomidou.mybatisplus.core.injector.methods.Update]
2026-08-26T14:32:34.126+08:00 WARN  o.s.b.a.s.s.UserDetailsServiceAutoConfiguration : 

Using generated security password: a6757404-17b3-41c9-af54-a60a791ff69d

This generated password is for development use only. Your security configuration must be updated before running your application in production.

2026-08-26T14:32:34.137+08:00 INFO  o.s.s.c.a.a.c.InitializeUserDetailsBeanManagerConfigurer$InitializeUserDetailsManagerConfigurer : Global AuthenticationManager configured with UserDetailsService bean with name inMemoryUserDetailsManager
2026-08-26T14:32:34.250+08:00 INFO  o.s.b.a.w.s.WelcomePageHandlerMapping : Adding welcome page: class path resource [static/index.html]
2026-08-26T14:32:34.912+08:00 INFO  o.s.b.d.a.OptionalLiveReloadServer : LiveReload server is running on port 35729
2026-08-26T14:32:34.934+08:00 INFO  o.a.coyote.http11.Http11NioProtocol : Starting ProtocolHandler ["http-nio-8081"]
2026-08-26T14:32:34.967+08:00 INFO  o.s.b.w.e.tomcat.TomcatWebServer : Tomcat started on port 8081 (http) with context path '/'
2026-08-26T14:32:34.978+08:00 INFO  c.r.SpringBootMergeApplication : Started SpringBootMergeApplication in 5.571 seconds (process running for 6.149)
2026-08-26T14:33:40.066+08:00 INFO  o.a.c.c.C.[Tomcat].[localhost].[/] : Initializing Spring DispatcherServlet 'dispatcherServlet'
2026-08-26T14:33:40.066+08:00 INFO  o.s.web.servlet.DispatcherServlet : Initializing Servlet 'dispatcherServlet'
2026-08-26T14:33:40.068+08:00 INFO  o.s.web.servlet.DispatcherServlet : Completed initialization in 2 ms
2026-08-26T14:33:57.381+08:00 INFO  com.zaxxer.hikari.HikariDataSource : HikariPool-1 - Starting...
2026-08-26T14:33:57.645+08:00 INFO  com.zaxxer.hikari.pool.HikariPool : HikariPool-1 - Added connection com.mysql.cj.jdbc.ConnectionImpl@20dcd1b
2026-08-26T14:33:57.649+08:00 INFO  com.zaxxer.hikari.HikariDataSource : HikariPool-1 - Start completed.
2026-08-26T14:35:12.969+08:00 INFO  com.zaxxer.hikari.HikariDataSource : HikariPool-1 - Shutdown initiated...
2026-08-26T14:35:12.977+08:00 INFO  com.zaxxer.hikari.HikariDataSource : HikariPool-1 - Shutdown completed.
2026-08-26T14:35:48.158+08:00 INFO  o.h.validator.internal.util.Version : HV000001: Hibernate Validator 8.0.1.Final
2026-08-26T14:35:48.224+08:00 INFO  c.r.SpringBootMergeApplication : Starting SpringBootMergeApplication using Java 21.0.8 with PID 23944 (H:\2026\lesson-appointment\api\target\classes started by Administrator in H:\2026\lesson-appointment\api)
2026-08-26T14:35:48.226+08:00 INFO  c.r.SpringBootMergeApplication : No active profile set, falling back to 1 default profile: "default"
2026-08-26T14:35:48.306+08:00 INFO  o.s.b.d.e.DevToolsPropertyDefaultsPostProcessor : Devtools property defaults active! Set 'spring.devtools.add-properties' to 'false' to disable
2026-08-26T14:35:48.307+08:00 INFO  o.s.b.d.e.DevToolsPropertyDefaultsPostProcessor : For additional web related logging consider setting the 'logging.level.web' property to 'DEBUG'
2026-08-26T14:35:50.552+08:00 INFO  o.s.b.w.e.tomcat.TomcatWebServer : Tomcat initialized with port 8081 (http)
2026-08-26T14:35:50.571+08:00 INFO  o.a.coyote.http11.Http11NioProtocol : Initializing ProtocolHandler ["http-nio-8081"]
2026-08-26T14:35:50.578+08:00 INFO  o.a.catalina.core.StandardService : Starting service [Tomcat]
2026-08-26T14:35:50.579+08:00 INFO  o.a.catalina.core.StandardEngine : Starting Servlet engine: [Apache Tomcat/10.1.31]
2026-08-26T14:35:50.655+08:00 INFO  o.a.c.c.C.[Tomcat].[localhost].[/] : Initializing Spring embedded WebApplicationContext
2026-08-26T14:35:50.655+08:00 INFO  o.s.b.w.s.c.ServletWebServerApplicationContext : Root WebApplicationContext: initialization completed in 2348 ms
2026-08-26T14:35:51.128+08:00 WARN  c.b.m.core.injector.methods.Insert : [com.reservation.mapper.AuditLogMapper.insert] Has been loaded by XML or SqlProvider or Mybatis's Annotation, so ignoring this injection for [class com.baomidou.mybatisplus.core.injector.methods.Insert]
2026-08-26T14:35:51.202+08:00 WARN  c.b.m.c.injector.methods.SelectList : [com.reservation.mapper.BookingMapper.selectList] Has been loaded by XML or SqlProvider or Mybatis's Annotation, so ignoring this injection for [class com.baomidou.mybatisplus.core.injector.methods.SelectList]
2026-08-26T14:35:51.206+08:00 WARN  c.b.m.c.injector.methods.SelectById : [com.reservation.mapper.BookingMapper.selectById] Has been loaded by XML or SqlProvider or Mybatis's Annotation, so ignoring this injection for [class com.baomidou.mybatisplus.core.injector.methods.SelectById]
2026-08-26T14:35:51.270+08:00 WARN  c.b.m.core.injector.methods.Update : [com.reservation.mapper.CourseScheduleMapper.update] Has been loaded by XML or SqlProvider or Mybatis's Annotation, so ignoring this injection for [class com.baomidou.mybatisplus.core.injector.methods.Update]
2026-08-26T14:35:52.274+08:00 WARN  o.s.b.a.s.s.UserDetailsServiceAutoConfiguration : 

Using generated security password: 628e0d93-ed61-4769-9a44-88518a499008

This generated password is for development use only. Your security configuration must be updated before running your application in production.

2026-08-26T14:35:52.285+08:00 INFO  o.s.s.c.a.a.c.InitializeUserDetailsBeanManagerConfigurer$InitializeUserDetailsManagerConfigurer : Global AuthenticationManager configured with UserDetailsService bean with name inMemoryUserDetailsManager
2026-08-26T14:35:52.387+08:00 INFO  o.s.b.a.w.s.WelcomePageHandlerMapping : Adding welcome page: class path resource [static/index.html]
2026-08-26T14:35:53.106+08:00 INFO  o.s.b.d.a.OptionalLiveReloadServer : LiveReload server is running on port 35729
2026-08-26T14:35:53.124+08:00 INFO  o.a.coyote.http11.Http11NioProtocol : Starting ProtocolHandler ["http-nio-8081"]
2026-08-26T14:35:53.163+08:00 INFO  o.s.b.w.e.tomcat.TomcatWebServer : Tomcat started on port 8081 (http) with context path '/'
2026-08-26T14:35:53.174+08:00 INFO  c.r.SpringBootMergeApplication : Started SpringBootMergeApplication in 6.208 seconds (process running for 6.903)
2026-08-26T14:35:57.047+08:00 INFO  o.a.c.c.C.[Tomcat].[localhost].[/] : Initializing Spring DispatcherServlet 'dispatcherServlet'
2026-08-26T14:35:57.049+08:00 INFO  o.s.web.servlet.DispatcherServlet : Initializing Servlet 'dispatcherServlet'
2026-08-26T14:35:57.054+08:00 INFO  o.s.web.servlet.DispatcherServlet : Completed initialization in 4 ms
2026-08-26T14:35:59.411+08:00 INFO  com.zaxxer.hikari.HikariDataSource : HikariPool-1 - Starting...
2026-08-26T14:35:59.678+08:00 INFO  com.zaxxer.hikari.pool.HikariPool : HikariPool-1 - Added connection com.mysql.cj.jdbc.ConnectionImpl@2ee1c1b0
2026-08-26T14:35:59.680+08:00 INFO  com.zaxxer.hikari.HikariDataSource : HikariPool-1 - Start completed.
2026-08-26T14:39:28.251+08:00 INFO  com.zaxxer.hikari.HikariDataSource : HikariPool-1 - Shutdown initiated...
2026-08-26T14:39:28.305+08:00 INFO  com.zaxxer.hikari.HikariDataSource : HikariPool-1 - Shutdown completed.
2026-08-26T14:45:07.234+08:00 INFO  o.h.validator.internal.util.Version : HV000001: Hibernate Validator 8.0.1.Final
2026-08-26T14:45:07.321+08:00 INFO  c.r.SpringBootMergeApplication : Starting SpringBootMergeApplication v1.0.0 using Java 21.0.8 with PID 16940 (H:\2026\lesson-appointment\api\target\api-1.0.0.jar started by Administrator in H:\2026\lesson-appointment\api)
2026-08-26T14:45:07.323+08:00 INFO  c.r.SpringBootMergeApplication : No active profile set, falling back to 1 default profile: "default"
2026-08-26T14:45:10.184+08:00 INFO  o.s.b.w.e.tomcat.TomcatWebServer : Tomcat initialized with port 8081 (http)
2026-08-26T14:45:10.218+08:00 INFO  o.a.coyote.http11.Http11NioProtocol : Initializing ProtocolHandler ["http-nio-8081"]
2026-08-26T14:45:10.225+08:00 INFO  o.a.catalina.core.StandardService : Starting service [Tomcat]
2026-08-26T14:45:10.227+08:00 INFO  o.a.catalina.core.StandardEngine : Starting Servlet engine: [Apache Tomcat/10.1.31]
2026-08-26T14:45:10.296+08:00 INFO  o.a.c.c.C.[Tomcat].[localhost].[/] : Initializing Spring embedded WebApplicationContext
2026-08-26T14:45:10.298+08:00 INFO  o.s.b.w.s.c.ServletWebServerApplicationContext : Root WebApplicationContext: initialization completed in 2881 ms
2026-08-26T14:45:10.946+08:00 WARN  c.b.m.core.injector.methods.Insert : [com.reservation.mapper.AuditLogMapper.insert] Has been loaded by XML or SqlProvider or Mybatis's Annotation, so ignoring this injection for [class com.baomidou.mybatisplus.core.injector.methods.Insert]
2026-08-26T14:45:11.031+08:00 WARN  c.b.m.c.injector.methods.SelectList : [com.reservation.mapper.BookingMapper.selectList] Has been loaded by XML or SqlProvider or Mybatis's Annotation, so ignoring this injection for [class com.baomidou.mybatisplus.core.injector.methods.SelectList]
2026-08-26T14:45:11.039+08:00 WARN  c.b.m.c.injector.methods.SelectById : [com.reservation.mapper.BookingMapper.selectById] Has been loaded by XML or SqlProvider or Mybatis's Annotation, so ignoring this injection for [class com.baomidou.mybatisplus.core.injector.methods.SelectById]
2026-08-26T14:45:11.140+08:00 WARN  c.b.m.core.injector.methods.Update : [com.reservation.mapper.CourseScheduleMapper.update] Has been loaded by XML or SqlProvider or Mybatis's Annotation, so ignoring this injection for [class com.baomidou.mybatisplus.core.injector.methods.Update]
2026-08-26T14:45:12.207+08:00 WARN  o.s.b.a.s.s.UserDetailsServiceAutoConfiguration : 

Using generated security password: db317e9e-08ae-420c-be12-48f8b1ad542c

This generated password is for development use only. Your security configuration must be updated before running your application in production.

2026-08-26T14:45:12.220+08:00 INFO  o.s.s.c.a.a.c.InitializeUserDetailsBeanManagerConfigurer$InitializeUserDetailsManagerConfigurer : Global AuthenticationManager configured with UserDetailsService bean with name inMemoryUserDetailsManager
2026-08-26T14:45:12.321+08:00 INFO  o.s.b.a.w.s.WelcomePageHandlerMapping : Adding welcome page: class path resource [static/index.html]
2026-08-26T14:45:12.912+08:00 INFO  o.a.coyote.http11.Http11NioProtocol : Starting ProtocolHandler ["http-nio-8081"]
2026-08-26T14:45:13.081+08:00 INFO  o.s.b.w.e.tomcat.TomcatWebServer : Tomcat started on port 8081 (http) with context path '/'
2026-08-26T14:45:13.095+08:00 INFO  c.r.SpringBootMergeApplication : Started SpringBootMergeApplication in 6.624 seconds (process running for 7.397)
2026-08-26T14:45:19.587+08:00 INFO  o.a.c.c.C.[Tomcat].[localhost].[/] : Initializing Spring DispatcherServlet 'dispatcherServlet'
2026-08-26T14:45:19.588+08:00 INFO  o.s.web.servlet.DispatcherServlet : Initializing Servlet 'dispatcherServlet'
2026-08-26T14:45:19.591+08:00 INFO  o.s.web.servlet.DispatcherServlet : Completed initialization in 1 ms
2026-08-26T14:45:21.871+08:00 INFO  com.zaxxer.hikari.HikariDataSource : HikariPool-1 - Starting...
2026-08-26T14:45:22.270+08:00 INFO  com.zaxxer.hikari.pool.HikariPool : HikariPool-1 - Added connection com.mysql.cj.jdbc.ConnectionImpl@3b2906ab
2026-08-26T14:45:22.273+08:00 INFO  com.zaxxer.hikari.HikariDataSource : HikariPool-1 - Start completed.
2026-08-26T15:01:25.675+08:00 WARN  com.zaxxer.hikari.pool.HikariPool : HikariPool-1 - Thread starvation or clock leap detected (housekeeper delta=10m44s982ms619µs800ns).
2026-08-26T20:42:10.690+08:00 INFO  com.zaxxer.hikari.HikariDataSource : HikariPool-1 - Shutdown initiated...
2026-08-26T20:42:10.747+08:00 INFO  com.zaxxer.hikari.HikariDataSource : HikariPool-1 - Shutdown completed.
2026-08-26T20:43:07.842+08:00 INFO  o.h.validator.internal.util.Version : HV000001: Hibernate Validator 8.0.1.Final
2026-08-26T20:43:08.033+08:00 INFO  c.r.SpringBootMergeApplication : Starting SpringBootMergeApplication using Java 21.0.8 with PID 22596 (H:\2026\lesson-appointment\api\target\classes started by Administrator in H:\2026\lesson-appointment\api)
2026-08-26T20:43:08.034+08:00 INFO  c.r.SpringBootMergeApplication : No active profile set, falling back to 1 default profile: "default"
2026-08-26T20:43:08.218+08:00 INFO  o.s.b.d.e.DevToolsPropertyDefaultsPostProcessor : Devtools property defaults active! Set 'spring.devtools.add-properties' to 'false' to disable
2026-08-26T20:43:08.219+08:00 INFO  o.s.b.d.e.DevToolsPropertyDefaultsPostProcessor : For additional web related logging consider setting the 'logging.level.web' property to 'DEBUG'
2026-08-26T20:43:11.542+08:00 INFO  o.s.b.w.e.tomcat.TomcatWebServer : Tomcat initialized with port 8081 (http)
2026-08-26T20:43:11.562+08:00 INFO  o.a.coyote.http11.Http11NioProtocol : Initializing ProtocolHandler ["http-nio-8081"]
2026-08-26T20:43:11.571+08:00 INFO  o.a.catalina.core.StandardService : Starting service [Tomcat]
2026-08-26T20:43:11.571+08:00 INFO  o.a.catalina.core.StandardEngine : Starting Servlet engine: [Apache Tomcat/10.1.31]
2026-08-26T20:43:11.651+08:00 INFO  o.a.c.c.C.[Tomcat].[localhost].[/] : Initializing Spring embedded WebApplicationContext
2026-08-26T20:43:11.651+08:00 INFO  o.s.b.w.s.c.ServletWebServerApplicationContext : Root WebApplicationContext: initialization completed in 3425 ms
2026-08-26T20:43:12.284+08:00 WARN  c.b.m.core.injector.methods.Insert : [com.reservation.mapper.AuditLogMapper.insert] Has been loaded by XML or SqlProvider or Mybatis's Annotation, so ignoring this injection for [class com.baomidou.mybatisplus.core.injector.methods.Insert]
2026-08-26T20:43:12.368+08:00 WARN  c.b.m.c.injector.methods.SelectList : [com.reservation.mapper.BookingMapper.selectList] Has been loaded by XML or SqlProvider or Mybatis's Annotation, so ignoring this injection for [class com.baomidou.mybatisplus.core.injector.methods.SelectList]
2026-08-26T20:43:12.372+08:00 WARN  c.b.m.c.injector.methods.SelectById : [com.reservation.mapper.BookingMapper.selectById] Has been loaded by XML or SqlProvider or Mybatis's Annotation, so ignoring this injection for [class com.baomidou.mybatisplus.core.injector.methods.SelectById]
2026-08-26T20:43:12.443+08:00 WARN  c.b.m.core.injector.methods.Update : [com.reservation.mapper.CourseScheduleMapper.update] Has been loaded by XML or SqlProvider or Mybatis's Annotation, so ignoring this injection for [class com.baomidou.mybatisplus.core.injector.methods.Update]
2026-08-26T20:43:13.517+08:00 WARN  o.s.b.a.s.s.UserDetailsServiceAutoConfiguration : 

Using generated security password: 0a15880d-cdd4-4f40-bf87-f4e14e5c4e04

This generated password is for development use only. Your security configuration must be updated before running your application in production.

2026-08-26T20:43:13.528+08:00 INFO  o.s.s.c.a.a.c.InitializeUserDetailsBeanManagerConfigurer$InitializeUserDetailsManagerConfigurer : Global AuthenticationManager configured with UserDetailsService bean with name inMemoryUserDetailsManager
2026-08-26T20:43:13.636+08:00 INFO  o.s.b.a.w.s.WelcomePageHandlerMapping : Adding welcome page: class path resource [static/index.html]
2026-08-26T20:43:14.445+08:00 INFO  o.s.b.d.a.OptionalLiveReloadServer : LiveReload server is running on port 35729
2026-08-26T20:43:14.470+08:00 INFO  o.a.coyote.http11.Http11NioProtocol : Starting ProtocolHandler ["http-nio-8081"]
2026-08-26T20:43:14.521+08:00 INFO  o.s.b.w.e.tomcat.TomcatWebServer : Tomcat started on port 8081 (http) with context path '/'
2026-08-26T20:43:14.532+08:00 INFO  c.r.SpringBootMergeApplication : Started SpringBootMergeApplication in 7.956 seconds (process running for 8.801)
2026-08-26T20:47:32.470+08:00 INFO  o.a.c.c.C.[Tomcat].[localhost].[/] : Initializing Spring DispatcherServlet 'dispatcherServlet'
2026-08-26T20:47:32.471+08:00 INFO  o.s.web.servlet.DispatcherServlet : Initializing Servlet 'dispatcherServlet'
2026-08-26T20:47:32.473+08:00 INFO  o.s.web.servlet.DispatcherServlet : Completed initialization in 2 ms
2026-08-26T20:47:33.126+08:00 INFO  com.zaxxer.hikari.HikariDataSource : HikariPool-1 - Starting...
2026-08-26T20:47:33.369+08:00 INFO  com.zaxxer.hikari.pool.HikariPool : HikariPool-1 - Added connection com.mysql.cj.jdbc.ConnectionImpl@55e7be0c
2026-08-26T20:47:33.372+08:00 INFO  com.zaxxer.hikari.HikariDataSource : HikariPool-1 - Start completed.
2026-08-26T20:49:39.735+08:00 INFO  com.zaxxer.hikari.HikariDataSource : HikariPool-1 - Shutdown initiated...
2026-08-26T20:49:39.749+08:00 INFO  com.zaxxer.hikari.HikariDataSource : HikariPool-1 - Shutdown completed.
2026-08-26T20:50:17.809+08:00 INFO  o.h.validator.internal.util.Version : HV000001: Hibernate Validator 8.0.1.Final
2026-08-26T20:50:17.883+08:00 INFO  c.r.SpringBootMergeApplication : Starting SpringBootMergeApplication using Java 21.0.8 with PID 10532 (H:\2026\lesson-appointment\api\target\classes started by Administrator in H:\2026\lesson-appointment\api)
2026-08-26T20:50:17.887+08:00 INFO  c.r.SpringBootMergeApplication : No active profile set, falling back to 1 default profile: "default"
2026-08-26T20:50:17.968+08:00 INFO  o.s.b.d.e.DevToolsPropertyDefaultsPostProcessor : Devtools property defaults active! Set 'spring.devtools.add-properties' to 'false' to disable
2026-08-26T20:50:17.969+08:00 INFO  o.s.b.d.e.DevToolsPropertyDefaultsPostProcessor : For additional web related logging consider setting the 'logging.level.web' property to 'DEBUG'
2026-08-26T20:50:20.491+08:00 INFO  o.s.b.w.e.tomcat.TomcatWebServer : Tomcat initialized with port 8081 (http)
2026-08-26T20:50:20.507+08:00 INFO  o.a.coyote.http11.Http11NioProtocol : Initializing ProtocolHandler ["http-nio-8081"]
2026-08-26T20:50:20.514+08:00 INFO  o.a.catalina.core.StandardService : Starting service [Tomcat]
2026-08-26T20:50:20.515+08:00 INFO  o.a.catalina.core.StandardEngine : Starting Servlet engine: [Apache Tomcat/10.1.31]
2026-08-26T20:50:20.594+08:00 INFO  o.a.c.c.C.[Tomcat].[localhost].[/] : Initializing Spring embedded WebApplicationContext
2026-08-26T20:50:20.595+08:00 INFO  o.s.b.w.s.c.ServletWebServerApplicationContext : Root WebApplicationContext: initialization completed in 2625 ms
2026-08-26T20:50:21.078+08:00 WARN  c.b.m.core.injector.methods.Insert : [com.reservation.mapper.AuditLogMapper.insert] Has been loaded by XML or SqlProvider or Mybatis's Annotation, so ignoring this injection for [class com.baomidou.mybatisplus.core.injector.methods.Insert]
2026-08-26T20:50:21.131+08:00 WARN  c.b.m.c.injector.methods.SelectList : [com.reservation.mapper.BookingMapper.selectList] Has been loaded by XML or SqlProvider or Mybatis's Annotation, so ignoring this injection for [class com.baomidou.mybatisplus.core.injector.methods.SelectList]
2026-08-26T20:50:21.135+08:00 WARN  c.b.m.c.injector.methods.SelectById : [com.reservation.mapper.BookingMapper.selectById] Has been loaded by XML or SqlProvider or Mybatis's Annotation, so ignoring this injection for [class com.baomidou.mybatisplus.core.injector.methods.SelectById]
2026-08-26T20:50:21.206+08:00 WARN  c.b.m.core.injector.methods.Update : [com.reservation.mapper.CourseScheduleMapper.update] Has been loaded by XML or SqlProvider or Mybatis's Annotation, so ignoring this injection for [class com.baomidou.mybatisplus.core.injector.methods.Update]
2026-08-26T20:50:22.171+08:00 WARN  o.s.b.a.s.s.UserDetailsServiceAutoConfiguration : 

Using generated security password: c0b1c0d7-4032-44dc-a334-9e0faadac7af

This generated password is for development use only. Your security configuration must be updated before running your application in production.

2026-08-26T20:50:22.181+08:00 INFO  o.s.s.c.a.a.c.InitializeUserDetailsBeanManagerConfigurer$InitializeUserDetailsManagerConfigurer : Global AuthenticationManager configured with UserDetailsService bean with name inMemoryUserDetailsManager
2026-08-26T20:50:22.270+08:00 INFO  o.s.b.a.w.s.WelcomePageHandlerMapping : Adding welcome page: class path resource [static/index.html]
2026-08-26T20:50:23.034+08:00 INFO  o.s.b.d.a.OptionalLiveReloadServer : LiveReload server is running on port 35729
2026-08-26T20:50:23.062+08:00 INFO  o.a.coyote.http11.Http11NioProtocol : Starting ProtocolHandler ["http-nio-8081"]
2026-08-26T20:50:23.118+08:00 INFO  o.s.b.w.e.tomcat.TomcatWebServer : Tomcat started on port 8081 (http) with context path '/'
2026-08-26T20:50:23.135+08:00 INFO  c.r.SpringBootMergeApplication : Started SpringBootMergeApplication in 6.172 seconds (process running for 6.944)
2026-08-26T20:50:41.110+08:00 INFO  o.a.c.c.C.[Tomcat].[localhost].[/] : Initializing Spring DispatcherServlet 'dispatcherServlet'
2026-08-26T20:50:41.110+08:00 INFO  o.s.web.servlet.DispatcherServlet : Initializing Servlet 'dispatcherServlet'
2026-08-26T20:50:41.112+08:00 INFO  o.s.web.servlet.DispatcherServlet : Completed initialization in 1 ms
2026-08-26T20:51:45.955+08:00 INFO  o.h.validator.internal.util.Version : HV000001: Hibernate Validator 8.0.1.Final
2026-08-26T20:51:46.079+08:00 INFO  c.r.SpringBootMergeApplication : Starting SpringBootMergeApplication using Java 21.0.8 with PID 6312 (H:\2026\lesson-appointment\api\target\classes started by Administrator in H:\2026\lesson-appointment\api)
2026-08-26T20:51:46.082+08:00 INFO  c.r.SpringBootMergeApplication : No active profile set, falling back to 1 default profile: "default"
2026-08-26T20:51:46.173+08:00 INFO  o.s.b.d.e.DevToolsPropertyDefaultsPostProcessor : Devtools property defaults active! Set 'spring.devtools.add-properties' to 'false' to disable
2026-08-26T20:51:46.174+08:00 INFO  o.s.b.d.e.DevToolsPropertyDefaultsPostProcessor : For additional web related logging consider setting the 'logging.level.web' property to 'DEBUG'
2026-08-26T20:51:48.202+08:00 INFO  o.s.b.w.e.tomcat.TomcatWebServer : Tomcat initialized with port 8081 (http)
2026-08-26T20:51:48.221+08:00 INFO  o.a.coyote.http11.Http11NioProtocol : Initializing ProtocolHandler ["http-nio-8081"]
2026-08-26T20:51:48.228+08:00 INFO  o.a.catalina.core.StandardService : Starting service [Tomcat]
2026-08-26T20:51:48.228+08:00 INFO  o.a.catalina.core.StandardEngine : Starting Servlet engine: [Apache Tomcat/10.1.31]
2026-08-26T20:51:48.329+08:00 INFO  o.a.c.c.C.[Tomcat].[localhost].[/] : Initializing Spring embedded WebApplicationContext
2026-08-26T20:51:48.330+08:00 INFO  o.s.b.w.s.c.ServletWebServerApplicationContext : Root WebApplicationContext: initialization completed in 2155 ms
2026-08-26T20:51:48.784+08:00 WARN  c.b.m.core.injector.methods.Insert : [com.reservation.mapper.AuditLogMapper.insert] Has been loaded by XML or SqlProvider or Mybatis's Annotation, so ignoring this injection for [class com.baomidou.mybatisplus.core.injector.methods.Insert]
2026-08-26T20:51:48.835+08:00 WARN  c.b.m.c.injector.methods.SelectList : [com.reservation.mapper.BookingMapper.selectList] Has been loaded by XML or SqlProvider or Mybatis's Annotation, so ignoring this injection for [class com.baomidou.mybatisplus.core.injector.methods.SelectList]
2026-08-26T20:51:48.838+08:00 WARN  c.b.m.c.injector.methods.SelectById : [com.reservation.mapper.BookingMapper.selectById] Has been loaded by XML or SqlProvider or Mybatis's Annotation, so ignoring this injection for [class com.baomidou.mybatisplus.core.injector.methods.SelectById]
2026-08-26T20:51:48.902+08:00 WARN  c.b.m.core.injector.methods.Update : [com.reservation.mapper.CourseScheduleMapper.update] Has been loaded by XML or SqlProvider or Mybatis's Annotation, so ignoring this injection for [class com.baomidou.mybatisplus.core.injector.methods.Update]
2026-08-26T20:51:49.768+08:00 WARN  o.s.b.a.s.s.UserDetailsServiceAutoConfiguration : 

Using generated security password: d0bc9520-f9e8-4443-8aa7-c4bb9c876d94

This generated password is for development use only. Your security configuration must be updated before running your application in production.

2026-08-26T20:51:49.777+08:00 INFO  o.s.s.c.a.a.c.InitializeUserDetailsBeanManagerConfigurer$InitializeUserDetailsManagerConfigurer : Global AuthenticationManager configured with UserDetailsService bean with name inMemoryUserDetailsManager
2026-08-26T20:51:49.873+08:00 INFO  o.s.b.a.w.s.WelcomePageHandlerMapping : Adding welcome page: class path resource [static/index.html]
2026-08-26T20:51:50.536+08:00 INFO  o.s.b.d.a.OptionalLiveReloadServer : LiveReload server is running on port 35729
2026-08-26T20:51:50.559+08:00 INFO  o.a.coyote.http11.Http11NioProtocol : Starting ProtocolHandler ["http-nio-8081"]
2026-08-26T20:51:50.592+08:00 INFO  o.s.b.w.e.tomcat.TomcatWebServer : Tomcat started on port 8081 (http) with context path '/'
2026-08-26T20:51:50.602+08:00 INFO  c.r.SpringBootMergeApplication : Started SpringBootMergeApplication in 5.32 seconds (process running for 5.868)
2026-08-26T20:54:09.912+08:00 INFO  o.a.c.c.C.[Tomcat].[localhost].[/] : Initializing Spring DispatcherServlet 'dispatcherServlet'
2026-08-26T20:54:09.913+08:00 INFO  o.s.web.servlet.DispatcherServlet : Initializing Servlet 'dispatcherServlet'
2026-08-26T20:54:09.916+08:00 INFO  o.s.web.servlet.DispatcherServlet : Completed initialization in 3 ms
2026-08-26T20:54:10.869+08:00 INFO  com.zaxxer.hikari.HikariDataSource : HikariPool-1 - Starting...
2026-08-26T20:54:11.104+08:00 INFO  com.zaxxer.hikari.pool.HikariPool : HikariPool-1 - Added connection com.mysql.cj.jdbc.ConnectionImpl@59cfcde8
2026-08-26T20:54:11.106+08:00 INFO  com.zaxxer.hikari.HikariDataSource : HikariPool-1 - Start completed.
2026-08-26T20:57:55.591+08:00 INFO  com.zaxxer.hikari.HikariDataSource : HikariPool-1 - Shutdown initiated...
2026-08-26T20:57:55.598+08:00 INFO  com.zaxxer.hikari.HikariDataSource : HikariPool-1 - Shutdown completed.
2026-08-26T20:58:28.474+08:00 INFO  o.h.validator.internal.util.Version : HV000001: Hibernate Validator 8.0.1.Final
2026-08-26T20:58:28.544+08:00 INFO  c.r.SpringBootMergeApplication : Starting SpringBootMergeApplication using Java 21.0.8 with PID 25636 (H:\2026\lesson-appointment\api\target\classes started by Administrator in H:\2026\lesson-appointment\api)
2026-08-26T20:58:28.546+08:00 INFO  c.r.SpringBootMergeApplication : No active profile set, falling back to 1 default profile: "default"
2026-08-26T20:58:28.637+08:00 INFO  o.s.b.d.e.DevToolsPropertyDefaultsPostProcessor : Devtools property defaults active! Set 'spring.devtools.add-properties' to 'false' to disable
2026-08-26T20:58:28.642+08:00 INFO  o.s.b.d.e.DevToolsPropertyDefaultsPostProcessor : For additional web related logging consider setting the 'logging.level.web' property to 'DEBUG'
2026-08-26T20:58:30.859+08:00 INFO  o.s.b.w.e.tomcat.TomcatWebServer : Tomcat initialized with port 8081 (http)
2026-08-26T20:58:30.874+08:00 INFO  o.a.coyote.http11.Http11NioProtocol : Initializing ProtocolHandler ["http-nio-8081"]
2026-08-26T20:58:30.881+08:00 INFO  o.a.catalina.core.StandardService : Starting service [Tomcat]
2026-08-26T20:58:30.882+08:00 INFO  o.a.catalina.core.StandardEngine : Starting Servlet engine: [Apache Tomcat/10.1.31]
2026-08-26T20:58:30.950+08:00 INFO  o.a.c.c.C.[Tomcat].[localhost].[/] : Initializing Spring embedded WebApplicationContext
2026-08-26T20:58:30.951+08:00 INFO  o.s.b.w.s.c.ServletWebServerApplicationContext : Root WebApplicationContext: initialization completed in 2308 ms
2026-08-26T20:58:31.403+08:00 WARN  c.b.m.core.injector.methods.Insert : [com.reservation.mapper.AuditLogMapper.insert] Has been loaded by XML or SqlProvider or Mybatis's Annotation, so ignoring this injection for [class com.baomidou.mybatisplus.core.injector.methods.Insert]
2026-08-26T20:58:31.461+08:00 WARN  c.b.m.c.injector.methods.SelectList : [com.reservation.mapper.BookingMapper.selectList] Has been loaded by XML or SqlProvider or Mybatis's Annotation, so ignoring this injection for [class com.baomidou.mybatisplus.core.injector.methods.SelectList]
2026-08-26T20:58:31.464+08:00 WARN  c.b.m.c.injector.methods.SelectById : [com.reservation.mapper.BookingMapper.selectById] Has been loaded by XML or SqlProvider or Mybatis's Annotation, so ignoring this injection for [class com.baomidou.mybatisplus.core.injector.methods.SelectById]
2026-08-26T20:58:31.525+08:00 WARN  c.b.m.core.injector.methods.Update : [com.reservation.mapper.CourseScheduleMapper.update] Has been loaded by XML or SqlProvider or Mybatis's Annotation, so ignoring this injection for [class com.baomidou.mybatisplus.core.injector.methods.Update]
2026-08-26T20:58:32.419+08:00 WARN  o.s.b.a.s.s.UserDetailsServiceAutoConfiguration : 

Using generated security password: 6619e386-b284-494d-b4f0-ab1722a2dfd2

This generated password is for development use only. Your security configuration must be updated before running your application in production.

2026-08-26T20:58:32.431+08:00 INFO  o.s.s.c.a.a.c.InitializeUserDetailsBeanManagerConfigurer$InitializeUserDetailsManagerConfigurer : Global AuthenticationManager configured with UserDetailsService bean with name inMemoryUserDetailsManager
2026-08-26T20:58:32.706+08:00 INFO  o.s.b.a.w.s.WelcomePageHandlerMapping : Adding welcome page: class path resource [static/index.html]
2026-08-26T20:58:33.409+08:00 INFO  o.s.b.d.a.OptionalLiveReloadServer : LiveReload server is running on port 35729
2026-08-26T20:58:33.435+08:00 INFO  o.a.coyote.http11.Http11NioProtocol : Starting ProtocolHandler ["http-nio-8081"]
2026-08-26T20:58:33.471+08:00 INFO  o.s.b.w.e.tomcat.TomcatWebServer : Tomcat started on port 8081 (http) with context path '/'
2026-08-26T20:58:33.482+08:00 INFO  c.r.SpringBootMergeApplication : Started SpringBootMergeApplication in 5.624 seconds (process running for 6.205)
2026-08-26T20:58:51.605+08:00 INFO  o.a.c.c.C.[Tomcat].[localhost].[/] : Initializing Spring DispatcherServlet 'dispatcherServlet'
2026-08-26T20:58:51.606+08:00 INFO  o.s.web.servlet.DispatcherServlet : Initializing Servlet 'dispatcherServlet'
2026-08-26T20:58:51.612+08:00 INFO  o.s.web.servlet.DispatcherServlet : Completed initialization in 4 ms
2026-08-26T20:58:52.197+08:00 INFO  com.zaxxer.hikari.HikariDataSource : HikariPool-1 - Starting...
2026-08-26T20:58:52.429+08:00 INFO  com.zaxxer.hikari.pool.HikariPool : HikariPool-1 - Added connection com.mysql.cj.jdbc.ConnectionImpl@3b753f1e
2026-08-26T20:58:52.432+08:00 INFO  com.zaxxer.hikari.HikariDataSource : HikariPool-1 - Start completed.
2026-08-26T20:58:58.995+08:00 INFO  c.r.service.RefreshTokenService : 用户登出，删除刷新Token开始, token=eyJhbGciOiJIUzI1NiJ9.eyJzdWIiOiIwYzBkNWE2NS0xNWViLTQ3ZGQtYmY0Mi1jOWJmMjY0NTY5MDIiLCJleHAiOjE3ODgzMjQwMjl9.LybvZzIZ5QGjODAXuELEyj42YXvk7CwlpwlDmoNOxr0
2026-08-26T20:58:59.013+08:00 INFO  c.r.service.RefreshTokenService : 用户登出，删除刷新Token结束, token=eyJhbGciOiJIUzI1NiJ9.eyJzdWIiOiIwYzBkNWE2NS0xNWViLTQ3ZGQtYmY0Mi1jOWJmMjY0NTY5MDIiLCJleHAiOjE3ODgzMjQwMjl9.LybvZzIZ5QGjODAXuELEyj42YXvk7CwlpwlDmoNOxr0
2026-08-26T20:59:08.712+08:00 INFO  c.r.service.RefreshTokenService : 用户登出，删除刷新Token开始, token=eyJhbGciOiJIUzI1NiJ9.eyJzdWIiOiIwNjYzMmU0MC03ZWExLTQ4NGEtYmZhYS03OTFkOWFjYjdiYmQiLCJleHAiOjE3ODgzNTM5NDJ9.lqpUC5au-F5yFwaFcmGQGzfxckadjYhuLYaNPfTMU7E
2026-08-26T20:59:08.746+08:00 INFO  c.r.service.RefreshTokenService : 用户登出，删除刷新Token结束, token=eyJhbGciOiJIUzI1NiJ9.eyJzdWIiOiIwNjYzMmU0MC03ZWExLTQ4NGEtYmZhYS03OTFkOWFjYjdiYmQiLCJleHAiOjE3ODgzNTM5NDJ9.lqpUC5au-F5yFwaFcmGQGzfxckadjYhuLYaNPfTMU7E
2026-08-26T21:01:46.827+08:00 INFO  c.r.service.RefreshTokenService : 用户登出，删除刷新Token开始, token=eyJhbGciOiJIUzI1NiJ9.eyJzdWIiOiIwYzBkNWE2NS0xNWViLTQ3ZGQtYmY0Mi1jOWJmMjY0NTY5MDIiLCJleHAiOjE3ODgzNTQwNTV9.HXn5ss7RJRp_UZHBIvAKfCOkNMK8xmm-TflX-fBZwsg
2026-08-26T21:01:46.844+08:00 INFO  c.r.service.RefreshTokenService : 用户登出，删除刷新Token结束, token=eyJhbGciOiJIUzI1NiJ9.eyJzdWIiOiIwYzBkNWE2NS0xNWViLTQ3ZGQtYmY0Mi1jOWJmMjY0NTY5MDIiLCJleHAiOjE3ODgzNTQwNTV9.HXn5ss7RJRp_UZHBIvAKfCOkNMK8xmm-TflX-fBZwsg
2026-08-26T21:02:54.271+08:00 INFO  c.r.service.RefreshTokenService : 用户登出，删除刷新Token开始, token=eyJhbGciOiJIUzI1NiJ9.eyJzdWIiOiIwYzBkNWE2NS0xNWViLTQ3ZGQtYmY0Mi1jOWJmMjY0NTY5MDIiLCJleHAiOjE3ODgzNTQxNDF9.dVg61CXeG5XTK7Z0qEQ6vAXH9VvslxD4bV73Myu6lE8
2026-08-26T21:02:54.298+08:00 INFO  c.r.service.RefreshTokenService : 用户登出，删除刷新Token结束, token=eyJhbGciOiJIUzI1NiJ9.eyJzdWIiOiIwYzBkNWE2NS0xNWViLTQ3ZGQtYmY0Mi1jOWJmMjY0NTY5MDIiLCJleHAiOjE3ODgzNTQxNDF9.dVg61CXeG5XTK7Z0qEQ6vAXH9VvslxD4bV73Myu6lE8
2026-08-26T21:09:06.226+08:00 INFO  o.a.coyote.http11.Http11NioProtocol : Stopping ProtocolHandler ["http-nio-8081"]
2026-08-26T21:09:06.245+08:00 INFO  com.zaxxer.hikari.HikariDataSource : HikariPool-1 - Shutdown initiated...
2026-08-26T21:09:06.262+08:00 INFO  com.zaxxer.hikari.HikariDataSource : HikariPool-1 - Shutdown completed.
2026-08-26T21:09:41.137+08:00 INFO  o.h.validator.internal.util.Version : HV000001: Hibernate Validator 8.0.1.Final
2026-08-26T21:09:41.199+08:00 INFO  c.r.SpringBootMergeApplication : Starting SpringBootMergeApplication using Java 21.0.8 with PID 24452 (H:\2026\lesson-appointment\api\target\classes started by Administrator in H:\2026\lesson-appointment\api)
2026-08-26T21:09:41.201+08:00 INFO  c.r.SpringBootMergeApplication : No active profile set, falling back to 1 default profile: "default"
2026-08-26T21:09:41.269+08:00 INFO  o.s.b.d.e.DevToolsPropertyDefaultsPostProcessor : Devtools property defaults active! Set 'spring.devtools.add-properties' to 'false' to disable
2026-08-26T21:09:41.269+08:00 INFO  o.s.b.d.e.DevToolsPropertyDefaultsPostProcessor : For additional web related logging consider setting the 'logging.level.web' property to 'DEBUG'
2026-08-26T21:09:43.293+08:00 INFO  o.s.b.w.e.tomcat.TomcatWebServer : Tomcat initialized with port 8081 (http)
2026-08-26T21:09:43.308+08:00 INFO  o.a.coyote.http11.Http11NioProtocol : Initializing ProtocolHandler ["http-nio-8081"]
2026-08-26T21:09:43.317+08:00 INFO  o.a.catalina.core.StandardService : Starting service [Tomcat]
2026-08-26T21:09:43.318+08:00 INFO  o.a.catalina.core.StandardEngine : Starting Servlet engine: [Apache Tomcat/10.1.31]
2026-08-26T21:09:43.389+08:00 INFO  o.a.c.c.C.[Tomcat].[localhost].[/] : Initializing Spring embedded WebApplicationContext
2026-08-26T21:09:43.389+08:00 INFO  o.s.b.w.s.c.ServletWebServerApplicationContext : Root WebApplicationContext: initialization completed in 2119 ms
2026-08-26T21:09:43.841+08:00 WARN  c.b.m.core.injector.methods.Insert : [com.reservation.mapper.AuditLogMapper.insert] Has been loaded by XML or SqlProvider or Mybatis's Annotation, so ignoring this injection for [class com.baomidou.mybatisplus.core.injector.methods.Insert]
2026-08-26T21:09:43.897+08:00 WARN  c.b.m.c.injector.methods.SelectList : [com.reservation.mapper.BookingMapper.selectList] Has been loaded by XML or SqlProvider or Mybatis's Annotation, so ignoring this injection for [class com.baomidou.mybatisplus.core.injector.methods.SelectList]
2026-08-26T21:09:43.900+08:00 WARN  c.b.m.c.injector.methods.SelectById : [com.reservation.mapper.BookingMapper.selectById] Has been loaded by XML or SqlProvider or Mybatis's Annotation, so ignoring this injection for [class com.baomidou.mybatisplus.core.injector.methods.SelectById]
2026-08-26T21:09:43.957+08:00 WARN  c.b.m.core.injector.methods.Update : [com.reservation.mapper.CourseScheduleMapper.update] Has been loaded by XML or SqlProvider or Mybatis's Annotation, so ignoring this injection for [class com.baomidou.mybatisplus.core.injector.methods.Update]
2026-08-26T21:09:44.872+08:00 WARN  o.s.b.a.s.s.UserDetailsServiceAutoConfiguration : 

Using generated security password: 4417637e-9d68-4c1a-8812-695aef9ac40f

This generated password is for development use only. Your security configuration must be updated before running your application in production.

2026-08-26T21:09:44.882+08:00 INFO  o.s.s.c.a.a.c.InitializeUserDetailsBeanManagerConfigurer$InitializeUserDetailsManagerConfigurer : Global AuthenticationManager configured with UserDetailsService bean with name inMemoryUserDetailsManager
2026-08-26T21:09:44.987+08:00 INFO  o.s.b.a.w.s.WelcomePageHandlerMapping : Adding welcome page: class path resource [static/index.html]
2026-08-26T21:09:45.687+08:00 INFO  o.s.b.d.a.OptionalLiveReloadServer : LiveReload server is running on port 35729
2026-08-26T21:09:45.708+08:00 INFO  o.a.coyote.http11.Http11NioProtocol : Starting ProtocolHandler ["http-nio-8081"]
2026-08-26T21:09:45.740+08:00 INFO  o.s.b.w.e.tomcat.TomcatWebServer : Tomcat started on port 8081 (http) with context path '/'
2026-08-26T21:09:45.752+08:00 INFO  c.r.SpringBootMergeApplication : Started SpringBootMergeApplication in 5.594 seconds (process running for 6.494)
2026-08-26T21:30:18.165+08:00 INFO  o.a.c.c.C.[Tomcat].[localhost].[/] : Initializing Spring DispatcherServlet 'dispatcherServlet'
2026-08-26T21:30:18.165+08:00 INFO  o.s.web.servlet.DispatcherServlet : Initializing Servlet 'dispatcherServlet'
2026-08-26T21:30:18.167+08:00 INFO  o.s.web.servlet.DispatcherServlet : Completed initialization in 2 ms
2026-08-26T21:30:19.255+08:00 INFO  com.zaxxer.hikari.HikariDataSource : HikariPool-1 - Starting...
2026-08-26T21:30:19.494+08:00 INFO  com.zaxxer.hikari.pool.HikariPool : HikariPool-1 - Added connection com.mysql.cj.jdbc.ConnectionImpl@521b1035
2026-08-26T21:30:19.500+08:00 INFO  com.zaxxer.hikari.HikariDataSource : HikariPool-1 - Start completed.
2026-08-26T21:41:15.670+08:00 INFO  o.s.b.d.a.LocalDevToolsAutoConfiguration$RestartingClassPathChangeChangedEventListener : Restarting due to 5 class path changes (0 additions, 0 deletions, 5 modifications)
2026-08-26T21:41:15.942+08:00 INFO  o.a.coyote.http11.Http11NioProtocol : Stopping ProtocolHandler ["http-nio-8081"]
2026-08-26T21:41:16.060+08:00 INFO  com.zaxxer.hikari.HikariDataSource : HikariPool-1 - Shutdown initiated...
2026-08-26T21:41:16.157+08:00 INFO  com.zaxxer.hikari.HikariDataSource : HikariPool-1 - Shutdown completed.
2026-08-26T21:41:16.542+08:00 INFO  c.r.SpringBootMergeApplication : Starting SpringBootMergeApplication using Java 21.0.8 with PID 24452 (H:\2026\lesson-appointment\api\target\classes started by Administrator in H:\2026\lesson-appointment\api)
2026-08-26T21:41:16.559+08:00 INFO  c.r.SpringBootMergeApplication : No active profile set, falling back to 1 default profile: "default"
2026-08-26T21:41:18.524+08:00 INFO  o.s.b.w.e.tomcat.TomcatWebServer : Tomcat initialized with port 8081 (http)
2026-08-26T21:41:18.526+08:00 INFO  o.a.coyote.http11.Http11NioProtocol : Initializing ProtocolHandler ["http-nio-8081"]
2026-08-26T21:41:18.529+08:00 INFO  o.a.catalina.core.StandardService : Starting service [Tomcat]
2026-08-26T21:41:18.532+08:00 INFO  o.a.catalina.core.StandardEngine : Starting Servlet engine: [Apache Tomcat/10.1.31]
2026-08-26T21:41:18.563+08:00 INFO  o.a.c.c.C.[Tomcat].[localhost].[/] : Initializing Spring embedded WebApplicationContext
2026-08-26T21:41:18.569+08:00 INFO  o.s.b.w.s.c.ServletWebServerApplicationContext : Root WebApplicationContext: initialization completed in 1985 ms
2026-08-26T21:41:18.812+08:00 WARN  c.b.m.core.injector.methods.Insert : [com.reservation.mapper.AuditLogMapper.insert] Has been loaded by XML or SqlProvider or Mybatis's Annotation, so ignoring this injection for [class com.baomidou.mybatisplus.core.injector.methods.Insert]
2026-08-26T21:41:18.873+08:00 WARN  c.b.m.c.injector.methods.SelectList : [com.reservation.mapper.BookingMapper.selectList] Has been loaded by XML or SqlProvider or Mybatis's Annotation, so ignoring this injection for [class com.baomidou.mybatisplus.core.injector.methods.SelectList]
2026-08-26T21:41:18.878+08:00 WARN  c.b.m.c.injector.methods.SelectById : [com.reservation.mapper.BookingMapper.selectById] Has been loaded by XML or SqlProvider or Mybatis's Annotation, so ignoring this injection for [class com.baomidou.mybatisplus.core.injector.methods.SelectById]
2026-08-26T21:41:19.128+08:00 WARN  c.b.m.core.injector.methods.Update : [com.reservation.mapper.CourseScheduleMapper.update] Has been loaded by XML or SqlProvider or Mybatis's Annotation, so ignoring this injection for [class com.baomidou.mybatisplus.core.injector.methods.Update]
2026-08-26T21:41:19.741+08:00 WARN  o.s.b.w.s.c.AnnotationConfigServletWebServerApplicationContext : Exception encountered during context initialization - cancelling refresh attempt: org.springframework.beans.factory.UnsatisfiedDependencyException: Error creating bean with name 'appointmentController': Unsatisfied dependency expressed through field 'appointmentService': Error creating bean with name 'appointmentService' defined in file [H:\2026\lesson-appointment\api\target\classes\com\reservation\service\AppointmentService.class]: Failed to instantiate [com.reservation.service.AppointmentService]: Constructor threw exception
2026-08-26T21:41:19.752+08:00 INFO  o.a.catalina.core.StandardService : Stopping service [Tomcat]
2026-08-26T21:41:19.769+08:00 INFO  o.s.b.a.l.ConditionEvaluationReportLogger : 

Error starting ApplicationContext. To display the condition evaluation report re-run your application with 'debug' enabled.
2026-08-26T21:41:19.903+08:00 ERROR o.s.boot.SpringApplication : Application run failed
org.springframework.beans.factory.UnsatisfiedDependencyException: Error creating bean with name 'appointmentController': Unsatisfied dependency expressed through field 'appointmentService': Error creating bean with name 'appointmentService' defined in file [H:\2026\lesson-appointment\api\target\classes\com\reservation\service\AppointmentService.class]: Failed to instantiate [com.reservation.service.AppointmentService]: Constructor threw exception
	at org.springframework.beans.factory.annotation.AutowiredAnnotationBeanPostProcessor$AutowiredFieldElement.resolveFieldValue(AutowiredAnnotationBeanPostProcessor.java:788)
	at org.springframework.beans.factory.annotation.AutowiredAnnotationBeanPostProcessor$AutowiredFieldElement.inject(AutowiredAnnotationBeanPostProcessor.java:768)
	at org.springframework.beans.factory.annotation.InjectionMetadata.inject(InjectionMetadata.java:145)
	at org.springframework.beans.factory.annotation.AutowiredAnnotationBeanPostProcessor.postProcessProperties(AutowiredAnnotationBeanPostProcessor.java:509)
	at org.springframework.beans.factory.support.AbstractAutowireCapableBeanFactory.populateBean(AbstractAutowireCapableBeanFactory.java:1439)
	at org.springframework.beans.factory.support.AbstractAutowireCapableBeanFactory.doCreateBean(AbstractAutowireCapableBeanFactory.java:599)
	at org.springframework.beans.factory.support.AbstractAutowireCapableBeanFactory.createBean(AbstractAutowireCapableBeanFactory.java:522)
	at org.springframework.beans.factory.support.AbstractBeanFactory.lambda$doGetBean$0(AbstractBeanFactory.java:337)
	at org.springframework.beans.factory.support.DefaultSingletonBeanRegistry.getSingleton(DefaultSingletonBeanRegistry.java:234)
	at org.springframework.beans.factory.support.AbstractBeanFactory.doGetBean(AbstractBeanFactory.java:335)
	at org.springframework.beans.factory.support.AbstractBeanFactory.getBean(AbstractBeanFactory.java:200)
	at org.springframework.beans.factory.support.DefaultListableBeanFactory.preInstantiateSingletons(DefaultListableBeanFactory.java:975)
	at org.springframework.context.support.AbstractApplicationContext.finishBeanFactoryInitialization(AbstractApplicationContext.java:971)
	at org.springframework.context.support.AbstractApplicationContext.refresh(AbstractApplicationContext.java:625)
	at org.springframework.boot.web.servlet.context.ServletWebServerApplicationContext.refresh(ServletWebServerApplicationContext.java:146)
	at org.springframework.boot.SpringApplication.refresh(SpringApplication.java:754)
	at org.springframework.boot.SpringApplication.refreshContext(SpringApplication.java:456)
	at org.springframework.boot.SpringApplication.run(SpringApplication.java:335)
	at org.springframework.boot.SpringApplication.run(SpringApplication.java:1363)
	at org.springframework.boot.SpringApplication.run(SpringApplication.java:1352)
	at com.reservation.SpringBootMergeApplication.main(SpringBootMergeApplication.java:21)
	at java.base/jdk.internal.reflect.DirectMethodHandleAccessor.invoke(DirectMethodHandleAccessor.java:103)
	at java.base/java.lang.reflect.Method.invoke(Method.java:580)
	at org.springframework.boot.devtools.restart.RestartLauncher.run(RestartLauncher.java:50)
Caused by: org.springframework.beans.factory.BeanCreationException: Error creating bean with name 'appointmentService' defined in file [H:\2026\lesson-appointment\api\target\classes\com\reservation\service\AppointmentService.class]: Failed to instantiate [com.reservation.service.AppointmentService]: Constructor threw exception
	at org.springframework.beans.factory.support.AbstractAutowireCapableBeanFactory.instantiateBean(AbstractAutowireCapableBeanFactory.java:1337)
	at org.springframework.beans.factory.support.AbstractAutowireCapableBeanFactory.createBeanInstance(AbstractAutowireCapableBeanFactory.java:1222)
	at org.springframework.beans.factory.support.AbstractAutowireCapableBeanFactory.doCreateBean(AbstractAutowireCapableBeanFactory.java:562)
	at org.springframework.beans.factory.support.AbstractAutowireCapableBeanFactory.createBean(AbstractAutowireCapableBeanFactory.java:522)
	at org.springframework.beans.factory.support.AbstractBeanFactory.lambda$doGetBean$0(AbstractBeanFactory.java:337)
	at org.springframework.beans.factory.support.DefaultSingletonBeanRegistry.getSingleton(DefaultSingletonBeanRegistry.java:234)
	at org.springframework.beans.factory.support.AbstractBeanFactory.doGetBean(AbstractBeanFactory.java:335)
	at org.springframework.beans.factory.support.AbstractBeanFactory.getBean(AbstractBeanFactory.java:200)
	at org.springframework.beans.factory.config.DependencyDescriptor.resolveCandidate(DependencyDescriptor.java:254)
	at org.springframework.beans.factory.support.DefaultListableBeanFactory.doResolveDependency(DefaultListableBeanFactory.java:1443)
	at org.springframework.beans.factory.support.DefaultListableBeanFactory.resolveDependency(DefaultListableBeanFactory.java:1353)
	at org.springframework.beans.factory.annotation.AutowiredAnnotationBeanPostProcessor$AutowiredFieldElement.resolveFieldValue(AutowiredAnnotationBeanPostProcessor.java:785)
	... 23 common frames omitted
Caused by: org.springframework.beans.BeanInstantiationException: Failed to instantiate [com.reservation.service.AppointmentService]: Constructor threw exception
	at org.springframework.beans.BeanUtils.instantiateClass(BeanUtils.java:221)
	at org.springframework.beans.factory.support.SimpleInstantiationStrategy.instantiate(SimpleInstantiationStrategy.java:94)
	at org.springframework.beans.factory.support.AbstractAutowireCapableBeanFactory.instantiateBean(AbstractAutowireCapableBeanFactory.java:1331)
	... 34 common frames omitted
Caused by: java.lang.Error: Unresolved compilation problems: 
	The import jakarta.annotation cannot be resolved
	Resource cannot be resolved to a type

	at com.reservation.service.AppointmentService.<init>(AppointmentService.java:19)
	at java.base/jdk.internal.reflect.DirectConstructorHandleAccessor.newInstance(DirectConstructorHandleAccessor.java:62)
	at java.base/java.lang.reflect.Constructor.newInstanceWithCaller(Constructor.java:502)
	at java.base/java.lang.reflect.Constructor.newInstance(Constructor.java:486)
	at org.springframework.beans.BeanUtils.instantiateClass(BeanUtils.java:195)
	... 36 common frames omitted
2026-08-26T21:41:22.376+08:00 INFO  c.r.SpringBootMergeApplication : Starting SpringBootMergeApplication using Java 21.0.8 with PID 24452 (H:\2026\lesson-appointment\api\target\classes started by Administrator in H:\2026\lesson-appointment\api)
2026-08-26T21:41:22.380+08:00 INFO  c.r.SpringBootMergeApplication : No active profile set, falling back to 1 default profile: "default"
2026-08-26T21:41:23.098+08:00 INFO  o.s.b.w.e.tomcat.TomcatWebServer : Tomcat initialized with port 8081 (http)
2026-08-26T21:41:23.099+08:00 INFO  o.a.coyote.http11.Http11NioProtocol : Initializing ProtocolHandler ["http-nio-8081"]
2026-08-26T21:41:23.100+08:00 INFO  o.a.catalina.core.StandardService : Starting service [Tomcat]
2026-08-26T21:41:23.100+08:00 INFO  o.a.catalina.core.StandardEngine : Starting Servlet engine: [Apache Tomcat/10.1.31]
2026-08-26T21:41:23.124+08:00 INFO  o.a.c.c.C.[Tomcat-1].[localhost].[/] : Initializing Spring embedded WebApplicationContext
2026-08-26T21:41:23.130+08:00 INFO  o.s.b.w.s.c.ServletWebServerApplicationContext : Root WebApplicationContext: initialization completed in 740 ms
2026-08-26T21:41:23.466+08:00 WARN  c.b.m.core.injector.methods.Insert : [com.reservation.mapper.AuditLogMapper.insert] Has been loaded by XML or SqlProvider or Mybatis's Annotation, so ignoring this injection for [class com.baomidou.mybatisplus.core.injector.methods.Insert]
2026-08-26T21:41:23.574+08:00 WARN  c.b.m.c.injector.methods.SelectList : [com.reservation.mapper.BookingMapper.selectList] Has been loaded by XML or SqlProvider or Mybatis's Annotation, so ignoring this injection for [class com.baomidou.mybatisplus.core.injector.methods.SelectList]
2026-08-26T21:41:23.604+08:00 WARN  c.b.m.c.injector.methods.SelectById : [com.reservation.mapper.BookingMapper.selectById] Has been loaded by XML or SqlProvider or Mybatis's Annotation, so ignoring this injection for [class com.baomidou.mybatisplus.core.injector.methods.SelectById]
2026-08-26T21:41:23.686+08:00 WARN  c.b.m.core.injector.methods.Update : [com.reservation.mapper.CourseScheduleMapper.update] Has been loaded by XML or SqlProvider or Mybatis's Annotation, so ignoring this injection for [class com.baomidou.mybatisplus.core.injector.methods.Update]
2026-08-26T21:41:23.985+08:00 WARN  o.s.b.w.s.c.AnnotationConfigServletWebServerApplicationContext : Exception encountered during context initialization - cancelling refresh attempt: org.springframework.beans.factory.UnsatisfiedDependencyException: Error creating bean with name 'appointmentController': Unsatisfied dependency expressed through field 'appointmentService': Error creating bean with name 'appointmentService' defined in file [H:\2026\lesson-appointment\api\target\classes\com\reservation\service\AppointmentService.class]: Failed to instantiate [com.reservation.service.AppointmentService]: Constructor threw exception
2026-08-26T21:41:23.987+08:00 INFO  o.a.catalina.core.StandardService : Stopping service [Tomcat]
2026-08-26T21:41:23.992+08:00 INFO  o.s.b.a.l.ConditionEvaluationReportLogger : 

Error starting ApplicationContext. To display the condition evaluation report re-run your application with 'debug' enabled.
2026-08-26T21:41:24.017+08:00 ERROR o.s.boot.SpringApplication : Application run failed
org.springframework.beans.factory.UnsatisfiedDependencyException: Error creating bean with name 'appointmentController': Unsatisfied dependency expressed through field 'appointmentService': Error creating bean with name 'appointmentService' defined in file [H:\2026\lesson-appointment\api\target\classes\com\reservation\service\AppointmentService.class]: Failed to instantiate [com.reservation.service.AppointmentService]: Constructor threw exception
	at org.springframework.beans.factory.annotation.AutowiredAnnotationBeanPostProcessor$AutowiredFieldElement.resolveFieldValue(AutowiredAnnotationBeanPostProcessor.java:788)
	at org.springframework.beans.factory.annotation.AutowiredAnnotationBeanPostProcessor$AutowiredFieldElement.inject(AutowiredAnnotationBeanPostProcessor.java:768)
	at org.springframework.beans.factory.annotation.InjectionMetadata.inject(InjectionMetadata.java:145)
	at org.springframework.beans.factory.annotation.AutowiredAnnotationBeanPostProcessor.postProcessProperties(AutowiredAnnotationBeanPostProcessor.java:509)
	at org.springframework.beans.factory.support.AbstractAutowireCapableBeanFactory.populateBean(AbstractAutowireCapableBeanFactory.java:1439)
	at org.springframework.beans.factory.support.AbstractAutowireCapableBeanFactory.doCreateBean(AbstractAutowireCapableBeanFactory.java:599)
	at org.springframework.beans.factory.support.AbstractAutowireCapableBeanFactory.createBean(AbstractAutowireCapableBeanFactory.java:522)
	at org.springframework.beans.factory.support.AbstractBeanFactory.lambda$doGetBean$0(AbstractBeanFactory.java:337)
	at org.springframework.beans.factory.support.DefaultSingletonBeanRegistry.getSingleton(DefaultSingletonBeanRegistry.java:234)
	at org.springframework.beans.factory.support.AbstractBeanFactory.doGetBean(AbstractBeanFactory.java:335)
	at org.springframework.beans.factory.support.AbstractBeanFactory.getBean(AbstractBeanFactory.java:200)
	at org.springframework.beans.factory.support.DefaultListableBeanFactory.preInstantiateSingletons(DefaultListableBeanFactory.java:975)
	at org.springframework.context.support.AbstractApplicationContext.finishBeanFactoryInitialization(AbstractApplicationContext.java:971)
	at org.springframework.context.support.AbstractApplicationContext.refresh(AbstractApplicationContext.java:625)
	at org.springframework.boot.web.servlet.context.ServletWebServerApplicationContext.refresh(ServletWebServerApplicationContext.java:146)
	at org.springframework.boot.SpringApplication.refresh(SpringApplication.java:754)
	at org.springframework.boot.SpringApplication.refreshContext(SpringApplication.java:456)
	at org.springframework.boot.SpringApplication.run(SpringApplication.java:335)
	at org.springframework.boot.SpringApplication.run(SpringApplication.java:1363)
	at org.springframework.boot.SpringApplication.run(SpringApplication.java:1352)
	at com.reservation.SpringBootMergeApplication.main(SpringBootMergeApplication.java:21)
	at java.base/jdk.internal.reflect.DirectMethodHandleAccessor.invoke(DirectMethodHandleAccessor.java:103)
	at java.base/java.lang.reflect.Method.invoke(Method.java:580)
	at org.springframework.boot.devtools.restart.RestartLauncher.run(RestartLauncher.java:50)
Caused by: org.springframework.beans.factory.BeanCreationException: Error creating bean with name 'appointmentService' defined in file [H:\2026\lesson-appointment\api\target\classes\com\reservation\service\AppointmentService.class]: Failed to instantiate [com.reservation.service.AppointmentService]: Constructor threw exception
	at org.springframework.beans.factory.support.AbstractAutowireCapableBeanFactory.instantiateBean(AbstractAutowireCapableBeanFactory.java:1337)
	at org.springframework.beans.factory.support.AbstractAutowireCapableBeanFactory.createBeanInstance(AbstractAutowireCapableBeanFactory.java:1222)
	at org.springframework.beans.factory.support.AbstractAutowireCapableBeanFactory.doCreateBean(AbstractAutowireCapableBeanFactory.java:562)
	at org.springframework.beans.factory.support.AbstractAutowireCapableBeanFactory.createBean(AbstractAutowireCapableBeanFactory.java:522)
	at org.springframework.beans.factory.support.AbstractBeanFactory.lambda$doGetBean$0(AbstractBeanFactory.java:337)
	at org.springframework.beans.factory.support.DefaultSingletonBeanRegistry.getSingleton(DefaultSingletonBeanRegistry.java:234)
	at org.springframework.beans.factory.support.AbstractBeanFactory.doGetBean(AbstractBeanFactory.java:335)
	at org.springframework.beans.factory.support.AbstractBeanFactory.getBean(AbstractBeanFactory.java:200)
	at org.springframework.beans.factory.config.DependencyDescriptor.resolveCandidate(DependencyDescriptor.java:254)
	at org.springframework.beans.factory.support.DefaultListableBeanFactory.doResolveDependency(DefaultListableBeanFactory.java:1443)
	at org.springframework.beans.factory.support.DefaultListableBeanFactory.resolveDependency(DefaultListableBeanFactory.java:1353)
	at org.springframework.beans.factory.annotation.AutowiredAnnotationBeanPostProcessor$AutowiredFieldElement.resolveFieldValue(AutowiredAnnotationBeanPostProcessor.java:785)
	... 23 common frames omitted
Caused by: org.springframework.beans.BeanInstantiationException: Failed to instantiate [com.reservation.service.AppointmentService]: Constructor threw exception
	at org.springframework.beans.BeanUtils.instantiateClass(BeanUtils.java:221)
	at org.springframework.beans.factory.support.SimpleInstantiationStrategy.instantiate(SimpleInstantiationStrategy.java:94)
	at org.springframework.beans.factory.support.AbstractAutowireCapableBeanFactory.instantiateBean(AbstractAutowireCapableBeanFactory.java:1331)
	... 34 common frames omitted
Caused by: java.lang.Error: Unresolved compilation problems: 
	The import jakarta.annotation cannot be resolved
	Resource cannot be resolved to a type
	Syntax error, insert "VariableDeclarators" to complete LocalVariableDeclaration
	Syntax error, insert ";" to complete LocalVariableDeclarationStatement
	syste cannot be resolved

	at com.reservation.service.AppointmentService.<init>(AppointmentService.java:19)
	at java.base/jdk.internal.reflect.DirectConstructorHandleAccessor.newInstance(DirectConstructorHandleAccessor.java:62)
	at java.base/java.lang.reflect.Constructor.newInstanceWithCaller(Constructor.java:502)
	at java.base/java.lang.reflect.Constructor.newInstance(Constructor.java:486)
	at org.springframework.beans.BeanUtils.instantiateClass(BeanUtils.java:195)
	... 36 common frames omitted
2026-08-26T21:41:26.075+08:00 INFO  c.r.SpringBootMergeApplication : Starting SpringBootMergeApplication using Java 21.0.8 with PID 24452 (H:\2026\lesson-appointment\api\target\classes started by Administrator in H:\2026\lesson-appointment\api)
2026-08-26T21:41:26.085+08:00 INFO  c.r.SpringBootMergeApplication : No active profile set, falling back to 1 default profile: "default"
2026-08-26T21:41:26.685+08:00 INFO  o.s.b.w.e.tomcat.TomcatWebServer : Tomcat initialized with port 8081 (http)
2026-08-26T21:41:26.686+08:00 INFO  o.a.coyote.http11.Http11NioProtocol : Initializing ProtocolHandler ["http-nio-8081"]
2026-08-26T21:41:26.686+08:00 INFO  o.a.catalina.core.StandardService : Starting service [Tomcat]
2026-08-26T21:41:26.686+08:00 INFO  o.a.catalina.core.StandardEngine : Starting Servlet engine: [Apache Tomcat/10.1.31]
2026-08-26T21:41:26.705+08:00 INFO  o.a.c.c.C.[Tomcat-2].[localhost].[/] : Initializing Spring embedded WebApplicationContext
2026-08-26T21:41:26.705+08:00 INFO  o.s.b.w.s.c.ServletWebServerApplicationContext : Root WebApplicationContext: initialization completed in 615 ms
2026-08-26T21:41:26.830+08:00 WARN  c.b.m.core.injector.methods.Insert : [com.reservation.mapper.AuditLogMapper.insert] Has been loaded by XML or SqlProvider or Mybatis's Annotation, so ignoring this injection for [class com.baomidou.mybatisplus.core.injector.methods.Insert]
2026-08-26T21:41:26.855+08:00 WARN  c.b.m.c.injector.methods.SelectList : [com.reservation.mapper.BookingMapper.selectList] Has been loaded by XML or SqlProvider or Mybatis's Annotation, so ignoring this injection for [class com.baomidou.mybatisplus.core.injector.methods.SelectList]
2026-08-26T21:41:26.857+08:00 WARN  c.b.m.c.injector.methods.SelectById : [com.reservation.mapper.BookingMapper.selectById] Has been loaded by XML or SqlProvider or Mybatis's Annotation, so ignoring this injection for [class com.baomidou.mybatisplus.core.injector.methods.SelectById]
2026-08-26T21:41:26.901+08:00 WARN  c.b.m.core.injector.methods.Update : [com.reservation.mapper.CourseScheduleMapper.update] Has been loaded by XML or SqlProvider or Mybatis's Annotation, so ignoring this injection for [class com.baomidou.mybatisplus.core.injector.methods.Update]
2026-08-26T21:41:27.046+08:00 WARN  o.s.b.w.s.c.AnnotationConfigServletWebServerApplicationContext : Exception encountered during context initialization - cancelling refresh attempt: org.springframework.beans.factory.UnsatisfiedDependencyException: Error creating bean with name 'appointmentController': Unsatisfied dependency expressed through field 'appointmentService': Error creating bean with name 'appointmentService' defined in file [H:\2026\lesson-appointment\api\target\classes\com\reservation\service\AppointmentService.class]: Failed to instantiate [com.reservation.service.AppointmentService]: Constructor threw exception
2026-08-26T21:41:27.047+08:00 INFO  o.a.catalina.core.StandardService : Stopping service [Tomcat]
2026-08-26T21:41:27.053+08:00 INFO  o.s.b.a.l.ConditionEvaluationReportLogger : 

Error starting ApplicationContext. To display the condition evaluation report re-run your application with 'debug' enabled.
2026-08-26T21:41:27.060+08:00 ERROR o.s.boot.SpringApplication : Application run failed
org.springframework.beans.factory.UnsatisfiedDependencyException: Error creating bean with name 'appointmentController': Unsatisfied dependency expressed through field 'appointmentService': Error creating bean with name 'appointmentService' defined in file [H:\2026\lesson-appointment\api\target\classes\com\reservation\service\AppointmentService.class]: Failed to instantiate [com.reservation.service.AppointmentService]: Constructor threw exception
	at org.springframework.beans.factory.annotation.AutowiredAnnotationBeanPostProcessor$AutowiredFieldElement.resolveFieldValue(AutowiredAnnotationBeanPostProcessor.java:788)
	at org.springframework.beans.factory.annotation.AutowiredAnnotationBeanPostProcessor$AutowiredFieldElement.inject(AutowiredAnnotationBeanPostProcessor.java:768)
	at org.springframework.beans.factory.annotation.InjectionMetadata.inject(InjectionMetadata.java:145)
	at org.springframework.beans.factory.annotation.AutowiredAnnotationBeanPostProcessor.postProcessProperties(AutowiredAnnotationBeanPostProcessor.java:509)
	at org.springframework.beans.factory.support.AbstractAutowireCapableBeanFactory.populateBean(AbstractAutowireCapableBeanFactory.java:1439)
	at org.springframework.beans.factory.support.AbstractAutowireCapableBeanFactory.doCreateBean(AbstractAutowireCapableBeanFactory.java:599)
	at org.springframework.beans.factory.support.AbstractAutowireCapableBeanFactory.createBean(AbstractAutowireCapableBeanFactory.java:522)
	at org.springframework.beans.factory.support.AbstractBeanFactory.lambda$doGetBean$0(AbstractBeanFactory.java:337)
	at org.springframework.beans.factory.support.DefaultSingletonBeanRegistry.getSingleton(DefaultSingletonBeanRegistry.java:234)
	at org.springframework.beans.factory.support.AbstractBeanFactory.doGetBean(AbstractBeanFactory.java:335)
	at org.springframework.beans.factory.support.AbstractBeanFactory.getBean(AbstractBeanFactory.java:200)
	at org.springframework.beans.factory.support.DefaultListableBeanFactory.preInstantiateSingletons(DefaultListableBeanFactory.java:975)
	at org.springframework.context.support.AbstractApplicationContext.finishBeanFactoryInitialization(AbstractApplicationContext.java:971)
	at org.springframework.context.support.AbstractApplicationContext.refresh(AbstractApplicationContext.java:625)
	at org.springframework.boot.web.servlet.context.ServletWebServerApplicationContext.refresh(ServletWebServerApplicationContext.java:146)
	at org.springframework.boot.SpringApplication.refresh(SpringApplication.java:754)
	at org.springframework.boot.SpringApplication.refreshContext(SpringApplication.java:456)
	at org.springframework.boot.SpringApplication.run(SpringApplication.java:335)
	at org.springframework.boot.SpringApplication.run(SpringApplication.java:1363)
	at org.springframework.boot.SpringApplication.run(SpringApplication.java:1352)
	at com.reservation.SpringBootMergeApplication.main(SpringBootMergeApplication.java:21)
	at java.base/jdk.internal.reflect.DirectMethodHandleAccessor.invoke(DirectMethodHandleAccessor.java:103)
	at java.base/java.lang.reflect.Method.invoke(Method.java:580)
	at org.springframework.boot.devtools.restart.RestartLauncher.run(RestartLauncher.java:50)
Caused by: org.springframework.beans.factory.BeanCreationException: Error creating bean with name 'appointmentService' defined in file [H:\2026\lesson-appointment\api\target\classes\com\reservation\service\AppointmentService.class]: Failed to instantiate [com.reservation.service.AppointmentService]: Constructor threw exception
	at org.springframework.beans.factory.support.AbstractAutowireCapableBeanFactory.instantiateBean(AbstractAutowireCapableBeanFactory.java:1337)
	at org.springframework.beans.factory.support.AbstractAutowireCapableBeanFactory.createBeanInstance(AbstractAutowireCapableBeanFactory.java:1222)
	at org.springframework.beans.factory.support.AbstractAutowireCapableBeanFactory.doCreateBean(AbstractAutowireCapableBeanFactory.java:562)
	at org.springframework.beans.factory.support.AbstractAutowireCapableBeanFactory.createBean(AbstractAutowireCapableBeanFactory.java:522)
	at org.springframework.beans.factory.support.AbstractBeanFactory.lambda$doGetBean$0(AbstractBeanFactory.java:337)
	at org.springframework.beans.factory.support.DefaultSingletonBeanRegistry.getSingleton(DefaultSingletonBeanRegistry.java:234)
	at org.springframework.beans.factory.support.AbstractBeanFactory.doGetBean(AbstractBeanFactory.java:335)
	at org.springframework.beans.factory.support.AbstractBeanFactory.getBean(AbstractBeanFactory.java:200)
	at org.springframework.beans.factory.config.DependencyDescriptor.resolveCandidate(DependencyDescriptor.java:254)
	at org.springframework.beans.factory.support.DefaultListableBeanFactory.doResolveDependency(DefaultListableBeanFactory.java:1443)
	at org.springframework.beans.factory.support.DefaultListableBeanFactory.resolveDependency(DefaultListableBeanFactory.java:1353)
	at org.springframework.beans.factory.annotation.AutowiredAnnotationBeanPostProcessor$AutowiredFieldElement.resolveFieldValue(AutowiredAnnotationBeanPostProcessor.java:785)
	... 23 common frames omitted
Caused by: org.springframework.beans.BeanInstantiationException: Failed to instantiate [com.reservation.service.AppointmentService]: Constructor threw exception
	at org.springframework.beans.BeanUtils.instantiateClass(BeanUtils.java:221)
	at org.springframework.beans.factory.support.SimpleInstantiationStrategy.instantiate(SimpleInstantiationStrategy.java:94)
	at org.springframework.beans.factory.support.AbstractAutowireCapableBeanFactory.instantiateBean(AbstractAutowireCapableBeanFactory.java:1331)
	... 34 common frames omitted
Caused by: java.lang.Error: Unresolved compilation problems: 
	The import jakarta.annotation cannot be resolved
	Resource cannot be resolved to a type

	at com.reservation.service.AppointmentService.<init>(AppointmentService.java:19)
	at java.base/jdk.internal.reflect.DirectConstructorHandleAccessor.newInstance(DirectConstructorHandleAccessor.java:62)
	at java.base/java.lang.reflect.Constructor.newInstanceWithCaller(Constructor.java:502)
	at java.base/java.lang.reflect.Constructor.newInstance(Constructor.java:486)
	at org.springframework.beans.BeanUtils.instantiateClass(BeanUtils.java:195)
	... 36 common frames omitted
2026-08-26T21:41:32.266+08:00 INFO  c.r.SpringBootMergeApplication : Starting SpringBootMergeApplication using Java 21.0.8 with PID 24452 (H:\2026\lesson-appointment\api\target\classes started by Administrator in H:\2026\lesson-appointment\api)
2026-08-26T21:41:32.282+08:00 INFO  c.r.SpringBootMergeApplication : No active profile set, falling back to 1 default profile: "default"
2026-08-26T21:41:33.744+08:00 INFO  o.s.b.w.e.tomcat.TomcatWebServer : Tomcat initialized with port 8081 (http)
2026-08-26T21:41:33.749+08:00 INFO  o.a.coyote.http11.Http11NioProtocol : Initializing ProtocolHandler ["http-nio-8081"]
2026-08-26T21:41:33.753+08:00 INFO  o.a.catalina.core.StandardService : Starting service [Tomcat]
2026-08-26T21:41:33.783+08:00 INFO  o.a.catalina.core.StandardEngine : Starting Servlet engine: [Apache Tomcat/10.1.31]
2026-08-26T21:41:33.854+08:00 INFO  o.a.c.c.C.[Tomcat-3].[localhost].[/] : Initializing Spring embedded WebApplicationContext
2026-08-26T21:41:33.917+08:00 INFO  o.s.b.w.s.c.ServletWebServerApplicationContext : Root WebApplicationContext: initialization completed in 1617 ms
2026-08-26T21:41:34.417+08:00 WARN  c.b.m.core.injector.methods.Insert : [com.reservation.mapper.AuditLogMapper.insert] Has been loaded by XML or SqlProvider or Mybatis's Annotation, so ignoring this injection for [class com.baomidou.mybatisplus.core.injector.methods.Insert]
2026-08-26T21:41:34.465+08:00 WARN  c.b.m.c.injector.methods.SelectList : [com.reservation.mapper.BookingMapper.selectList] Has been loaded by XML or SqlProvider or Mybatis's Annotation, so ignoring this injection for [class com.baomidou.mybatisplus.core.injector.methods.SelectList]
2026-08-26T21:41:34.470+08:00 WARN  c.b.m.c.injector.methods.SelectById : [com.reservation.mapper.BookingMapper.selectById] Has been loaded by XML or SqlProvider or Mybatis's Annotation, so ignoring this injection for [class com.baomidou.mybatisplus.core.injector.methods.SelectById]
2026-08-26T21:41:34.526+08:00 WARN  c.b.m.core.injector.methods.Update : [com.reservation.mapper.CourseScheduleMapper.update] Has been loaded by XML or SqlProvider or Mybatis's Annotation, so ignoring this injection for [class com.baomidou.mybatisplus.core.injector.methods.Update]
2026-08-26T21:41:34.712+08:00 WARN  o.s.b.w.s.c.AnnotationConfigServletWebServerApplicationContext : Exception encountered during context initialization - cancelling refresh attempt: org.springframework.beans.factory.UnsatisfiedDependencyException: Error creating bean with name 'appointmentController': Unsatisfied dependency expressed through field 'appointmentService': Error creating bean with name 'appointmentService' defined in file [H:\2026\lesson-appointment\api\target\classes\com\reservation\service\AppointmentService.class]: Failed to instantiate [com.reservation.service.AppointmentService]: Constructor threw exception
2026-08-26T21:41:34.725+08:00 INFO  o.a.catalina.core.StandardService : Stopping service [Tomcat]
2026-08-26T21:41:34.735+08:00 INFO  o.s.b.a.l.ConditionEvaluationReportLogger : 

Error starting ApplicationContext. To display the condition evaluation report re-run your application with 'debug' enabled.
2026-08-26T21:41:34.745+08:00 ERROR o.s.boot.SpringApplication : Application run failed
org.springframework.beans.factory.UnsatisfiedDependencyException: Error creating bean with name 'appointmentController': Unsatisfied dependency expressed through field 'appointmentService': Error creating bean with name 'appointmentService' defined in file [H:\2026\lesson-appointment\api\target\classes\com\reservation\service\AppointmentService.class]: Failed to instantiate [com.reservation.service.AppointmentService]: Constructor threw exception
	at org.springframework.beans.factory.annotation.AutowiredAnnotationBeanPostProcessor$AutowiredFieldElement.resolveFieldValue(AutowiredAnnotationBeanPostProcessor.java:788)
	at org.springframework.beans.factory.annotation.AutowiredAnnotationBeanPostProcessor$AutowiredFieldElement.inject(AutowiredAnnotationBeanPostProcessor.java:768)
	at org.springframework.beans.factory.annotation.InjectionMetadata.inject(InjectionMetadata.java:145)
	at org.springframework.beans.factory.annotation.AutowiredAnnotationBeanPostProcessor.postProcessProperties(AutowiredAnnotationBeanPostProcessor.java:509)
	at org.springframework.beans.factory.support.AbstractAutowireCapableBeanFactory.populateBean(AbstractAutowireCapableBeanFactory.java:1439)
	at org.springframework.beans.factory.support.AbstractAutowireCapableBeanFactory.doCreateBean(AbstractAutowireCapableBeanFactory.java:599)
	at org.springframework.beans.factory.support.AbstractAutowireCapableBeanFactory.createBean(AbstractAutowireCapableBeanFactory.java:522)
	at org.springframework.beans.factory.support.AbstractBeanFactory.lambda$doGetBean$0(AbstractBeanFactory.java:337)
	at org.springframework.beans.factory.support.DefaultSingletonBeanRegistry.getSingleton(DefaultSingletonBeanRegistry.java:234)
	at org.springframework.beans.factory.support.AbstractBeanFactory.doGetBean(AbstractBeanFactory.java:335)
	at org.springframework.beans.factory.support.AbstractBeanFactory.getBean(AbstractBeanFactory.java:200)
	at org.springframework.beans.factory.support.DefaultListableBeanFactory.preInstantiateSingletons(DefaultListableBeanFactory.java:975)
	at org.springframework.context.support.AbstractApplicationContext.finishBeanFactoryInitialization(AbstractApplicationContext.java:971)
	at org.springframework.context.support.AbstractApplicationContext.refresh(AbstractApplicationContext.java:625)
	at org.springframework.boot.web.servlet.context.ServletWebServerApplicationContext.refresh(ServletWebServerApplicationContext.java:146)
	at org.springframework.boot.SpringApplication.refresh(SpringApplication.java:754)
	at org.springframework.boot.SpringApplication.refreshContext(SpringApplication.java:456)
	at org.springframework.boot.SpringApplication.run(SpringApplication.java:335)
	at org.springframework.boot.SpringApplication.run(SpringApplication.java:1363)
	at org.springframework.boot.SpringApplication.run(SpringApplication.java:1352)
	at com.reservation.SpringBootMergeApplication.main(SpringBootMergeApplication.java:21)
	at java.base/jdk.internal.reflect.DirectMethodHandleAccessor.invoke(DirectMethodHandleAccessor.java:103)
	at java.base/java.lang.reflect.Method.invoke(Method.java:580)
	at org.springframework.boot.devtools.restart.RestartLauncher.run(RestartLauncher.java:50)
Caused by: org.springframework.beans.factory.BeanCreationException: Error creating bean with name 'appointmentService' defined in file [H:\2026\lesson-appointment\api\target\classes\com\reservation\service\AppointmentService.class]: Failed to instantiate [com.reservation.service.AppointmentService]: Constructor threw exception
	at org.springframework.beans.factory.support.AbstractAutowireCapableBeanFactory.instantiateBean(AbstractAutowireCapableBeanFactory.java:1337)
	at org.springframework.beans.factory.support.AbstractAutowireCapableBeanFactory.createBeanInstance(AbstractAutowireCapableBeanFactory.java:1222)
	at org.springframework.beans.factory.support.AbstractAutowireCapableBeanFactory.doCreateBean(AbstractAutowireCapableBeanFactory.java:562)
	at org.springframework.beans.factory.support.AbstractAutowireCapableBeanFactory.createBean(AbstractAutowireCapableBeanFactory.java:522)
	at org.springframework.beans.factory.support.AbstractBeanFactory.lambda$doGetBean$0(AbstractBeanFactory.java:337)
	at org.springframework.beans.factory.support.DefaultSingletonBeanRegistry.getSingleton(DefaultSingletonBeanRegistry.java:234)
	at org.springframework.beans.factory.support.AbstractBeanFactory.doGetBean(AbstractBeanFactory.java:335)
	at org.springframework.beans.factory.support.AbstractBeanFactory.getBean(AbstractBeanFactory.java:200)
	at org.springframework.beans.factory.config.DependencyDescriptor.resolveCandidate(DependencyDescriptor.java:254)
	at org.springframework.beans.factory.support.DefaultListableBeanFactory.doResolveDependency(DefaultListableBeanFactory.java:1443)
	at org.springframework.beans.factory.support.DefaultListableBeanFactory.resolveDependency(DefaultListableBeanFactory.java:1353)
	at org.springframework.beans.factory.annotation.AutowiredAnnotationBeanPostProcessor$AutowiredFieldElement.resolveFieldValue(AutowiredAnnotationBeanPostProcessor.java:785)
	... 23 common frames omitted
Caused by: org.springframework.beans.BeanInstantiationException: Failed to instantiate [com.reservation.service.AppointmentService]: Constructor threw exception
	at org.springframework.beans.BeanUtils.instantiateClass(BeanUtils.java:221)
	at org.springframework.beans.factory.support.SimpleInstantiationStrategy.instantiate(SimpleInstantiationStrategy.java:94)
	at org.springframework.beans.factory.support.AbstractAutowireCapableBeanFactory.instantiateBean(AbstractAutowireCapableBeanFactory.java:1331)
	... 34 common frames omitted
Caused by: java.lang.Error: Unresolved compilation problems: 
	The import jakarta.annotation cannot be resolved
	Resource cannot be resolved to a type
	Syntax error, insert "VariableDeclarators" to complete LocalVariableDeclaration
	Syntax error, insert ";" to complete LocalVariableDeclarationStatement

	at com.reservation.service.AppointmentService.<init>(AppointmentService.java:19)
	at java.base/jdk.internal.reflect.DirectConstructorHandleAccessor.newInstance(DirectConstructorHandleAccessor.java:62)
	at java.base/java.lang.reflect.Constructor.newInstanceWithCaller(Constructor.java:502)
	at java.base/java.lang.reflect.Constructor.newInstance(Constructor.java:486)
	at org.springframework.beans.BeanUtils.instantiateClass(BeanUtils.java:195)
	... 36 common frames omitted
2026-08-26T21:41:36.572+08:00 INFO  c.r.SpringBootMergeApplication : Starting SpringBootMergeApplication using Java 21.0.8 with PID 24452 (H:\2026\lesson-appointment\api\target\classes started by Administrator in H:\2026\lesson-appointment\api)
2026-08-26T21:41:36.573+08:00 INFO  c.r.SpringBootMergeApplication : No active profile set, falling back to 1 default profile: "default"
2026-08-26T21:41:37.240+08:00 INFO  o.s.b.w.e.tomcat.TomcatWebServer : Tomcat initialized with port 8081 (http)
2026-08-26T21:41:37.241+08:00 INFO  o.a.coyote.http11.Http11NioProtocol : Initializing ProtocolHandler ["http-nio-8081"]
2026-08-26T21:41:37.241+08:00 INFO  o.a.catalina.core.StandardService : Starting service [Tomcat]
2026-08-26T21:41:37.242+08:00 INFO  o.a.catalina.core.StandardEngine : Starting Servlet engine: [Apache Tomcat/10.1.31]
2026-08-26T21:41:37.260+08:00 INFO  o.a.c.c.C.[Tomcat-4].[localhost].[/] : Initializing Spring embedded WebApplicationContext
2026-08-26T21:41:37.265+08:00 INFO  o.s.b.w.s.c.ServletWebServerApplicationContext : Root WebApplicationContext: initialization completed in 688 ms
2026-08-26T21:41:37.396+08:00 WARN  c.b.m.core.injector.methods.Insert : [com.reservation.mapper.AuditLogMapper.insert] Has been loaded by XML or SqlProvider or Mybatis's Annotation, so ignoring this injection for [class com.baomidou.mybatisplus.core.injector.methods.Insert]
2026-08-26T21:41:37.431+08:00 WARN  c.b.m.c.injector.methods.SelectList : [com.reservation.mapper.BookingMapper.selectList] Has been loaded by XML or SqlProvider or Mybatis's Annotation, so ignoring this injection for [class com.baomidou.mybatisplus.core.injector.methods.SelectList]
2026-08-26T21:41:37.434+08:00 WARN  c.b.m.c.injector.methods.SelectById : [com.reservation.mapper.BookingMapper.selectById] Has been loaded by XML or SqlProvider or Mybatis's Annotation, so ignoring this injection for [class com.baomidou.mybatisplus.core.injector.methods.SelectById]
2026-08-26T21:41:37.489+08:00 WARN  c.b.m.core.injector.methods.Update : [com.reservation.mapper.CourseScheduleMapper.update] Has been loaded by XML or SqlProvider or Mybatis's Annotation, so ignoring this injection for [class com.baomidou.mybatisplus.core.injector.methods.Update]
2026-08-26T21:41:37.654+08:00 WARN  o.s.b.w.s.c.AnnotationConfigServletWebServerApplicationContext : Exception encountered during context initialization - cancelling refresh attempt: org.springframework.beans.factory.UnsatisfiedDependencyException: Error creating bean with name 'appointmentController': Unsatisfied dependency expressed through field 'appointmentService': Error creating bean with name 'appointmentService' defined in file [H:\2026\lesson-appointment\api\target\classes\com\reservation\service\AppointmentService.class]: Failed to instantiate [com.reservation.service.AppointmentService]: Constructor threw exception
2026-08-26T21:41:37.655+08:00 INFO  o.a.catalina.core.StandardService : Stopping service [Tomcat]
2026-08-26T21:41:37.660+08:00 INFO  o.s.b.a.l.ConditionEvaluationReportLogger : 

Error starting ApplicationContext. To display the condition evaluation report re-run your application with 'debug' enabled.
2026-08-26T21:41:37.668+08:00 ERROR o.s.boot.SpringApplication : Application run failed
org.springframework.beans.factory.UnsatisfiedDependencyException: Error creating bean with name 'appointmentController': Unsatisfied dependency expressed through field 'appointmentService': Error creating bean with name 'appointmentService' defined in file [H:\2026\lesson-appointment\api\target\classes\com\reservation\service\AppointmentService.class]: Failed to instantiate [com.reservation.service.AppointmentService]: Constructor threw exception
	at org.springframework.beans.factory.annotation.AutowiredAnnotationBeanPostProcessor$AutowiredFieldElement.resolveFieldValue(AutowiredAnnotationBeanPostProcessor.java:788)
	at org.springframework.beans.factory.annotation.AutowiredAnnotationBeanPostProcessor$AutowiredFieldElement.inject(AutowiredAnnotationBeanPostProcessor.java:768)
	at org.springframework.beans.factory.annotation.InjectionMetadata.inject(InjectionMetadata.java:145)
	at org.springframework.beans.factory.annotation.AutowiredAnnotationBeanPostProcessor.postProcessProperties(AutowiredAnnotationBeanPostProcessor.java:509)
	at org.springframework.beans.factory.support.AbstractAutowireCapableBeanFactory.populateBean(AbstractAutowireCapableBeanFactory.java:1439)
	at org.springframework.beans.factory.support.AbstractAutowireCapableBeanFactory.doCreateBean(AbstractAutowireCapableBeanFactory.java:599)
	at org.springframework.beans.factory.support.AbstractAutowireCapableBeanFactory.createBean(AbstractAutowireCapableBeanFactory.java:522)
	at org.springframework.beans.factory.support.AbstractBeanFactory.lambda$doGetBean$0(AbstractBeanFactory.java:337)
	at org.springframework.beans.factory.support.DefaultSingletonBeanRegistry.getSingleton(DefaultSingletonBeanRegistry.java:234)
	at org.springframework.beans.factory.support.AbstractBeanFactory.doGetBean(AbstractBeanFactory.java:335)
	at org.springframework.beans.factory.support.AbstractBeanFactory.getBean(AbstractBeanFactory.java:200)
	at org.springframework.beans.factory.support.DefaultListableBeanFactory.preInstantiateSingletons(DefaultListableBeanFactory.java:975)
	at org.springframework.context.support.AbstractApplicationContext.finishBeanFactoryInitialization(AbstractApplicationContext.java:971)
	at org.springframework.context.support.AbstractApplicationContext.refresh(AbstractApplicationContext.java:625)
	at org.springframework.boot.web.servlet.context.ServletWebServerApplicationContext.refresh(ServletWebServerApplicationContext.java:146)
	at org.springframework.boot.SpringApplication.refresh(SpringApplication.java:754)
	at org.springframework.boot.SpringApplication.refreshContext(SpringApplication.java:456)
	at org.springframework.boot.SpringApplication.run(SpringApplication.java:335)
	at org.springframework.boot.SpringApplication.run(SpringApplication.java:1363)
	at org.springframework.boot.SpringApplication.run(SpringApplication.java:1352)
	at com.reservation.SpringBootMergeApplication.main(SpringBootMergeApplication.java:21)
	at java.base/jdk.internal.reflect.DirectMethodHandleAccessor.invoke(DirectMethodHandleAccessor.java:103)
	at java.base/java.lang.reflect.Method.invoke(Method.java:580)
	at org.springframework.boot.devtools.restart.RestartLauncher.run(RestartLauncher.java:50)
Caused by: org.springframework.beans.factory.BeanCreationException: Error creating bean with name 'appointmentService' defined in file [H:\2026\lesson-appointment\api\target\classes\com\reservation\service\AppointmentService.class]: Failed to instantiate [com.reservation.service.AppointmentService]: Constructor threw exception
	at org.springframework.beans.factory.support.AbstractAutowireCapableBeanFactory.instantiateBean(AbstractAutowireCapableBeanFactory.java:1337)
	at org.springframework.beans.factory.support.AbstractAutowireCapableBeanFactory.createBeanInstance(AbstractAutowireCapableBeanFactory.java:1222)
	at org.springframework.beans.factory.support.AbstractAutowireCapableBeanFactory.doCreateBean(AbstractAutowireCapableBeanFactory.java:562)
	at org.springframework.beans.factory.support.AbstractAutowireCapableBeanFactory.createBean(AbstractAutowireCapableBeanFactory.java:522)
	at org.springframework.beans.factory.support.AbstractBeanFactory.lambda$doGetBean$0(AbstractBeanFactory.java:337)
	at org.springframework.beans.factory.support.DefaultSingletonBeanRegistry.getSingleton(DefaultSingletonBeanRegistry.java:234)
	at org.springframework.beans.factory.support.AbstractBeanFactory.doGetBean(AbstractBeanFactory.java:335)
	at org.springframework.beans.factory.support.AbstractBeanFactory.getBean(AbstractBeanFactory.java:200)
	at org.springframework.beans.factory.config.DependencyDescriptor.resolveCandidate(DependencyDescriptor.java:254)
	at org.springframework.beans.factory.support.DefaultListableBeanFactory.doResolveDependency(DefaultListableBeanFactory.java:1443)
	at org.springframework.beans.factory.support.DefaultListableBeanFactory.resolveDependency(DefaultListableBeanFactory.java:1353)
	at org.springframework.beans.factory.annotation.AutowiredAnnotationBeanPostProcessor$AutowiredFieldElement.resolveFieldValue(AutowiredAnnotationBeanPostProcessor.java:785)
	... 23 common frames omitted
Caused by: org.springframework.beans.BeanInstantiationException: Failed to instantiate [com.reservation.service.AppointmentService]: Constructor threw exception
	at org.springframework.beans.BeanUtils.instantiateClass(BeanUtils.java:221)
	at org.springframework.beans.factory.support.SimpleInstantiationStrategy.instantiate(SimpleInstantiationStrategy.java:94)
	at org.springframework.beans.factory.support.AbstractAutowireCapableBeanFactory.instantiateBean(AbstractAutowireCapableBeanFactory.java:1331)
	... 34 common frames omitted
Caused by: java.lang.Error: Unresolved compilation problems: 
	The import jakarta.annotation cannot be resolved
	Resource cannot be resolved to a type

	at com.reservation.service.AppointmentService.<init>(AppointmentService.java:19)
	at java.base/jdk.internal.reflect.DirectConstructorHandleAccessor.newInstance(DirectConstructorHandleAccessor.java:62)
	at java.base/java.lang.reflect.Constructor.newInstanceWithCaller(Constructor.java:502)
	at java.base/java.lang.reflect.Constructor.newInstance(Constructor.java:486)
	at org.springframework.beans.BeanUtils.instantiateClass(BeanUtils.java:195)
	... 36 common frames omitted
2026-08-26T21:41:56.575+08:00 INFO  c.r.SpringBootMergeApplication : Starting SpringBootMergeApplication using Java 21.0.8 with PID 24452 (H:\2026\lesson-appointment\api\target\classes started by Administrator in H:\2026\lesson-appointment\api)
2026-08-26T21:41:56.579+08:00 INFO  c.r.SpringBootMergeApplication : No active profile set, falling back to 1 default profile: "default"
2026-08-26T21:41:57.547+08:00 INFO  o.s.b.w.e.tomcat.TomcatWebServer : Tomcat initialized with port 8081 (http)
2026-08-26T21:41:57.565+08:00 INFO  o.a.coyote.http11.Http11NioProtocol : Initializing ProtocolHandler ["http-nio-8081"]
2026-08-26T21:41:57.573+08:00 INFO  o.a.catalina.core.StandardService : Starting service [Tomcat]
2026-08-26T21:41:57.573+08:00 INFO  o.a.catalina.core.StandardEngine : Starting Servlet engine: [Apache Tomcat/10.1.31]
2026-08-26T21:41:57.692+08:00 INFO  o.a.c.c.C.[Tomcat-5].[localhost].[/] : Initializing Spring embedded WebApplicationContext
2026-08-26T21:41:57.705+08:00 INFO  o.s.b.w.s.c.ServletWebServerApplicationContext : Root WebApplicationContext: initialization completed in 1120 ms
2026-08-26T21:41:57.896+08:00 WARN  c.b.m.core.injector.methods.Insert : [com.reservation.mapper.AuditLogMapper.insert] Has been loaded by XML or SqlProvider or Mybatis's Annotation, so ignoring this injection for [class com.baomidou.mybatisplus.core.injector.methods.Insert]
2026-08-26T21:41:57.967+08:00 WARN  c.b.m.c.injector.methods.SelectList : [com.reservation.mapper.BookingMapper.selectList] Has been loaded by XML or SqlProvider or Mybatis's Annotation, so ignoring this injection for [class com.baomidou.mybatisplus.core.injector.methods.SelectList]
2026-08-26T21:41:57.970+08:00 WARN  c.b.m.c.injector.methods.SelectById : [com.reservation.mapper.BookingMapper.selectById] Has been loaded by XML or SqlProvider or Mybatis's Annotation, so ignoring this injection for [class com.baomidou.mybatisplus.core.injector.methods.SelectById]
2026-08-26T21:41:58.061+08:00 WARN  c.b.m.core.injector.methods.Update : [com.reservation.mapper.CourseScheduleMapper.update] Has been loaded by XML or SqlProvider or Mybatis's Annotation, so ignoring this injection for [class com.baomidou.mybatisplus.core.injector.methods.Update]
2026-08-26T21:41:58.835+08:00 WARN  o.s.b.w.s.c.AnnotationConfigServletWebServerApplicationContext : Exception encountered during context initialization - cancelling refresh attempt: org.springframework.beans.factory.UnsatisfiedDependencyException: Error creating bean with name 'appointmentController': Unsatisfied dependency expressed through field 'appointmentService': Error creating bean with name 'appointmentService' defined in file [H:\2026\lesson-appointment\api\target\classes\com\reservation\service\AppointmentService.class]: Failed to instantiate [com.reservation.service.AppointmentService]: Constructor threw exception
2026-08-26T21:41:58.938+08:00 INFO  o.a.catalina.core.StandardService : Stopping service [Tomcat]
2026-08-26T21:41:59.014+08:00 INFO  o.s.b.a.l.ConditionEvaluationReportLogger : 

Error starting ApplicationContext. To display the condition evaluation report re-run your application with 'debug' enabled.
2026-08-26T21:41:59.110+08:00 ERROR o.s.boot.SpringApplication : Application run failed
org.springframework.beans.factory.UnsatisfiedDependencyException: Error creating bean with name 'appointmentController': Unsatisfied dependency expressed through field 'appointmentService': Error creating bean with name 'appointmentService' defined in file [H:\2026\lesson-appointment\api\target\classes\com\reservation\service\AppointmentService.class]: Failed to instantiate [com.reservation.service.AppointmentService]: Constructor threw exception
	at org.springframework.beans.factory.annotation.AutowiredAnnotationBeanPostProcessor$AutowiredFieldElement.resolveFieldValue(AutowiredAnnotationBeanPostProcessor.java:788)
	at org.springframework.beans.factory.annotation.AutowiredAnnotationBeanPostProcessor$AutowiredFieldElement.inject(AutowiredAnnotationBeanPostProcessor.java:768)
	at org.springframework.beans.factory.annotation.InjectionMetadata.inject(InjectionMetadata.java:145)
	at org.springframework.beans.factory.annotation.AutowiredAnnotationBeanPostProcessor.postProcessProperties(AutowiredAnnotationBeanPostProcessor.java:509)
	at org.springframework.beans.factory.support.AbstractAutowireCapableBeanFactory.populateBean(AbstractAutowireCapableBeanFactory.java:1439)
	at org.springframework.beans.factory.support.AbstractAutowireCapableBeanFactory.doCreateBean(AbstractAutowireCapableBeanFactory.java:599)
	at org.springframework.beans.factory.support.AbstractAutowireCapableBeanFactory.createBean(AbstractAutowireCapableBeanFactory.java:522)
	at org.springframework.beans.factory.support.AbstractBeanFactory.lambda$doGetBean$0(AbstractBeanFactory.java:337)
	at org.springframework.beans.factory.support.DefaultSingletonBeanRegistry.getSingleton(DefaultSingletonBeanRegistry.java:234)
	at org.springframework.beans.factory.support.AbstractBeanFactory.doGetBean(AbstractBeanFactory.java:335)
	at org.springframework.beans.factory.support.AbstractBeanFactory.getBean(AbstractBeanFactory.java:200)
	at org.springframework.beans.factory.support.DefaultListableBeanFactory.preInstantiateSingletons(DefaultListableBeanFactory.java:975)
	at org.springframework.context.support.AbstractApplicationContext.finishBeanFactoryInitialization(AbstractApplicationContext.java:971)
	at org.springframework.context.support.AbstractApplicationContext.refresh(AbstractApplicationContext.java:625)
	at org.springframework.boot.web.servlet.context.ServletWebServerApplicationContext.refresh(ServletWebServerApplicationContext.java:146)
	at org.springframework.boot.SpringApplication.refresh(SpringApplication.java:754)
	at org.springframework.boot.SpringApplication.refreshContext(SpringApplication.java:456)
	at org.springframework.boot.SpringApplication.run(SpringApplication.java:335)
	at org.springframework.boot.SpringApplication.run(SpringApplication.java:1363)
	at org.springframework.boot.SpringApplication.run(SpringApplication.java:1352)
	at com.reservation.SpringBootMergeApplication.main(SpringBootMergeApplication.java:21)
	at java.base/jdk.internal.reflect.DirectMethodHandleAccessor.invoke(DirectMethodHandleAccessor.java:103)
	at java.base/java.lang.reflect.Method.invoke(Method.java:580)
	at org.springframework.boot.devtools.restart.RestartLauncher.run(RestartLauncher.java:50)
Caused by: org.springframework.beans.factory.BeanCreationException: Error creating bean with name 'appointmentService' defined in file [H:\2026\lesson-appointment\api\target\classes\com\reservation\service\AppointmentService.class]: Failed to instantiate [com.reservation.service.AppointmentService]: Constructor threw exception
	at org.springframework.beans.factory.support.AbstractAutowireCapableBeanFactory.instantiateBean(AbstractAutowireCapableBeanFactory.java:1337)
	at org.springframework.beans.factory.support.AbstractAutowireCapableBeanFactory.createBeanInstance(AbstractAutowireCapableBeanFactory.java:1222)
	at org.springframework.beans.factory.support.AbstractAutowireCapableBeanFactory.doCreateBean(AbstractAutowireCapableBeanFactory.java:562)
	at org.springframework.beans.factory.support.AbstractAutowireCapableBeanFactory.createBean(AbstractAutowireCapableBeanFactory.java:522)
	at org.springframework.beans.factory.support.AbstractBeanFactory.lambda$doGetBean$0(AbstractBeanFactory.java:337)
	at org.springframework.beans.factory.support.DefaultSingletonBeanRegistry.getSingleton(DefaultSingletonBeanRegistry.java:234)
	at org.springframework.beans.factory.support.AbstractBeanFactory.doGetBean(AbstractBeanFactory.java:335)
	at org.springframework.beans.factory.support.AbstractBeanFactory.getBean(AbstractBeanFactory.java:200)
	at org.springframework.beans.factory.config.DependencyDescriptor.resolveCandidate(DependencyDescriptor.java:254)
	at org.springframework.beans.factory.support.DefaultListableBeanFactory.doResolveDependency(DefaultListableBeanFactory.java:1443)
	at org.springframework.beans.factory.support.DefaultListableBeanFactory.resolveDependency(DefaultListableBeanFactory.java:1353)
	at org.springframework.beans.factory.annotation.AutowiredAnnotationBeanPostProcessor$AutowiredFieldElement.resolveFieldValue(AutowiredAnnotationBeanPostProcessor.java:785)
	... 23 common frames omitted
Caused by: org.springframework.beans.BeanInstantiationException: Failed to instantiate [com.reservation.service.AppointmentService]: Constructor threw exception
	at org.springframework.beans.BeanUtils.instantiateClass(BeanUtils.java:221)
	at org.springframework.beans.factory.support.SimpleInstantiationStrategy.instantiate(SimpleInstantiationStrategy.java:94)
	at org.springframework.beans.factory.support.AbstractAutowireCapableBeanFactory.instantiateBean(AbstractAutowireCapableBeanFactory.java:1331)
	... 34 common frames omitted
Caused by: java.lang.Error: Unresolved compilation problems: 
	The import jakarta.annotation cannot be resolved
	Resource cannot be resolved to a type

	at com.reservation.service.AppointmentService.<init>(AppointmentService.java:19)
	at java.base/jdk.internal.reflect.DirectConstructorHandleAccessor.newInstance(DirectConstructorHandleAccessor.java:62)
	at java.base/java.lang.reflect.Constructor.newInstanceWithCaller(Constructor.java:502)
	at java.base/java.lang.reflect.Constructor.newInstance(Constructor.java:486)
	at org.springframework.beans.BeanUtils.instantiateClass(BeanUtils.java:195)
	... 36 common frames omitted
2026-08-26T21:42:01.794+08:00 INFO  c.r.SpringBootMergeApplication : Starting SpringBootMergeApplication using Java 21.0.8 with PID 24452 (H:\2026\lesson-appointment\api\target\classes started by Administrator in H:\2026\lesson-appointment\api)
2026-08-26T21:42:01.799+08:00 INFO  c.r.SpringBootMergeApplication : No active profile set, falling back to 1 default profile: "default"
2026-08-26T21:42:03.263+08:00 INFO  o.s.b.w.e.tomcat.TomcatWebServer : Tomcat initialized with port 8081 (http)
2026-08-26T21:42:03.292+08:00 INFO  o.a.coyote.http11.Http11NioProtocol : Initializing ProtocolHandler ["http-nio-8081"]
2026-08-26T21:42:03.297+08:00 INFO  o.a.catalina.core.StandardService : Starting service [Tomcat]
2026-08-26T21:42:03.353+08:00 INFO  o.a.catalina.core.StandardEngine : Starting Servlet engine: [Apache Tomcat/10.1.31]
2026-08-26T21:42:03.425+08:00 INFO  o.a.c.c.C.[Tomcat-6].[localhost].[/] : Initializing Spring embedded WebApplicationContext
2026-08-26T21:42:03.429+08:00 INFO  o.s.b.w.s.c.ServletWebServerApplicationContext : Root WebApplicationContext: initialization completed in 1618 ms
2026-08-26T21:42:03.863+08:00 WARN  c.b.m.core.injector.methods.Insert : [com.reservation.mapper.AuditLogMapper.insert] Has been loaded by XML or SqlProvider or Mybatis's Annotation, so ignoring this injection for [class com.baomidou.mybatisplus.core.injector.methods.Insert]
2026-08-26T21:42:03.891+08:00 WARN  c.b.m.c.injector.methods.SelectList : [com.reservation.mapper.BookingMapper.selectList] Has been loaded by XML or SqlProvider or Mybatis's Annotation, so ignoring this injection for [class com.baomidou.mybatisplus.core.injector.methods.SelectList]
2026-08-26T21:42:03.893+08:00 WARN  c.b.m.c.injector.methods.SelectById : [com.reservation.mapper.BookingMapper.selectById] Has been loaded by XML or SqlProvider or Mybatis's Annotation, so ignoring this injection for [class com.baomidou.mybatisplus.core.injector.methods.SelectById]
2026-08-26T21:42:03.945+08:00 WARN  c.b.m.core.injector.methods.Update : [com.reservation.mapper.CourseScheduleMapper.update] Has been loaded by XML or SqlProvider or Mybatis's Annotation, so ignoring this injection for [class com.baomidou.mybatisplus.core.injector.methods.Update]
2026-08-26T21:42:04.195+08:00 WARN  o.s.b.w.s.c.AnnotationConfigServletWebServerApplicationContext : Exception encountered during context initialization - cancelling refresh attempt: org.springframework.beans.factory.UnsatisfiedDependencyException: Error creating bean with name 'appointmentController': Unsatisfied dependency expressed through field 'appointmentService': Error creating bean with name 'appointmentService' defined in file [H:\2026\lesson-appointment\api\target\classes\com\reservation\service\AppointmentService.class]: Failed to instantiate [com.reservation.service.AppointmentService]: Constructor threw exception
2026-08-26T21:42:04.210+08:00 INFO  o.a.catalina.core.StandardService : Stopping service [Tomcat]
2026-08-26T21:42:04.219+08:00 INFO  o.s.b.a.l.ConditionEvaluationReportLogger : 

Error starting ApplicationContext. To display the condition evaluation report re-run your application with 'debug' enabled.
2026-08-26T21:42:04.232+08:00 ERROR o.s.boot.SpringApplication : Application run failed
org.springframework.beans.factory.UnsatisfiedDependencyException: Error creating bean with name 'appointmentController': Unsatisfied dependency expressed through field 'appointmentService': Error creating bean with name 'appointmentService' defined in file [H:\2026\lesson-appointment\api\target\classes\com\reservation\service\AppointmentService.class]: Failed to instantiate [com.reservation.service.AppointmentService]: Constructor threw exception
	at org.springframework.beans.factory.annotation.AutowiredAnnotationBeanPostProcessor$AutowiredFieldElement.resolveFieldValue(AutowiredAnnotationBeanPostProcessor.java:788)
	at org.springframework.beans.factory.annotation.AutowiredAnnotationBeanPostProcessor$AutowiredFieldElement.inject(AutowiredAnnotationBeanPostProcessor.java:768)
	at org.springframework.beans.factory.annotation.InjectionMetadata.inject(InjectionMetadata.java:145)
	at org.springframework.beans.factory.annotation.AutowiredAnnotationBeanPostProcessor.postProcessProperties(AutowiredAnnotationBeanPostProcessor.java:509)
	at org.springframework.beans.factory.support.AbstractAutowireCapableBeanFactory.populateBean(AbstractAutowireCapableBeanFactory.java:1439)
	at org.springframework.beans.factory.support.AbstractAutowireCapableBeanFactory.doCreateBean(AbstractAutowireCapableBeanFactory.java:599)
	at org.springframework.beans.factory.support.AbstractAutowireCapableBeanFactory.createBean(AbstractAutowireCapableBeanFactory.java:522)
	at org.springframework.beans.factory.support.AbstractBeanFactory.lambda$doGetBean$0(AbstractBeanFactory.java:337)
	at org.springframework.beans.factory.support.DefaultSingletonBeanRegistry.getSingleton(DefaultSingletonBeanRegistry.java:234)
	at org.springframework.beans.factory.support.AbstractBeanFactory.doGetBean(AbstractBeanFactory.java:335)
	at org.springframework.beans.factory.support.AbstractBeanFactory.getBean(AbstractBeanFactory.java:200)
	at org.springframework.beans.factory.support.DefaultListableBeanFactory.preInstantiateSingletons(DefaultListableBeanFactory.java:975)
	at org.springframework.context.support.AbstractApplicationContext.finishBeanFactoryInitialization(AbstractApplicationContext.java:971)
	at org.springframework.context.support.AbstractApplicationContext.refresh(AbstractApplicationContext.java:625)
	at org.springframework.boot.web.servlet.context.ServletWebServerApplicationContext.refresh(ServletWebServerApplicationContext.java:146)
	at org.springframework.boot.SpringApplication.refresh(SpringApplication.java:754)
	at org.springframework.boot.SpringApplication.refreshContext(SpringApplication.java:456)
	at org.springframework.boot.SpringApplication.run(SpringApplication.java:335)
	at org.springframework.boot.SpringApplication.run(SpringApplication.java:1363)
	at org.springframework.boot.SpringApplication.run(SpringApplication.java:1352)
	at com.reservation.SpringBootMergeApplication.main(SpringBootMergeApplication.java:21)
	at java.base/jdk.internal.reflect.DirectMethodHandleAccessor.invoke(DirectMethodHandleAccessor.java:103)
	at java.base/java.lang.reflect.Method.invoke(Method.java:580)
	at org.springframework.boot.devtools.restart.RestartLauncher.run(RestartLauncher.java:50)
Caused by: org.springframework.beans.factory.BeanCreationException: Error creating bean with name 'appointmentService' defined in file [H:\2026\lesson-appointment\api\target\classes\com\reservation\service\AppointmentService.class]: Failed to instantiate [com.reservation.service.AppointmentService]: Constructor threw exception
	at org.springframework.beans.factory.support.AbstractAutowireCapableBeanFactory.instantiateBean(AbstractAutowireCapableBeanFactory.java:1337)
	at org.springframework.beans.factory.support.AbstractAutowireCapableBeanFactory.createBeanInstance(AbstractAutowireCapableBeanFactory.java:1222)
	at org.springframework.beans.factory.support.AbstractAutowireCapableBeanFactory.doCreateBean(AbstractAutowireCapableBeanFactory.java:562)
	at org.springframework.beans.factory.support.AbstractAutowireCapableBeanFactory.createBean(AbstractAutowireCapableBeanFactory.java:522)
	at org.springframework.beans.factory.support.AbstractBeanFactory.lambda$doGetBean$0(AbstractBeanFactory.java:337)
	at org.springframework.beans.factory.support.DefaultSingletonBeanRegistry.getSingleton(DefaultSingletonBeanRegistry.java:234)
	at org.springframework.beans.factory.support.AbstractBeanFactory.doGetBean(AbstractBeanFactory.java:335)
	at org.springframework.beans.factory.support.AbstractBeanFactory.getBean(AbstractBeanFactory.java:200)
	at org.springframework.beans.factory.config.DependencyDescriptor.resolveCandidate(DependencyDescriptor.java:254)
	at org.springframework.beans.factory.support.DefaultListableBeanFactory.doResolveDependency(DefaultListableBeanFactory.java:1443)
	at org.springframework.beans.factory.support.DefaultListableBeanFactory.resolveDependency(DefaultListableBeanFactory.java:1353)
	at org.springframework.beans.factory.annotation.AutowiredAnnotationBeanPostProcessor$AutowiredFieldElement.resolveFieldValue(AutowiredAnnotationBeanPostProcessor.java:785)
	... 23 common frames omitted
Caused by: org.springframework.beans.BeanInstantiationException: Failed to instantiate [com.reservation.service.AppointmentService]: Constructor threw exception
	at org.springframework.beans.BeanUtils.instantiateClass(BeanUtils.java:221)
	at org.springframework.beans.factory.support.SimpleInstantiationStrategy.instantiate(SimpleInstantiationStrategy.java:94)
	at org.springframework.beans.factory.support.AbstractAutowireCapableBeanFactory.instantiateBean(AbstractAutowireCapableBeanFactory.java:1331)
	... 34 common frames omitted
Caused by: java.lang.Error: Unresolved compilation problems: 
	The import jakarta.annotation cannot be resolved
	Resource cannot be resolved to a type

	at com.reservation.service.AppointmentService.<init>(AppointmentService.java:19)
	at java.base/jdk.internal.reflect.DirectConstructorHandleAccessor.newInstance(DirectConstructorHandleAccessor.java:62)
	at java.base/java.lang.reflect.Constructor.newInstanceWithCaller(Constructor.java:502)
	at java.base/java.lang.reflect.Constructor.newInstance(Constructor.java:486)
	at org.springframework.beans.BeanUtils.instantiateClass(BeanUtils.java:195)
	... 36 common frames omitted
2026-08-26T21:42:09.266+08:00 INFO  c.r.SpringBootMergeApplication : Starting SpringBootMergeApplication using Java 21.0.8 with PID 24452 (H:\2026\lesson-appointment\api\target\classes started by Administrator in H:\2026\lesson-appointment\api)
2026-08-26T21:42:09.273+08:00 INFO  c.r.SpringBootMergeApplication : No active profile set, falling back to 1 default profile: "default"
2026-08-26T21:42:10.210+08:00 INFO  o.s.b.w.e.tomcat.TomcatWebServer : Tomcat initialized with port 8081 (http)
2026-08-26T21:42:10.215+08:00 INFO  o.a.coyote.http11.Http11NioProtocol : Initializing ProtocolHandler ["http-nio-8081"]
2026-08-26T21:42:10.224+08:00 INFO  o.a.catalina.core.StandardService : Starting service [Tomcat]
2026-08-26T21:42:10.245+08:00 INFO  o.a.catalina.core.StandardEngine : Starting Servlet engine: [Apache Tomcat/10.1.31]
2026-08-26T21:42:10.294+08:00 INFO  o.a.c.c.C.[Tomcat-7].[localhost].[/] : Initializing Spring embedded WebApplicationContext
2026-08-26T21:42:10.301+08:00 INFO  o.s.b.w.s.c.ServletWebServerApplicationContext : Root WebApplicationContext: initialization completed in 1019 ms
2026-08-26T21:42:10.472+08:00 WARN  c.b.m.core.injector.methods.Insert : [com.reservation.mapper.AuditLogMapper.insert] Has been loaded by XML or SqlProvider or Mybatis's Annotation, so ignoring this injection for [class com.baomidou.mybatisplus.core.injector.methods.Insert]
2026-08-26T21:42:10.498+08:00 WARN  c.b.m.c.injector.methods.SelectList : [com.reservation.mapper.BookingMapper.selectList] Has been loaded by XML or SqlProvider or Mybatis's Annotation, so ignoring this injection for [class com.baomidou.mybatisplus.core.injector.methods.SelectList]
2026-08-26T21:42:10.502+08:00 WARN  c.b.m.c.injector.methods.SelectById : [com.reservation.mapper.BookingMapper.selectById] Has been loaded by XML or SqlProvider or Mybatis's Annotation, so ignoring this injection for [class com.baomidou.mybatisplus.core.injector.methods.SelectById]
2026-08-26T21:42:10.542+08:00 WARN  c.b.m.core.injector.methods.Update : [com.reservation.mapper.CourseScheduleMapper.update] Has been loaded by XML or SqlProvider or Mybatis's Annotation, so ignoring this injection for [class com.baomidou.mybatisplus.core.injector.methods.Update]
2026-08-26T21:42:10.873+08:00 WARN  o.s.b.w.s.c.AnnotationConfigServletWebServerApplicationContext : Exception encountered during context initialization - cancelling refresh attempt: org.springframework.beans.factory.UnsatisfiedDependencyException: Error creating bean with name 'appointmentController': Unsatisfied dependency expressed through field 'appointmentService': Error creating bean with name 'appointmentService' defined in file [H:\2026\lesson-appointment\api\target\classes\com\reservation\service\AppointmentService.class]: Failed to instantiate [com.reservation.service.AppointmentService]: Constructor threw exception
2026-08-26T21:42:10.927+08:00 INFO  o.a.catalina.core.StandardService : Stopping service [Tomcat]
2026-08-26T21:42:10.948+08:00 INFO  o.s.b.a.l.ConditionEvaluationReportLogger : 

Error starting ApplicationContext. To display the condition evaluation report re-run your application with 'debug' enabled.
2026-08-26T21:42:11.056+08:00 ERROR o.s.boot.SpringApplication : Application run failed
org.springframework.beans.factory.UnsatisfiedDependencyException: Error creating bean with name 'appointmentController': Unsatisfied dependency expressed through field 'appointmentService': Error creating bean with name 'appointmentService' defined in file [H:\2026\lesson-appointment\api\target\classes\com\reservation\service\AppointmentService.class]: Failed to instantiate [com.reservation.service.AppointmentService]: Constructor threw exception
	at org.springframework.beans.factory.annotation.AutowiredAnnotationBeanPostProcessor$AutowiredFieldElement.resolveFieldValue(AutowiredAnnotationBeanPostProcessor.java:788)
	at org.springframework.beans.factory.annotation.AutowiredAnnotationBeanPostProcessor$AutowiredFieldElement.inject(AutowiredAnnotationBeanPostProcessor.java:768)
	at org.springframework.beans.factory.annotation.InjectionMetadata.inject(InjectionMetadata.java:145)
	at org.springframework.beans.factory.annotation.AutowiredAnnotationBeanPostProcessor.postProcessProperties(AutowiredAnnotationBeanPostProcessor.java:509)
	at org.springframework.beans.factory.support.AbstractAutowireCapableBeanFactory.populateBean(AbstractAutowireCapableBeanFactory.java:1439)
	at org.springframework.beans.factory.support.AbstractAutowireCapableBeanFactory.doCreateBean(AbstractAutowireCapableBeanFactory.java:599)
	at org.springframework.beans.factory.support.AbstractAutowireCapableBeanFactory.createBean(AbstractAutowireCapableBeanFactory.java:522)
	at org.springframework.beans.factory.support.AbstractBeanFactory.lambda$doGetBean$0(AbstractBeanFactory.java:337)
	at org.springframework.beans.factory.support.DefaultSingletonBeanRegistry.getSingleton(DefaultSingletonBeanRegistry.java:234)
	at org.springframework.beans.factory.support.AbstractBeanFactory.doGetBean(AbstractBeanFactory.java:335)
	at org.springframework.beans.factory.support.AbstractBeanFactory.getBean(AbstractBeanFactory.java:200)
	at org.springframework.beans.factory.support.DefaultListableBeanFactory.preInstantiateSingletons(DefaultListableBeanFactory.java:975)
	at org.springframework.context.support.AbstractApplicationContext.finishBeanFactoryInitialization(AbstractApplicationContext.java:971)
	at org.springframework.context.support.AbstractApplicationContext.refresh(AbstractApplicationContext.java:625)
	at org.springframework.boot.web.servlet.context.ServletWebServerApplicationContext.refresh(ServletWebServerApplicationContext.java:146)
	at org.springframework.boot.SpringApplication.refresh(SpringApplication.java:754)
	at org.springframework.boot.SpringApplication.refreshContext(SpringApplication.java:456)
	at org.springframework.boot.SpringApplication.run(SpringApplication.java:335)
	at org.springframework.boot.SpringApplication.run(SpringApplication.java:1363)
	at org.springframework.boot.SpringApplication.run(SpringApplication.java:1352)
	at com.reservation.SpringBootMergeApplication.main(SpringBootMergeApplication.java:21)
	at java.base/jdk.internal.reflect.DirectMethodHandleAccessor.invoke(DirectMethodHandleAccessor.java:103)
	at java.base/java.lang.reflect.Method.invoke(Method.java:580)
	at org.springframework.boot.devtools.restart.RestartLauncher.run(RestartLauncher.java:50)
Caused by: org.springframework.beans.factory.BeanCreationException: Error creating bean with name 'appointmentService' defined in file [H:\2026\lesson-appointment\api\target\classes\com\reservation\service\AppointmentService.class]: Failed to instantiate [com.reservation.service.AppointmentService]: Constructor threw exception
	at org.springframework.beans.factory.support.AbstractAutowireCapableBeanFactory.instantiateBean(AbstractAutowireCapableBeanFactory.java:1337)
	at org.springframework.beans.factory.support.AbstractAutowireCapableBeanFactory.createBeanInstance(AbstractAutowireCapableBeanFactory.java:1222)
	at org.springframework.beans.factory.support.AbstractAutowireCapableBeanFactory.doCreateBean(AbstractAutowireCapableBeanFactory.java:562)
	at org.springframework.beans.factory.support.AbstractAutowireCapableBeanFactory.createBean(AbstractAutowireCapableBeanFactory.java:522)
	at org.springframework.beans.factory.support.AbstractBeanFactory.lambda$doGetBean$0(AbstractBeanFactory.java:337)
	at org.springframework.beans.factory.support.DefaultSingletonBeanRegistry.getSingleton(DefaultSingletonBeanRegistry.java:234)
	at org.springframework.beans.factory.support.AbstractBeanFactory.doGetBean(AbstractBeanFactory.java:335)
	at org.springframework.beans.factory.support.AbstractBeanFactory.getBean(AbstractBeanFactory.java:200)
	at org.springframework.beans.factory.config.DependencyDescriptor.resolveCandidate(DependencyDescriptor.java:254)
	at org.springframework.beans.factory.support.DefaultListableBeanFactory.doResolveDependency(DefaultListableBeanFactory.java:1443)
	at org.springframework.beans.factory.support.DefaultListableBeanFactory.resolveDependency(DefaultListableBeanFactory.java:1353)
	at org.springframework.beans.factory.annotation.AutowiredAnnotationBeanPostProcessor$AutowiredFieldElement.resolveFieldValue(AutowiredAnnotationBeanPostProcessor.java:785)
	... 23 common frames omitted
Caused by: org.springframework.beans.BeanInstantiationException: Failed to instantiate [com.reservation.service.AppointmentService]: Constructor threw exception
	at org.springframework.beans.BeanUtils.instantiateClass(BeanUtils.java:221)
	at org.springframework.beans.factory.support.SimpleInstantiationStrategy.instantiate(SimpleInstantiationStrategy.java:94)
	at org.springframework.beans.factory.support.AbstractAutowireCapableBeanFactory.instantiateBean(AbstractAutowireCapableBeanFactory.java:1331)
	... 34 common frames omitted
Caused by: java.lang.Error: Unresolved compilation problems: 
	The import jakarta.annotation cannot be resolved
	Resource cannot be resolved to a type

	at com.reservation.service.AppointmentService.<init>(AppointmentService.java:19)
	at java.base/jdk.internal.reflect.DirectConstructorHandleAccessor.newInstance(DirectConstructorHandleAccessor.java:62)
	at java.base/java.lang.reflect.Constructor.newInstanceWithCaller(Constructor.java:502)
	at java.base/java.lang.reflect.Constructor.newInstance(Constructor.java:486)
	at org.springframework.beans.BeanUtils.instantiateClass(BeanUtils.java:195)
	... 36 common frames omitted
2026-08-26T21:42:23.398+08:00 INFO  c.r.SpringBootMergeApplication : Starting SpringBootMergeApplication using Java 21.0.8 with PID 24452 (H:\2026\lesson-appointment\api\target\classes started by Administrator in H:\2026\lesson-appointment\api)
2026-08-26T21:42:23.472+08:00 INFO  c.r.SpringBootMergeApplication : No active profile set, falling back to 1 default profile: "default"
2026-08-26T21:42:24.953+08:00 INFO  o.s.b.w.e.tomcat.TomcatWebServer : Tomcat initialized with port 8081 (http)
2026-08-26T21:42:25.044+08:00 INFO  o.a.coyote.http11.Http11NioProtocol : Initializing ProtocolHandler ["http-nio-8081"]
2026-08-26T21:42:25.092+08:00 INFO  o.a.catalina.core.StandardService : Starting service [Tomcat]
2026-08-26T21:42:25.131+08:00 INFO  o.a.catalina.core.StandardEngine : Starting Servlet engine: [Apache Tomcat/10.1.31]
2026-08-26T21:42:25.165+08:00 INFO  o.a.c.c.C.[Tomcat-8].[localhost].[/] : Initializing Spring embedded WebApplicationContext
2026-08-26T21:42:25.167+08:00 INFO  o.s.b.w.s.c.ServletWebServerApplicationContext : Root WebApplicationContext: initialization completed in 1559 ms
2026-08-26T21:42:25.317+08:00 WARN  c.b.m.core.injector.methods.Insert : [com.reservation.mapper.AuditLogMapper.insert] Has been loaded by XML or SqlProvider or Mybatis's Annotation, so ignoring this injection for [class com.baomidou.mybatisplus.core.injector.methods.Insert]
2026-08-26T21:42:25.349+08:00 WARN  c.b.m.c.injector.methods.SelectList : [com.reservation.mapper.BookingMapper.selectList] Has been loaded by XML or SqlProvider or Mybatis's Annotation, so ignoring this injection for [class com.baomidou.mybatisplus.core.injector.methods.SelectList]
2026-08-26T21:42:25.351+08:00 WARN  c.b.m.c.injector.methods.SelectById : [com.reservation.mapper.BookingMapper.selectById] Has been loaded by XML or SqlProvider or Mybatis's Annotation, so ignoring this injection for [class com.baomidou.mybatisplus.core.injector.methods.SelectById]
2026-08-26T21:42:25.433+08:00 WARN  c.b.m.core.injector.methods.Update : [com.reservation.mapper.CourseScheduleMapper.update] Has been loaded by XML or SqlProvider or Mybatis's Annotation, so ignoring this injection for [class com.baomidou.mybatisplus.core.injector.methods.Update]
2026-08-26T21:42:26.430+08:00 WARN  o.s.b.w.s.c.AnnotationConfigServletWebServerApplicationContext : Exception encountered during context initialization - cancelling refresh attempt: org.springframework.beans.factory.UnsatisfiedDependencyException: Error creating bean with name 'appointmentController': Unsatisfied dependency expressed through field 'appointmentService': Error creating bean with name 'appointmentService' defined in file [H:\2026\lesson-appointment\api\target\classes\com\reservation\service\AppointmentService.class]: Failed to instantiate [com.reservation.service.AppointmentService]: Constructor threw exception
2026-08-26T21:42:26.439+08:00 INFO  o.a.catalina.core.StandardService : Stopping service [Tomcat]
2026-08-26T21:42:26.452+08:00 INFO  o.s.b.a.l.ConditionEvaluationReportLogger : 

Error starting ApplicationContext. To display the condition evaluation report re-run your application with 'debug' enabled.
2026-08-26T21:42:26.473+08:00 ERROR o.s.boot.SpringApplication : Application run failed
org.springframework.beans.factory.UnsatisfiedDependencyException: Error creating bean with name 'appointmentController': Unsatisfied dependency expressed through field 'appointmentService': Error creating bean with name 'appointmentService' defined in file [H:\2026\lesson-appointment\api\target\classes\com\reservation\service\AppointmentService.class]: Failed to instantiate [com.reservation.service.AppointmentService]: Constructor threw exception
	at org.springframework.beans.factory.annotation.AutowiredAnnotationBeanPostProcessor$AutowiredFieldElement.resolveFieldValue(AutowiredAnnotationBeanPostProcessor.java:788)
	at org.springframework.beans.factory.annotation.AutowiredAnnotationBeanPostProcessor$AutowiredFieldElement.inject(AutowiredAnnotationBeanPostProcessor.java:768)
	at org.springframework.beans.factory.annotation.InjectionMetadata.inject(InjectionMetadata.java:145)
	at org.springframework.beans.factory.annotation.AutowiredAnnotationBeanPostProcessor.postProcessProperties(AutowiredAnnotationBeanPostProcessor.java:509)
	at org.springframework.beans.factory.support.AbstractAutowireCapableBeanFactory.populateBean(AbstractAutowireCapableBeanFactory.java:1439)
	at org.springframework.beans.factory.support.AbstractAutowireCapableBeanFactory.doCreateBean(AbstractAutowireCapableBeanFactory.java:599)
	at org.springframework.beans.factory.support.AbstractAutowireCapableBeanFactory.createBean(AbstractAutowireCapableBeanFactory.java:522)
	at org.springframework.beans.factory.support.AbstractBeanFactory.lambda$doGetBean$0(AbstractBeanFactory.java:337)
	at org.springframework.beans.factory.support.DefaultSingletonBeanRegistry.getSingleton(DefaultSingletonBeanRegistry.java:234)
	at org.springframework.beans.factory.support.AbstractBeanFactory.doGetBean(AbstractBeanFactory.java:335)
	at org.springframework.beans.factory.support.AbstractBeanFactory.getBean(AbstractBeanFactory.java:200)
	at org.springframework.beans.factory.support.DefaultListableBeanFactory.preInstantiateSingletons(DefaultListableBeanFactory.java:975)
	at org.springframework.context.support.AbstractApplicationContext.finishBeanFactoryInitialization(AbstractApplicationContext.java:971)
	at org.springframework.context.support.AbstractApplicationContext.refresh(AbstractApplicationContext.java:625)
	at org.springframework.boot.web.servlet.context.ServletWebServerApplicationContext.refresh(ServletWebServerApplicationContext.java:146)
	at org.springframework.boot.SpringApplication.refresh(SpringApplication.java:754)
	at org.springframework.boot.SpringApplication.refreshContext(SpringApplication.java:456)
	at org.springframework.boot.SpringApplication.run(SpringApplication.java:335)
	at org.springframework.boot.SpringApplication.run(SpringApplication.java:1363)
	at org.springframework.boot.SpringApplication.run(SpringApplication.java:1352)
	at com.reservation.SpringBootMergeApplication.main(SpringBootMergeApplication.java:21)
	at java.base/jdk.internal.reflect.DirectMethodHandleAccessor.invoke(DirectMethodHandleAccessor.java:103)
	at java.base/java.lang.reflect.Method.invoke(Method.java:580)
	at org.springframework.boot.devtools.restart.RestartLauncher.run(RestartLauncher.java:50)
Caused by: org.springframework.beans.factory.BeanCreationException: Error creating bean with name 'appointmentService' defined in file [H:\2026\lesson-appointment\api\target\classes\com\reservation\service\AppointmentService.class]: Failed to instantiate [com.reservation.service.AppointmentService]: Constructor threw exception
	at org.springframework.beans.factory.support.AbstractAutowireCapableBeanFactory.instantiateBean(AbstractAutowireCapableBeanFactory.java:1337)
	at org.springframework.beans.factory.support.AbstractAutowireCapableBeanFactory.createBeanInstance(AbstractAutowireCapableBeanFactory.java:1222)
	at org.springframework.beans.factory.support.AbstractAutowireCapableBeanFactory.doCreateBean(AbstractAutowireCapableBeanFactory.java:562)
	at org.springframework.beans.factory.support.AbstractAutowireCapableBeanFactory.createBean(AbstractAutowireCapableBeanFactory.java:522)
	at org.springframework.beans.factory.support.AbstractBeanFactory.lambda$doGetBean$0(AbstractBeanFactory.java:337)
	at org.springframework.beans.factory.support.DefaultSingletonBeanRegistry.getSingleton(DefaultSingletonBeanRegistry.java:234)
	at org.springframework.beans.factory.support.AbstractBeanFactory.doGetBean(AbstractBeanFactory.java:335)
	at org.springframework.beans.factory.support.AbstractBeanFactory.getBean(AbstractBeanFactory.java:200)
	at org.springframework.beans.factory.config.DependencyDescriptor.resolveCandidate(DependencyDescriptor.java:254)
	at org.springframework.beans.factory.support.DefaultListableBeanFactory.doResolveDependency(DefaultListableBeanFactory.java:1443)
	at org.springframework.beans.factory.support.DefaultListableBeanFactory.resolveDependency(DefaultListableBeanFactory.java:1353)
	at org.springframework.beans.factory.annotation.AutowiredAnnotationBeanPostProcessor$AutowiredFieldElement.resolveFieldValue(AutowiredAnnotationBeanPostProcessor.java:785)
	... 23 common frames omitted
Caused by: org.springframework.beans.BeanInstantiationException: Failed to instantiate [com.reservation.service.AppointmentService]: Constructor threw exception
	at org.springframework.beans.BeanUtils.instantiateClass(BeanUtils.java:221)
	at org.springframework.beans.factory.support.SimpleInstantiationStrategy.instantiate(SimpleInstantiationStrategy.java:94)
	at org.springframework.beans.factory.support.AbstractAutowireCapableBeanFactory.instantiateBean(AbstractAutowireCapableBeanFactory.java:1331)
	... 34 common frames omitted
Caused by: java.lang.Error: Unresolved compilation problems: 
	The import jakarta.annotation cannot be resolved
	Resource cannot be resolved to a type

	at com.reservation.service.AppointmentService.<init>(AppointmentService.java:19)
	at java.base/jdk.internal.reflect.DirectConstructorHandleAccessor.newInstance(DirectConstructorHandleAccessor.java:62)
	at java.base/java.lang.reflect.Constructor.newInstanceWithCaller(Constructor.java:502)
	at java.base/java.lang.reflect.Constructor.newInstance(Constructor.java:486)
	at org.springframework.beans.BeanUtils.instantiateClass(BeanUtils.java:195)
	... 36 common frames omitted
2026-08-26T21:42:29.757+08:00 INFO  c.r.SpringBootMergeApplication : Starting SpringBootMergeApplication using Java 21.0.8 with PID 24452 (H:\2026\lesson-appointment\api\target\classes started by Administrator in H:\2026\lesson-appointment\api)
2026-08-26T21:42:29.863+08:00 INFO  c.r.SpringBootMergeApplication : No active profile set, falling back to 1 default profile: "default"
2026-08-26T21:42:30.991+08:00 INFO  o.s.b.w.e.tomcat.TomcatWebServer : Tomcat initialized with port 8081 (http)
2026-08-26T21:42:30.992+08:00 INFO  o.a.coyote.http11.Http11NioProtocol : Initializing ProtocolHandler ["http-nio-8081"]
2026-08-26T21:42:30.992+08:00 INFO  o.a.catalina.core.StandardService : Starting service [Tomcat]
2026-08-26T21:42:30.993+08:00 INFO  o.a.catalina.core.StandardEngine : Starting Servlet engine: [Apache Tomcat/10.1.31]
2026-08-26T21:42:31.009+08:00 INFO  o.a.c.c.C.[Tomcat-9].[localhost].[/] : Initializing Spring embedded WebApplicationContext
2026-08-26T21:42:31.012+08:00 INFO  o.s.b.w.s.c.ServletWebServerApplicationContext : Root WebApplicationContext: initialization completed in 1020 ms
2026-08-26T21:42:31.142+08:00 WARN  c.b.m.core.injector.methods.Insert : [com.reservation.mapper.AuditLogMapper.insert] Has been loaded by XML or SqlProvider or Mybatis's Annotation, so ignoring this injection for [class com.baomidou.mybatisplus.core.injector.methods.Insert]
2026-08-26T21:42:31.194+08:00 WARN  c.b.m.c.injector.methods.SelectList : [com.reservation.mapper.BookingMapper.selectList] Has been loaded by XML or SqlProvider or Mybatis's Annotation, so ignoring this injection for [class com.baomidou.mybatisplus.core.injector.methods.SelectList]
2026-08-26T21:42:31.198+08:00 WARN  c.b.m.c.injector.methods.SelectById : [com.reservation.mapper.BookingMapper.selectById] Has been loaded by XML or SqlProvider or Mybatis's Annotation, so ignoring this injection for [class com.baomidou.mybatisplus.core.injector.methods.SelectById]
2026-08-26T21:42:31.262+08:00 WARN  c.b.m.core.injector.methods.Update : [com.reservation.mapper.CourseScheduleMapper.update] Has been loaded by XML or SqlProvider or Mybatis's Annotation, so ignoring this injection for [class com.baomidou.mybatisplus.core.injector.methods.Update]
2026-08-26T21:42:31.649+08:00 WARN  o.s.b.w.s.c.AnnotationConfigServletWebServerApplicationContext : Exception encountered during context initialization - cancelling refresh attempt: org.springframework.beans.factory.UnsatisfiedDependencyException: Error creating bean with name 'appointmentController': Unsatisfied dependency expressed through field 'appointmentService': Error creating bean with name 'appointmentService' defined in file [H:\2026\lesson-appointment\api\target\classes\com\reservation\service\AppointmentService.class]: Failed to instantiate [com.reservation.service.AppointmentService]: Constructor threw exception
2026-08-26T21:42:31.693+08:00 INFO  o.a.catalina.core.StandardService : Stopping service [Tomcat]
2026-08-26T21:42:31.706+08:00 INFO  o.s.b.a.l.ConditionEvaluationReportLogger : 

Error starting ApplicationContext. To display the condition evaluation report re-run your application with 'debug' enabled.
2026-08-26T21:42:31.715+08:00 ERROR o.s.boot.SpringApplication : Application run failed
org.springframework.beans.factory.UnsatisfiedDependencyException: Error creating bean with name 'appointmentController': Unsatisfied dependency expressed through field 'appointmentService': Error creating bean with name 'appointmentService' defined in file [H:\2026\lesson-appointment\api\target\classes\com\reservation\service\AppointmentService.class]: Failed to instantiate [com.reservation.service.AppointmentService]: Constructor threw exception
	at org.springframework.beans.factory.annotation.AutowiredAnnotationBeanPostProcessor$AutowiredFieldElement.resolveFieldValue(AutowiredAnnotationBeanPostProcessor.java:788)
	at org.springframework.beans.factory.annotation.AutowiredAnnotationBeanPostProcessor$AutowiredFieldElement.inject(AutowiredAnnotationBeanPostProcessor.java:768)
	at org.springframework.beans.factory.annotation.InjectionMetadata.inject(InjectionMetadata.java:145)
	at org.springframework.beans.factory.annotation.AutowiredAnnotationBeanPostProcessor.postProcessProperties(AutowiredAnnotationBeanPostProcessor.java:509)
	at org.springframework.beans.factory.support.AbstractAutowireCapableBeanFactory.populateBean(AbstractAutowireCapableBeanFactory.java:1439)
	at org.springframework.beans.factory.support.AbstractAutowireCapableBeanFactory.doCreateBean(AbstractAutowireCapableBeanFactory.java:599)
	at org.springframework.beans.factory.support.AbstractAutowireCapableBeanFactory.createBean(AbstractAutowireCapableBeanFactory.java:522)
	at org.springframework.beans.factory.support.AbstractBeanFactory.lambda$doGetBean$0(AbstractBeanFactory.java:337)
	at org.springframework.beans.factory.support.DefaultSingletonBeanRegistry.getSingleton(DefaultSingletonBeanRegistry.java:234)
	at org.springframework.beans.factory.support.AbstractBeanFactory.doGetBean(AbstractBeanFactory.java:335)
	at org.springframework.beans.factory.support.AbstractBeanFactory.getBean(AbstractBeanFactory.java:200)
	at org.springframework.beans.factory.support.DefaultListableBeanFactory.preInstantiateSingletons(DefaultListableBeanFactory.java:975)
	at org.springframework.context.support.AbstractApplicationContext.finishBeanFactoryInitialization(AbstractApplicationContext.java:971)
	at org.springframework.context.support.AbstractApplicationContext.refresh(AbstractApplicationContext.java:625)
	at org.springframework.boot.web.servlet.context.ServletWebServerApplicationContext.refresh(ServletWebServerApplicationContext.java:146)
	at org.springframework.boot.SpringApplication.refresh(SpringApplication.java:754)
	at org.springframework.boot.SpringApplication.refreshContext(SpringApplication.java:456)
	at org.springframework.boot.SpringApplication.run(SpringApplication.java:335)
	at org.springframework.boot.SpringApplication.run(SpringApplication.java:1363)
	at org.springframework.boot.SpringApplication.run(SpringApplication.java:1352)
	at com.reservation.SpringBootMergeApplication.main(SpringBootMergeApplication.java:21)
	at java.base/jdk.internal.reflect.DirectMethodHandleAccessor.invoke(DirectMethodHandleAccessor.java:103)
	at java.base/java.lang.reflect.Method.invoke(Method.java:580)
	at org.springframework.boot.devtools.restart.RestartLauncher.run(RestartLauncher.java:50)
Caused by: org.springframework.beans.factory.BeanCreationException: Error creating bean with name 'appointmentService' defined in file [H:\2026\lesson-appointment\api\target\classes\com\reservation\service\AppointmentService.class]: Failed to instantiate [com.reservation.service.AppointmentService]: Constructor threw exception
	at org.springframework.beans.factory.support.AbstractAutowireCapableBeanFactory.instantiateBean(AbstractAutowireCapableBeanFactory.java:1337)
	at org.springframework.beans.factory.support.AbstractAutowireCapableBeanFactory.createBeanInstance(AbstractAutowireCapableBeanFactory.java:1222)
	at org.springframework.beans.factory.support.AbstractAutowireCapableBeanFactory.doCreateBean(AbstractAutowireCapableBeanFactory.java:562)
	at org.springframework.beans.factory.support.AbstractAutowireCapableBeanFactory.createBean(AbstractAutowireCapableBeanFactory.java:522)
	at org.springframework.beans.factory.support.AbstractBeanFactory.lambda$doGetBean$0(AbstractBeanFactory.java:337)
	at org.springframework.beans.factory.support.DefaultSingletonBeanRegistry.getSingleton(DefaultSingletonBeanRegistry.java:234)
	at org.springframework.beans.factory.support.AbstractBeanFactory.doGetBean(AbstractBeanFactory.java:335)
	at org.springframework.beans.factory.support.AbstractBeanFactory.getBean(AbstractBeanFactory.java:200)
	at org.springframework.beans.factory.config.DependencyDescriptor.resolveCandidate(DependencyDescriptor.java:254)
	at org.springframework.beans.factory.support.DefaultListableBeanFactory.doResolveDependency(DefaultListableBeanFactory.java:1443)
	at org.springframework.beans.factory.support.DefaultListableBeanFactory.resolveDependency(DefaultListableBeanFactory.java:1353)
	at org.springframework.beans.factory.annotation.AutowiredAnnotationBeanPostProcessor$AutowiredFieldElement.resolveFieldValue(AutowiredAnnotationBeanPostProcessor.java:785)
	... 23 common frames omitted
Caused by: org.springframework.beans.BeanInstantiationException: Failed to instantiate [com.reservation.service.AppointmentService]: Constructor threw exception
	at org.springframework.beans.BeanUtils.instantiateClass(BeanUtils.java:221)
	at org.springframework.beans.factory.support.SimpleInstantiationStrategy.instantiate(SimpleInstantiationStrategy.java:94)
	at org.springframework.beans.factory.support.AbstractAutowireCapableBeanFactory.instantiateBean(AbstractAutowireCapableBeanFactory.java:1331)
	... 34 common frames omitted
Caused by: java.lang.Error: Unresolved compilation problems: 
	The import jakarta.annotation cannot be resolved
	Resource cannot be resolved to a type

	at com.reservation.service.AppointmentService.<init>(AppointmentService.java:19)
	at java.base/jdk.internal.reflect.DirectConstructorHandleAccessor.newInstance(DirectConstructorHandleAccessor.java:62)
	at java.base/java.lang.reflect.Constructor.newInstanceWithCaller(Constructor.java:502)
	at java.base/java.lang.reflect.Constructor.newInstance(Constructor.java:486)
	at org.springframework.beans.BeanUtils.instantiateClass(BeanUtils.java:195)
	... 36 common frames omitted
2026-08-26T21:42:39.677+08:00 INFO  c.r.SpringBootMergeApplication : Starting SpringBootMergeApplication using Java 21.0.8 with PID 24452 (H:\2026\lesson-appointment\api\target\classes started by Administrator in H:\2026\lesson-appointment\api)
2026-08-26T21:42:39.682+08:00 INFO  c.r.SpringBootMergeApplication : No active profile set, falling back to 1 default profile: "default"
2026-08-26T21:42:41.019+08:00 INFO  o.s.b.w.e.tomcat.TomcatWebServer : Tomcat initialized with port 8081 (http)
2026-08-26T21:42:41.020+08:00 INFO  o.a.coyote.http11.Http11NioProtocol : Initializing ProtocolHandler ["http-nio-8081"]
2026-08-26T21:42:41.023+08:00 INFO  o.a.catalina.core.StandardService : Starting service [Tomcat]
2026-08-26T21:42:41.024+08:00 INFO  o.a.catalina.core.StandardEngine : Starting Servlet engine: [Apache Tomcat/10.1.31]
2026-08-26T21:42:41.040+08:00 INFO  o.a.c.c.C.[.[localhost].[/] : Initializing Spring embedded WebApplicationContext
2026-08-26T21:42:41.041+08:00 INFO  o.s.b.w.s.c.ServletWebServerApplicationContext : Root WebApplicationContext: initialization completed in 1343 ms
2026-08-26T21:42:41.153+08:00 WARN  c.b.m.core.injector.methods.Insert : [com.reservation.mapper.AuditLogMapper.insert] Has been loaded by XML or SqlProvider or Mybatis's Annotation, so ignoring this injection for [class com.baomidou.mybatisplus.core.injector.methods.Insert]
2026-08-26T21:42:41.187+08:00 WARN  c.b.m.c.injector.methods.SelectList : [com.reservation.mapper.BookingMapper.selectList] Has been loaded by XML or SqlProvider or Mybatis's Annotation, so ignoring this injection for [class com.baomidou.mybatisplus.core.injector.methods.SelectList]
2026-08-26T21:42:41.193+08:00 WARN  c.b.m.c.injector.methods.SelectById : [com.reservation.mapper.BookingMapper.selectById] Has been loaded by XML or SqlProvider or Mybatis's Annotation, so ignoring this injection for [class com.baomidou.mybatisplus.core.injector.methods.SelectById]
2026-08-26T21:42:41.231+08:00 WARN  c.b.m.core.injector.methods.Update : [com.reservation.mapper.CourseScheduleMapper.update] Has been loaded by XML or SqlProvider or Mybatis's Annotation, so ignoring this injection for [class com.baomidou.mybatisplus.core.injector.methods.Update]
2026-08-26T21:42:41.380+08:00 WARN  o.s.b.w.s.c.AnnotationConfigServletWebServerApplicationContext : Exception encountered during context initialization - cancelling refresh attempt: org.springframework.beans.factory.UnsatisfiedDependencyException: Error creating bean with name 'appointmentController': Unsatisfied dependency expressed through field 'appointmentService': Error creating bean with name 'appointmentService' defined in file [H:\2026\lesson-appointment\api\target\classes\com\reservation\service\AppointmentService.class]: Failed to instantiate [com.reservation.service.AppointmentService]: Constructor threw exception
2026-08-26T21:42:41.381+08:00 INFO  o.a.catalina.core.StandardService : Stopping service [Tomcat]
2026-08-26T21:42:41.386+08:00 INFO  o.s.b.a.l.ConditionEvaluationReportLogger : 

Error starting ApplicationContext. To display the condition evaluation report re-run your application with 'debug' enabled.
2026-08-26T21:42:41.395+08:00 ERROR o.s.boot.SpringApplication : Application run failed
org.springframework.beans.factory.UnsatisfiedDependencyException: Error creating bean with name 'appointmentController': Unsatisfied dependency expressed through field 'appointmentService': Error creating bean with name 'appointmentService' defined in file [H:\2026\lesson-appointment\api\target\classes\com\reservation\service\AppointmentService.class]: Failed to instantiate [com.reservation.service.AppointmentService]: Constructor threw exception
	at org.springframework.beans.factory.annotation.AutowiredAnnotationBeanPostProcessor$AutowiredFieldElement.resolveFieldValue(AutowiredAnnotationBeanPostProcessor.java:788)
	at org.springframework.beans.factory.annotation.AutowiredAnnotationBeanPostProcessor$AutowiredFieldElement.inject(AutowiredAnnotationBeanPostProcessor.java:768)
	at org.springframework.beans.factory.annotation.InjectionMetadata.inject(InjectionMetadata.java:145)
	at org.springframework.beans.factory.annotation.AutowiredAnnotationBeanPostProcessor.postProcessProperties(AutowiredAnnotationBeanPostProcessor.java:509)
	at org.springframework.beans.factory.support.AbstractAutowireCapableBeanFactory.populateBean(AbstractAutowireCapableBeanFactory.java:1439)
	at org.springframework.beans.factory.support.AbstractAutowireCapableBeanFactory.doCreateBean(AbstractAutowireCapableBeanFactory.java:599)
	at org.springframework.beans.factory.support.AbstractAutowireCapableBeanFactory.createBean(AbstractAutowireCapableBeanFactory.java:522)
	at org.springframework.beans.factory.support.AbstractBeanFactory.lambda$doGetBean$0(AbstractBeanFactory.java:337)
	at org.springframework.beans.factory.support.DefaultSingletonBeanRegistry.getSingleton(DefaultSingletonBeanRegistry.java:234)
	at org.springframework.beans.factory.support.AbstractBeanFactory.doGetBean(AbstractBeanFactory.java:335)
	at org.springframework.beans.factory.support.AbstractBeanFactory.getBean(AbstractBeanFactory.java:200)
	at org.springframework.beans.factory.support.DefaultListableBeanFactory.preInstantiateSingletons(DefaultListableBeanFactory.java:975)
	at org.springframework.context.support.AbstractApplicationContext.finishBeanFactoryInitialization(AbstractApplicationContext.java:971)
	at org.springframework.context.support.AbstractApplicationContext.refresh(AbstractApplicationContext.java:625)
	at org.springframework.boot.web.servlet.context.ServletWebServerApplicationContext.refresh(ServletWebServerApplicationContext.java:146)
	at org.springframework.boot.SpringApplication.refresh(SpringApplication.java:754)
	at org.springframework.boot.SpringApplication.refreshContext(SpringApplication.java:456)
	at org.springframework.boot.SpringApplication.run(SpringApplication.java:335)
	at org.springframework.boot.SpringApplication.run(SpringApplication.java:1363)
	at org.springframework.boot.SpringApplication.run(SpringApplication.java:1352)
	at com.reservation.SpringBootMergeApplication.main(SpringBootMergeApplication.java:21)
	at java.base/jdk.internal.reflect.DirectMethodHandleAccessor.invoke(DirectMethodHandleAccessor.java:103)
	at java.base/java.lang.reflect.Method.invoke(Method.java:580)
	at org.springframework.boot.devtools.restart.RestartLauncher.run(RestartLauncher.java:50)
Caused by: org.springframework.beans.factory.BeanCreationException: Error creating bean with name 'appointmentService' defined in file [H:\2026\lesson-appointment\api\target\classes\com\reservation\service\AppointmentService.class]: Failed to instantiate [com.reservation.service.AppointmentService]: Constructor threw exception
	at org.springframework.beans.factory.support.AbstractAutowireCapableBeanFactory.instantiateBean(AbstractAutowireCapableBeanFactory.java:1337)
	at org.springframework.beans.factory.support.AbstractAutowireCapableBeanFactory.createBeanInstance(AbstractAutowireCapableBeanFactory.java:1222)
	at org.springframework.beans.factory.support.AbstractAutowireCapableBeanFactory.doCreateBean(AbstractAutowireCapableBeanFactory.java:562)
	at org.springframework.beans.factory.support.AbstractAutowireCapableBeanFactory.createBean(AbstractAutowireCapableBeanFactory.java:522)
	at org.springframework.beans.factory.support.AbstractBeanFactory.lambda$doGetBean$0(AbstractBeanFactory.java:337)
	at org.springframework.beans.factory.support.DefaultSingletonBeanRegistry.getSingleton(DefaultSingletonBeanRegistry.java:234)
	at org.springframework.beans.factory.support.AbstractBeanFactory.doGetBean(AbstractBeanFactory.java:335)
	at org.springframework.beans.factory.support.AbstractBeanFactory.getBean(AbstractBeanFactory.java:200)
	at org.springframework.beans.factory.config.DependencyDescriptor.resolveCandidate(DependencyDescriptor.java:254)
	at org.springframework.beans.factory.support.DefaultListableBeanFactory.doResolveDependency(DefaultListableBeanFactory.java:1443)
	at org.springframework.beans.factory.support.DefaultListableBeanFactory.resolveDependency(DefaultListableBeanFactory.java:1353)
	at org.springframework.beans.factory.annotation.AutowiredAnnotationBeanPostProcessor$AutowiredFieldElement.resolveFieldValue(AutowiredAnnotationBeanPostProcessor.java:785)
	... 23 common frames omitted
Caused by: org.springframework.beans.BeanInstantiationException: Failed to instantiate [com.reservation.service.AppointmentService]: Constructor threw exception
	at org.springframework.beans.BeanUtils.instantiateClass(BeanUtils.java:221)
	at org.springframework.beans.factory.support.SimpleInstantiationStrategy.instantiate(SimpleInstantiationStrategy.java:94)
	at org.springframework.beans.factory.support.AbstractAutowireCapableBeanFactory.instantiateBean(AbstractAutowireCapableBeanFactory.java:1331)
	... 34 common frames omitted
Caused by: java.lang.Error: Unresolved compilation problems: 
	The import jakarta.annotation cannot be resolved
	Resource cannot be resolved to a type
	Syntax error on token ".", delete this token
	pageNum cannot be resolved to a variable
	pageSize cannot be resolved to a variable
	pageSize cannot be resolved to a variable

	at com.reservation.service.AppointmentService.<init>(AppointmentService.java:19)
	at java.base/jdk.internal.reflect.DirectConstructorHandleAccessor.newInstance(DirectConstructorHandleAccessor.java:62)
	at java.base/java.lang.reflect.Constructor.newInstanceWithCaller(Constructor.java:502)
	at java.base/java.lang.reflect.Constructor.newInstance(Constructor.java:486)
	at org.springframework.beans.BeanUtils.instantiateClass(BeanUtils.java:195)
	... 36 common frames omitted
2026-08-26T21:42:46.942+08:00 INFO  c.r.SpringBootMergeApplication : Starting SpringBootMergeApplication using Java 21.0.8 with PID 24452 (H:\2026\lesson-appointment\api\target\classes started by Administrator in H:\2026\lesson-appointment\api)
2026-08-26T21:42:46.944+08:00 INFO  c.r.SpringBootMergeApplication : No active profile set, falling back to 1 default profile: "default"
2026-08-26T21:42:48.048+08:00 INFO  o.s.b.w.e.tomcat.TomcatWebServer : Tomcat initialized with port 8081 (http)
2026-08-26T21:42:48.061+08:00 INFO  o.a.coyote.http11.Http11NioProtocol : Initializing ProtocolHandler ["http-nio-8081"]
2026-08-26T21:42:48.064+08:00 INFO  o.a.catalina.core.StandardService : Starting service [Tomcat]
2026-08-26T21:42:48.077+08:00 INFO  o.a.catalina.core.StandardEngine : Starting Servlet engine: [Apache Tomcat/10.1.31]
2026-08-26T21:42:48.113+08:00 INFO  o.a.c.c.C.[.[localhost].[/] : Initializing Spring embedded WebApplicationContext
2026-08-26T21:42:48.132+08:00 INFO  o.s.b.w.s.c.ServletWebServerApplicationContext : Root WebApplicationContext: initialization completed in 1173 ms
2026-08-26T21:42:48.608+08:00 WARN  c.b.m.core.injector.methods.Insert : [com.reservation.mapper.AuditLogMapper.insert] Has been loaded by XML or SqlProvider or Mybatis's Annotation, so ignoring this injection for [class com.baomidou.mybatisplus.core.injector.methods.Insert]
2026-08-26T21:42:48.682+08:00 WARN  c.b.m.c.injector.methods.SelectList : [com.reservation.mapper.BookingMapper.selectList] Has been loaded by XML or SqlProvider or Mybatis's Annotation, so ignoring this injection for [class com.baomidou.mybatisplus.core.injector.methods.SelectList]
2026-08-26T21:42:48.759+08:00 WARN  c.b.m.c.injector.methods.SelectById : [com.reservation.mapper.BookingMapper.selectById] Has been loaded by XML or SqlProvider or Mybatis's Annotation, so ignoring this injection for [class com.baomidou.mybatisplus.core.injector.methods.SelectById]
2026-08-26T21:42:48.962+08:00 WARN  c.b.m.core.injector.methods.Update : [com.reservation.mapper.CourseScheduleMapper.update] Has been loaded by XML or SqlProvider or Mybatis's Annotation, so ignoring this injection for [class com.baomidou.mybatisplus.core.injector.methods.Update]
2026-08-26T21:42:49.494+08:00 WARN  o.s.b.w.s.c.AnnotationConfigServletWebServerApplicationContext : Exception encountered during context initialization - cancelling refresh attempt: org.springframework.beans.factory.UnsatisfiedDependencyException: Error creating bean with name 'appointmentController': Unsatisfied dependency expressed through field 'appointmentService': Error creating bean with name 'appointmentService' defined in file [H:\2026\lesson-appointment\api\target\classes\com\reservation\service\AppointmentService.class]: Failed to instantiate [com.reservation.service.AppointmentService]: Constructor threw exception
2026-08-26T21:42:49.499+08:00 INFO  o.a.catalina.core.StandardService : Stopping service [Tomcat]
2026-08-26T21:42:49.512+08:00 INFO  o.s.b.a.l.ConditionEvaluationReportLogger : 

Error starting ApplicationContext. To display the condition evaluation report re-run your application with 'debug' enabled.
2026-08-26T21:42:49.519+08:00 ERROR o.s.boot.SpringApplication : Application run failed
org.springframework.beans.factory.UnsatisfiedDependencyException: Error creating bean with name 'appointmentController': Unsatisfied dependency expressed through field 'appointmentService': Error creating bean with name 'appointmentService' defined in file [H:\2026\lesson-appointment\api\target\classes\com\reservation\service\AppointmentService.class]: Failed to instantiate [com.reservation.service.AppointmentService]: Constructor threw exception
	at org.springframework.beans.factory.annotation.AutowiredAnnotationBeanPostProcessor$AutowiredFieldElement.resolveFieldValue(AutowiredAnnotationBeanPostProcessor.java:788)
	at org.springframework.beans.factory.annotation.AutowiredAnnotationBeanPostProcessor$AutowiredFieldElement.inject(AutowiredAnnotationBeanPostProcessor.java:768)
	at org.springframework.beans.factory.annotation.InjectionMetadata.inject(InjectionMetadata.java:145)
	at org.springframework.beans.factory.annotation.AutowiredAnnotationBeanPostProcessor.postProcessProperties(AutowiredAnnotationBeanPostProcessor.java:509)
	at org.springframework.beans.factory.support.AbstractAutowireCapableBeanFactory.populateBean(AbstractAutowireCapableBeanFactory.java:1439)
	at org.springframework.beans.factory.support.AbstractAutowireCapableBeanFactory.doCreateBean(AbstractAutowireCapableBeanFactory.java:599)
	at org.springframework.beans.factory.support.AbstractAutowireCapableBeanFactory.createBean(AbstractAutowireCapableBeanFactory.java:522)
	at org.springframework.beans.factory.support.AbstractBeanFactory.lambda$doGetBean$0(AbstractBeanFactory.java:337)
	at org.springframework.beans.factory.support.DefaultSingletonBeanRegistry.getSingleton(DefaultSingletonBeanRegistry.java:234)
	at org.springframework.beans.factory.support.AbstractBeanFactory.doGetBean(AbstractBeanFactory.java:335)
	at org.springframework.beans.factory.support.AbstractBeanFactory.getBean(AbstractBeanFactory.java:200)
	at org.springframework.beans.factory.support.DefaultListableBeanFactory.preInstantiateSingletons(DefaultListableBeanFactory.java:975)
	at org.springframework.context.support.AbstractApplicationContext.finishBeanFactoryInitialization(AbstractApplicationContext.java:971)
	at org.springframework.context.support.AbstractApplicationContext.refresh(AbstractApplicationContext.java:625)
	at org.springframework.boot.web.servlet.context.ServletWebServerApplicationContext.refresh(ServletWebServerApplicationContext.java:146)
	at org.springframework.boot.SpringApplication.refresh(SpringApplication.java:754)
	at org.springframework.boot.SpringApplication.refreshContext(SpringApplication.java:456)
	at org.springframework.boot.SpringApplication.run(SpringApplication.java:335)
	at org.springframework.boot.SpringApplication.run(SpringApplication.java:1363)
	at org.springframework.boot.SpringApplication.run(SpringApplication.java:1352)
	at com.reservation.SpringBootMergeApplication.main(SpringBootMergeApplication.java:21)
	at java.base/jdk.internal.reflect.DirectMethodHandleAccessor.invoke(DirectMethodHandleAccessor.java:103)
	at java.base/java.lang.reflect.Method.invoke(Method.java:580)
	at org.springframework.boot.devtools.restart.RestartLauncher.run(RestartLauncher.java:50)
Caused by: org.springframework.beans.factory.BeanCreationException: Error creating bean with name 'appointmentService' defined in file [H:\2026\lesson-appointment\api\target\classes\com\reservation\service\AppointmentService.class]: Failed to instantiate [com.reservation.service.AppointmentService]: Constructor threw exception
	at org.springframework.beans.factory.support.AbstractAutowireCapableBeanFactory.instantiateBean(AbstractAutowireCapableBeanFactory.java:1337)
	at org.springframework.beans.factory.support.AbstractAutowireCapableBeanFactory.createBeanInstance(AbstractAutowireCapableBeanFactory.java:1222)
	at org.springframework.beans.factory.support.AbstractAutowireCapableBeanFactory.doCreateBean(AbstractAutowireCapableBeanFactory.java:562)
	at org.springframework.beans.factory.support.AbstractAutowireCapableBeanFactory.createBean(AbstractAutowireCapableBeanFactory.java:522)
	at org.springframework.beans.factory.support.AbstractBeanFactory.lambda$doGetBean$0(AbstractBeanFactory.java:337)
	at org.springframework.beans.factory.support.DefaultSingletonBeanRegistry.getSingleton(DefaultSingletonBeanRegistry.java:234)
	at org.springframework.beans.factory.support.AbstractBeanFactory.doGetBean(AbstractBeanFactory.java:335)
	at org.springframework.beans.factory.support.AbstractBeanFactory.getBean(AbstractBeanFactory.java:200)
	at org.springframework.beans.factory.config.DependencyDescriptor.resolveCandidate(DependencyDescriptor.java:254)
	at org.springframework.beans.factory.support.DefaultListableBeanFactory.doResolveDependency(DefaultListableBeanFactory.java:1443)
	at org.springframework.beans.factory.support.DefaultListableBeanFactory.resolveDependency(DefaultListableBeanFactory.java:1353)
	at org.springframework.beans.factory.annotation.AutowiredAnnotationBeanPostProcessor$AutowiredFieldElement.resolveFieldValue(AutowiredAnnotationBeanPostProcessor.java:785)
	... 23 common frames omitted
Caused by: org.springframework.beans.BeanInstantiationException: Failed to instantiate [com.reservation.service.AppointmentService]: Constructor threw exception
	at org.springframework.beans.BeanUtils.instantiateClass(BeanUtils.java:221)
	at org.springframework.beans.factory.support.SimpleInstantiationStrategy.instantiate(SimpleInstantiationStrategy.java:94)
	at org.springframework.beans.factory.support.AbstractAutowireCapableBeanFactory.instantiateBean(AbstractAutowireCapableBeanFactory.java:1331)
	... 34 common frames omitted
Caused by: java.lang.Error: Unresolved compilation problems: 
	The import jakarta.annotation cannot be resolved
	Resource cannot be resolved to a type
	Syntax error on token ".", delete this token
	pageNum cannot be resolved to a variable
	pageSize cannot be resolved to a variable
	pageSize cannot be resolved to a variable

	at com.reservation.service.AppointmentService.<init>(AppointmentService.java:19)
	at java.base/jdk.internal.reflect.DirectConstructorHandleAccessor.newInstance(DirectConstructorHandleAccessor.java:62)
	at java.base/java.lang.reflect.Constructor.newInstanceWithCaller(Constructor.java:502)
	at java.base/java.lang.reflect.Constructor.newInstance(Constructor.java:486)
	at org.springframework.beans.BeanUtils.instantiateClass(BeanUtils.java:195)
	... 36 common frames omitted
2026-08-26T21:42:57.533+08:00 INFO  c.r.SpringBootMergeApplication : Starting SpringBootMergeApplication using Java 21.0.8 with PID 24452 (H:\2026\lesson-appointment\api\target\classes started by Administrator in H:\2026\lesson-appointment\api)
2026-08-26T21:42:57.535+08:00 INFO  c.r.SpringBootMergeApplication : No active profile set, falling back to 1 default profile: "default"
2026-08-26T21:42:58.761+08:00 INFO  o.s.b.w.e.tomcat.TomcatWebServer : Tomcat initialized with port 8081 (http)
2026-08-26T21:42:58.768+08:00 INFO  o.a.coyote.http11.Http11NioProtocol : Initializing ProtocolHandler ["http-nio-8081"]
2026-08-26T21:42:58.769+08:00 INFO  o.a.catalina.core.StandardService : Starting service [Tomcat]
2026-08-26T21:42:58.770+08:00 INFO  o.a.catalina.core.StandardEngine : Starting Servlet engine: [Apache Tomcat/10.1.31]
2026-08-26T21:42:58.805+08:00 INFO  o.a.c.c.C.[.[localhost].[/] : Initializing Spring embedded WebApplicationContext
2026-08-26T21:42:58.844+08:00 INFO  o.s.b.w.s.c.ServletWebServerApplicationContext : Root WebApplicationContext: initialization completed in 1303 ms
2026-08-26T21:42:59.067+08:00 WARN  c.b.m.core.injector.methods.Insert : [com.reservation.mapper.AuditLogMapper.insert] Has been loaded by XML or SqlProvider or Mybatis's Annotation, so ignoring this injection for [class com.baomidou.mybatisplus.core.injector.methods.Insert]
2026-08-26T21:42:59.096+08:00 WARN  c.b.m.c.injector.methods.SelectList : [com.reservation.mapper.BookingMapper.selectList] Has been loaded by XML or SqlProvider or Mybatis's Annotation, so ignoring this injection for [class com.baomidou.mybatisplus.core.injector.methods.SelectList]
2026-08-26T21:42:59.098+08:00 WARN  c.b.m.c.injector.methods.SelectById : [com.reservation.mapper.BookingMapper.selectById] Has been loaded by XML or SqlProvider or Mybatis's Annotation, so ignoring this injection for [class com.baomidou.mybatisplus.core.injector.methods.SelectById]
2026-08-26T21:42:59.130+08:00 WARN  c.b.m.core.injector.methods.Update : [com.reservation.mapper.CourseScheduleMapper.update] Has been loaded by XML or SqlProvider or Mybatis's Annotation, so ignoring this injection for [class com.baomidou.mybatisplus.core.injector.methods.Update]
2026-08-26T21:42:59.477+08:00 WARN  o.s.b.w.s.c.AnnotationConfigServletWebServerApplicationContext : Exception encountered during context initialization - cancelling refresh attempt: org.springframework.beans.factory.UnsatisfiedDependencyException: Error creating bean with name 'appointmentController': Unsatisfied dependency expressed through field 'appointmentService': Error creating bean with name 'appointmentService' defined in file [H:\2026\lesson-appointment\api\target\classes\com\reservation\service\AppointmentService.class]: Failed to instantiate [com.reservation.service.AppointmentService]: Constructor threw exception
2026-08-26T21:42:59.518+08:00 INFO  o.a.catalina.core.StandardService : Stopping service [Tomcat]
2026-08-26T21:42:59.578+08:00 INFO  o.s.b.a.l.ConditionEvaluationReportLogger : 

Error starting ApplicationContext. To display the condition evaluation report re-run your application with 'debug' enabled.
2026-08-26T21:42:59.608+08:00 ERROR o.s.boot.SpringApplication : Application run failed
org.springframework.beans.factory.UnsatisfiedDependencyException: Error creating bean with name 'appointmentController': Unsatisfied dependency expressed through field 'appointmentService': Error creating bean with name 'appointmentService' defined in file [H:\2026\lesson-appointment\api\target\classes\com\reservation\service\AppointmentService.class]: Failed to instantiate [com.reservation.service.AppointmentService]: Constructor threw exception
	at org.springframework.beans.factory.annotation.AutowiredAnnotationBeanPostProcessor$AutowiredFieldElement.resolveFieldValue(AutowiredAnnotationBeanPostProcessor.java:788)
	at org.springframework.beans.factory.annotation.AutowiredAnnotationBeanPostProcessor$AutowiredFieldElement.inject(AutowiredAnnotationBeanPostProcessor.java:768)
	at org.springframework.beans.factory.annotation.InjectionMetadata.inject(InjectionMetadata.java:145)
	at org.springframework.beans.factory.annotation.AutowiredAnnotationBeanPostProcessor.postProcessProperties(AutowiredAnnotationBeanPostProcessor.java:509)
	at org.springframework.beans.factory.support.AbstractAutowireCapableBeanFactory.populateBean(AbstractAutowireCapableBeanFactory.java:1439)
	at org.springframework.beans.factory.support.AbstractAutowireCapableBeanFactory.doCreateBean(AbstractAutowireCapableBeanFactory.java:599)
	at org.springframework.beans.factory.support.AbstractAutowireCapableBeanFactory.createBean(AbstractAutowireCapableBeanFactory.java:522)
	at org.springframework.beans.factory.support.AbstractBeanFactory.lambda$doGetBean$0(AbstractBeanFactory.java:337)
	at org.springframework.beans.factory.support.DefaultSingletonBeanRegistry.getSingleton(DefaultSingletonBeanRegistry.java:234)
	at org.springframework.beans.factory.support.AbstractBeanFactory.doGetBean(AbstractBeanFactory.java:335)
	at org.springframework.beans.factory.support.AbstractBeanFactory.getBean(AbstractBeanFactory.java:200)
	at org.springframework.beans.factory.support.DefaultListableBeanFactory.preInstantiateSingletons(DefaultListableBeanFactory.java:975)
	at org.springframework.context.support.AbstractApplicationContext.finishBeanFactoryInitialization(AbstractApplicationContext.java:971)
	at org.springframework.context.support.AbstractApplicationContext.refresh(AbstractApplicationContext.java:625)
	at org.springframework.boot.web.servlet.context.ServletWebServerApplicationContext.refresh(ServletWebServerApplicationContext.java:146)
	at org.springframework.boot.SpringApplication.refresh(SpringApplication.java:754)
	at org.springframework.boot.SpringApplication.refreshContext(SpringApplication.java:456)
	at org.springframework.boot.SpringApplication.run(SpringApplication.java:335)
	at org.springframework.boot.SpringApplication.run(SpringApplication.java:1363)
	at org.springframework.boot.SpringApplication.run(SpringApplication.java:1352)
	at com.reservation.SpringBootMergeApplication.main(SpringBootMergeApplication.java:21)
	at java.base/jdk.internal.reflect.DirectMethodHandleAccessor.invoke(DirectMethodHandleAccessor.java:103)
	at java.base/java.lang.reflect.Method.invoke(Method.java:580)
	at org.springframework.boot.devtools.restart.RestartLauncher.run(RestartLauncher.java:50)
Caused by: org.springframework.beans.factory.BeanCreationException: Error creating bean with name 'appointmentService' defined in file [H:\2026\lesson-appointment\api\target\classes\com\reservation\service\AppointmentService.class]: Failed to instantiate [com.reservation.service.AppointmentService]: Constructor threw exception
	at org.springframework.beans.factory.support.AbstractAutowireCapableBeanFactory.instantiateBean(AbstractAutowireCapableBeanFactory.java:1337)
	at org.springframework.beans.factory.support.AbstractAutowireCapableBeanFactory.createBeanInstance(AbstractAutowireCapableBeanFactory.java:1222)
	at org.springframework.beans.factory.support.AbstractAutowireCapableBeanFactory.doCreateBean(AbstractAutowireCapableBeanFactory.java:562)
	at org.springframework.beans.factory.support.AbstractAutowireCapableBeanFactory.createBean(AbstractAutowireCapableBeanFactory.java:522)
	at org.springframework.beans.factory.support.AbstractBeanFactory.lambda$doGetBean$0(AbstractBeanFactory.java:337)
	at org.springframework.beans.factory.support.DefaultSingletonBeanRegistry.getSingleton(DefaultSingletonBeanRegistry.java:234)
	at org.springframework.beans.factory.support.AbstractBeanFactory.doGetBean(AbstractBeanFactory.java:335)
	at org.springframework.beans.factory.support.AbstractBeanFactory.getBean(AbstractBeanFactory.java:200)
	at org.springframework.beans.factory.config.DependencyDescriptor.resolveCandidate(DependencyDescriptor.java:254)
	at org.springframework.beans.factory.support.DefaultListableBeanFactory.doResolveDependency(DefaultListableBeanFactory.java:1443)
	at org.springframework.beans.factory.support.DefaultListableBeanFactory.resolveDependency(DefaultListableBeanFactory.java:1353)
	at org.springframework.beans.factory.annotation.AutowiredAnnotationBeanPostProcessor$AutowiredFieldElement.resolveFieldValue(AutowiredAnnotationBeanPostProcessor.java:785)
	... 23 common frames omitted
Caused by: org.springframework.beans.BeanInstantiationException: Failed to instantiate [com.reservation.service.AppointmentService]: Constructor threw exception
	at org.springframework.beans.BeanUtils.instantiateClass(BeanUtils.java:221)
	at org.springframework.beans.factory.support.SimpleInstantiationStrategy.instantiate(SimpleInstantiationStrategy.java:94)
	at org.springframework.beans.factory.support.AbstractAutowireCapableBeanFactory.instantiateBean(AbstractAutowireCapableBeanFactory.java:1331)
	... 34 common frames omitted
Caused by: java.lang.Error: Unresolved compilation problems: 
	The import jakarta.annotation cannot be resolved
	Resource cannot be resolved to a type
	Syntax error on token ".", delete this token
	pageNum cannot be resolved to a variable
	pageSize cannot be resolved to a variable
	pageSize cannot be resolved to a variable

	at com.reservation.service.AppointmentService.<init>(AppointmentService.java:19)
	at java.base/jdk.internal.reflect.DirectConstructorHandleAccessor.newInstance(DirectConstructorHandleAccessor.java:62)
	at java.base/java.lang.reflect.Constructor.newInstanceWithCaller(Constructor.java:502)
	at java.base/java.lang.reflect.Constructor.newInstance(Constructor.java:486)
	at org.springframework.beans.BeanUtils.instantiateClass(BeanUtils.java:195)
	... 36 common frames omitted
2026-08-26T21:43:21.871+08:00 INFO  c.r.SpringBootMergeApplication : Starting SpringBootMergeApplication using Java 21.0.8 with PID 24452 (H:\2026\lesson-appointment\api\target\classes started by Administrator in H:\2026\lesson-appointment\api)
2026-08-26T21:43:21.874+08:00 INFO  c.r.SpringBootMergeApplication : No active profile set, falling back to 1 default profile: "default"
2026-08-26T21:43:23.625+08:00 INFO  o.s.b.w.e.tomcat.TomcatWebServer : Tomcat initialized with port 8081 (http)
2026-08-26T21:43:23.636+08:00 INFO  o.a.coyote.http11.Http11NioProtocol : Initializing ProtocolHandler ["http-nio-8081"]
2026-08-26T21:43:23.655+08:00 INFO  o.a.catalina.core.StandardService : Starting service [Tomcat]
2026-08-26T21:43:23.713+08:00 INFO  o.a.catalina.core.StandardEngine : Starting Servlet engine: [Apache Tomcat/10.1.31]
2026-08-26T21:43:23.760+08:00 INFO  o.a.c.c.C.[.[localhost].[/] : Initializing Spring embedded WebApplicationContext
2026-08-26T21:43:23.867+08:00 INFO  o.s.b.w.s.c.ServletWebServerApplicationContext : Root WebApplicationContext: initialization completed in 1989 ms
2026-08-26T21:43:24.646+08:00 WARN  c.b.m.core.injector.methods.Insert : [com.reservation.mapper.AuditLogMapper.insert] Has been loaded by XML or SqlProvider or Mybatis's Annotation, so ignoring this injection for [class com.baomidou.mybatisplus.core.injector.methods.Insert]
2026-08-26T21:43:24.842+08:00 WARN  c.b.m.c.injector.methods.SelectList : [com.reservation.mapper.BookingMapper.selectList] Has been loaded by XML or SqlProvider or Mybatis's Annotation, so ignoring this injection for [class com.baomidou.mybatisplus.core.injector.methods.SelectList]
2026-08-26T21:43:25.008+08:00 WARN  c.b.m.c.injector.methods.SelectById : [com.reservation.mapper.BookingMapper.selectById] Has been loaded by XML or SqlProvider or Mybatis's Annotation, so ignoring this injection for [class com.baomidou.mybatisplus.core.injector.methods.SelectById]
2026-08-26T21:43:25.141+08:00 WARN  c.b.m.core.injector.methods.Update : [com.reservation.mapper.CourseScheduleMapper.update] Has been loaded by XML or SqlProvider or Mybatis's Annotation, so ignoring this injection for [class com.baomidou.mybatisplus.core.injector.methods.Update]
2026-08-26T21:43:25.733+08:00 WARN  o.s.b.w.s.c.AnnotationConfigServletWebServerApplicationContext : Exception encountered during context initialization - cancelling refresh attempt: org.springframework.beans.factory.UnsatisfiedDependencyException: Error creating bean with name 'appointmentController': Unsatisfied dependency expressed through field 'appointmentService': Error creating bean with name 'appointmentService' defined in file [H:\2026\lesson-appointment\api\target\classes\com\reservation\service\AppointmentService.class]: Failed to instantiate [com.reservation.service.AppointmentService]: Constructor threw exception
2026-08-26T21:43:25.795+08:00 INFO  o.a.catalina.core.StandardService : Stopping service [Tomcat]
2026-08-26T21:43:25.940+08:00 INFO  o.s.b.a.l.ConditionEvaluationReportLogger : 

Error starting ApplicationContext. To display the condition evaluation report re-run your application with 'debug' enabled.
2026-08-26T21:43:26.054+08:00 ERROR o.s.boot.SpringApplication : Application run failed
org.springframework.beans.factory.UnsatisfiedDependencyException: Error creating bean with name 'appointmentController': Unsatisfied dependency expressed through field 'appointmentService': Error creating bean with name 'appointmentService' defined in file [H:\2026\lesson-appointment\api\target\classes\com\reservation\service\AppointmentService.class]: Failed to instantiate [com.reservation.service.AppointmentService]: Constructor threw exception
	at org.springframework.beans.factory.annotation.AutowiredAnnotationBeanPostProcessor$AutowiredFieldElement.resolveFieldValue(AutowiredAnnotationBeanPostProcessor.java:788)
	at org.springframework.beans.factory.annotation.AutowiredAnnotationBeanPostProcessor$AutowiredFieldElement.inject(AutowiredAnnotationBeanPostProcessor.java:768)
	at org.springframework.beans.factory.annotation.InjectionMetadata.inject(InjectionMetadata.java:145)
	at org.springframework.beans.factory.annotation.AutowiredAnnotationBeanPostProcessor.postProcessProperties(AutowiredAnnotationBeanPostProcessor.java:509)
	at org.springframework.beans.factory.support.AbstractAutowireCapableBeanFactory.populateBean(AbstractAutowireCapableBeanFactory.java:1439)
	at org.springframework.beans.factory.support.AbstractAutowireCapableBeanFactory.doCreateBean(AbstractAutowireCapableBeanFactory.java:599)
	at org.springframework.beans.factory.support.AbstractAutowireCapableBeanFactory.createBean(AbstractAutowireCapableBeanFactory.java:522)
	at org.springframework.beans.factory.support.AbstractBeanFactory.lambda$doGetBean$0(AbstractBeanFactory.java:337)
	at org.springframework.beans.factory.support.DefaultSingletonBeanRegistry.getSingleton(DefaultSingletonBeanRegistry.java:234)
	at org.springframework.beans.factory.support.AbstractBeanFactory.doGetBean(AbstractBeanFactory.java:335)
	at org.springframework.beans.factory.support.AbstractBeanFactory.getBean(AbstractBeanFactory.java:200)
	at org.springframework.beans.factory.support.DefaultListableBeanFactory.preInstantiateSingletons(DefaultListableBeanFactory.java:975)
	at org.springframework.context.support.AbstractApplicationContext.finishBeanFactoryInitialization(AbstractApplicationContext.java:971)
	at org.springframework.context.support.AbstractApplicationContext.refresh(AbstractApplicationContext.java:625)
	at org.springframework.boot.web.servlet.context.ServletWebServerApplicationContext.refresh(ServletWebServerApplicationContext.java:146)
	at org.springframework.boot.SpringApplication.refresh(SpringApplication.java:754)
	at org.springframework.boot.SpringApplication.refreshContext(SpringApplication.java:456)
	at org.springframework.boot.SpringApplication.run(SpringApplication.java:335)
	at org.springframework.boot.SpringApplication.run(SpringApplication.java:1363)
	at org.springframework.boot.SpringApplication.run(SpringApplication.java:1352)
	at com.reservation.SpringBootMergeApplication.main(SpringBootMergeApplication.java:21)
	at java.base/jdk.internal.reflect.DirectMethodHandleAccessor.invoke(DirectMethodHandleAccessor.java:103)
	at java.base/java.lang.reflect.Method.invoke(Method.java:580)
	at org.springframework.boot.devtools.restart.RestartLauncher.run(RestartLauncher.java:50)
Caused by: org.springframework.beans.factory.BeanCreationException: Error creating bean with name 'appointmentService' defined in file [H:\2026\lesson-appointment\api\target\classes\com\reservation\service\AppointmentService.class]: Failed to instantiate [com.reservation.service.AppointmentService]: Constructor threw exception
	at org.springframework.beans.factory.support.AbstractAutowireCapableBeanFactory.instantiateBean(AbstractAutowireCapableBeanFactory.java:1337)
	at org.springframework.beans.factory.support.AbstractAutowireCapableBeanFactory.createBeanInstance(AbstractAutowireCapableBeanFactory.java:1222)
	at org.springframework.beans.factory.support.AbstractAutowireCapableBeanFactory.doCreateBean(AbstractAutowireCapableBeanFactory.java:562)
	at org.springframework.beans.factory.support.AbstractAutowireCapableBeanFactory.createBean(AbstractAutowireCapableBeanFactory.java:522)
	at org.springframework.beans.factory.support.AbstractBeanFactory.lambda$doGetBean$0(AbstractBeanFactory.java:337)
	at org.springframework.beans.factory.support.DefaultSingletonBeanRegistry.getSingleton(DefaultSingletonBeanRegistry.java:234)
	at org.springframework.beans.factory.support.AbstractBeanFactory.doGetBean(AbstractBeanFactory.java:335)
	at org.springframework.beans.factory.support.AbstractBeanFactory.getBean(AbstractBeanFactory.java:200)
	at org.springframework.beans.factory.config.DependencyDescriptor.resolveCandidate(DependencyDescriptor.java:254)
	at org.springframework.beans.factory.support.DefaultListableBeanFactory.doResolveDependency(DefaultListableBeanFactory.java:1443)
	at org.springframework.beans.factory.support.DefaultListableBeanFactory.resolveDependency(DefaultListableBeanFactory.java:1353)
	at org.springframework.beans.factory.annotation.AutowiredAnnotationBeanPostProcessor$AutowiredFieldElement.resolveFieldValue(AutowiredAnnotationBeanPostProcessor.java:785)
	... 23 common frames omitted
Caused by: org.springframework.beans.BeanInstantiationException: Failed to instantiate [com.reservation.service.AppointmentService]: Constructor threw exception
	at org.springframework.beans.BeanUtils.instantiateClass(BeanUtils.java:221)
	at org.springframework.beans.factory.support.SimpleInstantiationStrategy.instantiate(SimpleInstantiationStrategy.java:94)
	at org.springframework.beans.factory.support.AbstractAutowireCapableBeanFactory.instantiateBean(AbstractAutowireCapableBeanFactory.java:1331)
	... 34 common frames omitted
Caused by: java.lang.Error: Unresolved compilation problems: 
	The import jakarta.annotation cannot be resolved
	Resource cannot be resolved to a type
	Syntax error on token ".", delete this token
	pageNum cannot be resolved to a variable
	pageSize cannot be resolved to a variable
	pageSize cannot be resolved to a variable

	at com.reservation.service.AppointmentService.<init>(AppointmentService.java:19)
	at java.base/jdk.internal.reflect.DirectConstructorHandleAccessor.newInstance(DirectConstructorHandleAccessor.java:62)
	at java.base/java.lang.reflect.Constructor.newInstanceWithCaller(Constructor.java:502)
	at java.base/java.lang.reflect.Constructor.newInstance(Constructor.java:486)
	at org.springframework.beans.BeanUtils.instantiateClass(BeanUtils.java:195)
	... 36 common frames omitted
2026-08-26T21:43:29.556+08:00 INFO  c.r.SpringBootMergeApplication : Starting SpringBootMergeApplication using Java 21.0.8 with PID 24452 (H:\2026\lesson-appointment\api\target\classes started by Administrator in H:\2026\lesson-appointment\api)
2026-08-26T21:43:29.579+08:00 INFO  c.r.SpringBootMergeApplication : No active profile set, falling back to 1 default profile: "default"
2026-08-26T21:43:31.297+08:00 INFO  o.s.b.w.e.tomcat.TomcatWebServer : Tomcat initialized with port 8081 (http)
2026-08-26T21:43:31.406+08:00 INFO  o.a.coyote.http11.Http11NioProtocol : Initializing ProtocolHandler ["http-nio-8081"]
2026-08-26T21:43:31.454+08:00 INFO  o.a.catalina.core.StandardService : Starting service [Tomcat]
2026-08-26T21:43:31.512+08:00 INFO  o.a.catalina.core.StandardEngine : Starting Servlet engine: [Apache Tomcat/10.1.31]
2026-08-26T21:43:31.580+08:00 INFO  o.a.c.c.C.[.[localhost].[/] : Initializing Spring embedded WebApplicationContext
2026-08-26T21:43:31.614+08:00 INFO  o.s.b.w.s.c.ServletWebServerApplicationContext : Root WebApplicationContext: initialization completed in 1974 ms
2026-08-26T21:43:31.907+08:00 WARN  c.b.m.core.injector.methods.Insert : [com.reservation.mapper.AuditLogMapper.insert] Has been loaded by XML or SqlProvider or Mybatis's Annotation, so ignoring this injection for [class com.baomidou.mybatisplus.core.injector.methods.Insert]
2026-08-26T21:43:32.003+08:00 WARN  c.b.m.c.injector.methods.SelectList : [com.reservation.mapper.BookingMapper.selectList] Has been loaded by XML or SqlProvider or Mybatis's Annotation, so ignoring this injection for [class com.baomidou.mybatisplus.core.injector.methods.SelectList]
2026-08-26T21:43:32.088+08:00 WARN  c.b.m.c.injector.methods.SelectById : [com.reservation.mapper.BookingMapper.selectById] Has been loaded by XML or SqlProvider or Mybatis's Annotation, so ignoring this injection for [class com.baomidou.mybatisplus.core.injector.methods.SelectById]
2026-08-26T21:43:32.292+08:00 WARN  c.b.m.core.injector.methods.Update : [com.reservation.mapper.CourseScheduleMapper.update] Has been loaded by XML or SqlProvider or Mybatis's Annotation, so ignoring this injection for [class com.baomidou.mybatisplus.core.injector.methods.Update]
2026-08-26T21:43:33.120+08:00 WARN  o.s.b.w.s.c.AnnotationConfigServletWebServerApplicationContext : Exception encountered during context initialization - cancelling refresh attempt: org.springframework.beans.factory.UnsatisfiedDependencyException: Error creating bean with name 'appointmentController': Unsatisfied dependency expressed through field 'appointmentService': Error creating bean with name 'appointmentService' defined in file [H:\2026\lesson-appointment\api\target\classes\com\reservation\service\AppointmentService.class]: Failed to instantiate [com.reservation.service.AppointmentService]: Constructor threw exception
2026-08-26T21:43:33.313+08:00 INFO  o.a.catalina.core.StandardService : Stopping service [Tomcat]
2026-08-26T21:43:33.445+08:00 INFO  o.s.b.a.l.ConditionEvaluationReportLogger : 

Error starting ApplicationContext. To display the condition evaluation report re-run your application with 'debug' enabled.
2026-08-26T21:43:33.475+08:00 ERROR o.s.boot.SpringApplication : Application run failed
org.springframework.beans.factory.UnsatisfiedDependencyException: Error creating bean with name 'appointmentController': Unsatisfied dependency expressed through field 'appointmentService': Error creating bean with name 'appointmentService' defined in file [H:\2026\lesson-appointment\api\target\classes\com\reservation\service\AppointmentService.class]: Failed to instantiate [com.reservation.service.AppointmentService]: Constructor threw exception
	at org.springframework.beans.factory.annotation.AutowiredAnnotationBeanPostProcessor$AutowiredFieldElement.resolveFieldValue(AutowiredAnnotationBeanPostProcessor.java:788)
	at org.springframework.beans.factory.annotation.AutowiredAnnotationBeanPostProcessor$AutowiredFieldElement.inject(AutowiredAnnotationBeanPostProcessor.java:768)
	at org.springframework.beans.factory.annotation.InjectionMetadata.inject(InjectionMetadata.java:145)
	at org.springframework.beans.factory.annotation.AutowiredAnnotationBeanPostProcessor.postProcessProperties(AutowiredAnnotationBeanPostProcessor.java:509)
	at org.springframework.beans.factory.support.AbstractAutowireCapableBeanFactory.populateBean(AbstractAutowireCapableBeanFactory.java:1439)
	at org.springframework.beans.factory.support.AbstractAutowireCapableBeanFactory.doCreateBean(AbstractAutowireCapableBeanFactory.java:599)
	at org.springframework.beans.factory.support.AbstractAutowireCapableBeanFactory.createBean(AbstractAutowireCapableBeanFactory.java:522)
	at org.springframework.beans.factory.support.AbstractBeanFactory.lambda$doGetBean$0(AbstractBeanFactory.java:337)
	at org.springframework.beans.factory.support.DefaultSingletonBeanRegistry.getSingleton(DefaultSingletonBeanRegistry.java:234)
	at org.springframework.beans.factory.support.AbstractBeanFactory.doGetBean(AbstractBeanFactory.java:335)
	at org.springframework.beans.factory.support.AbstractBeanFactory.getBean(AbstractBeanFactory.java:200)
	at org.springframework.beans.factory.support.DefaultListableBeanFactory.preInstantiateSingletons(DefaultListableBeanFactory.java:975)
	at org.springframework.context.support.AbstractApplicationContext.finishBeanFactoryInitialization(AbstractApplicationContext.java:971)
	at org.springframework.context.support.AbstractApplicationContext.refresh(AbstractApplicationContext.java:625)
	at org.springframework.boot.web.servlet.context.ServletWebServerApplicationContext.refresh(ServletWebServerApplicationContext.java:146)
	at org.springframework.boot.SpringApplication.refresh(SpringApplication.java:754)
	at org.springframework.boot.SpringApplication.refreshContext(SpringApplication.java:456)
	at org.springframework.boot.SpringApplication.run(SpringApplication.java:335)
	at org.springframework.boot.SpringApplication.run(SpringApplication.java:1363)
	at org.springframework.boot.SpringApplication.run(SpringApplication.java:1352)
	at com.reservation.SpringBootMergeApplication.main(SpringBootMergeApplication.java:21)
	at java.base/jdk.internal.reflect.DirectMethodHandleAccessor.invoke(DirectMethodHandleAccessor.java:103)
	at java.base/java.lang.reflect.Method.invoke(Method.java:580)
	at org.springframework.boot.devtools.restart.RestartLauncher.run(RestartLauncher.java:50)
Caused by: org.springframework.beans.factory.BeanCreationException: Error creating bean with name 'appointmentService' defined in file [H:\2026\lesson-appointment\api\target\classes\com\reservation\service\AppointmentService.class]: Failed to instantiate [com.reservation.service.AppointmentService]: Constructor threw exception
	at org.springframework.beans.factory.support.AbstractAutowireCapableBeanFactory.instantiateBean(AbstractAutowireCapableBeanFactory.java:1337)
	at org.springframework.beans.factory.support.AbstractAutowireCapableBeanFactory.createBeanInstance(AbstractAutowireCapableBeanFactory.java:1222)
	at org.springframework.beans.factory.support.AbstractAutowireCapableBeanFactory.doCreateBean(AbstractAutowireCapableBeanFactory.java:562)
	at org.springframework.beans.factory.support.AbstractAutowireCapableBeanFactory.createBean(AbstractAutowireCapableBeanFactory.java:522)
	at org.springframework.beans.factory.support.AbstractBeanFactory.lambda$doGetBean$0(AbstractBeanFactory.java:337)
	at org.springframework.beans.factory.support.DefaultSingletonBeanRegistry.getSingleton(DefaultSingletonBeanRegistry.java:234)
	at org.springframework.beans.factory.support.AbstractBeanFactory.doGetBean(AbstractBeanFactory.java:335)
	at org.springframework.beans.factory.support.AbstractBeanFactory.getBean(AbstractBeanFactory.java:200)
	at org.springframework.beans.factory.config.DependencyDescriptor.resolveCandidate(DependencyDescriptor.java:254)
	at org.springframework.beans.factory.support.DefaultListableBeanFactory.doResolveDependency(DefaultListableBeanFactory.java:1443)
	at org.springframework.beans.factory.support.DefaultListableBeanFactory.resolveDependency(DefaultListableBeanFactory.java:1353)
	at org.springframework.beans.factory.annotation.AutowiredAnnotationBeanPostProcessor$AutowiredFieldElement.resolveFieldValue(AutowiredAnnotationBeanPostProcessor.java:785)
	... 23 common frames omitted
Caused by: org.springframework.beans.BeanInstantiationException: Failed to instantiate [com.reservation.service.AppointmentService]: Constructor threw exception
	at org.springframework.beans.BeanUtils.instantiateClass(BeanUtils.java:221)
	at org.springframework.beans.factory.support.SimpleInstantiationStrategy.instantiate(SimpleInstantiationStrategy.java:94)
	at org.springframework.beans.factory.support.AbstractAutowireCapableBeanFactory.instantiateBean(AbstractAutowireCapableBeanFactory.java:1331)
	... 34 common frames omitted
Caused by: java.lang.Error: Unresolved compilation problems: 
	The import jakarta.annotation cannot be resolved
	Resource cannot be resolved to a type
	pageNum cannot be resolved to a variable
	pageSize cannot be resolved to a variable
	pageSize cannot be resolved to a variable

	at com.reservation.service.AppointmentService.<init>(AppointmentService.java:19)
	at java.base/jdk.internal.reflect.DirectConstructorHandleAccessor.newInstance(DirectConstructorHandleAccessor.java:62)
	at java.base/java.lang.reflect.Constructor.newInstanceWithCaller(Constructor.java:502)
	at java.base/java.lang.reflect.Constructor.newInstance(Constructor.java:486)
	at org.springframework.beans.BeanUtils.instantiateClass(BeanUtils.java:195)
	... 36 common frames omitted
2026-08-26T21:43:37.601+08:00 INFO  c.r.SpringBootMergeApplication : Starting SpringBootMergeApplication using Java 21.0.8 with PID 24452 (H:\2026\lesson-appointment\api\target\classes started by Administrator in H:\2026\lesson-appointment\api)
2026-08-26T21:43:37.602+08:00 INFO  c.r.SpringBootMergeApplication : No active profile set, falling back to 1 default profile: "default"
2026-08-26T21:43:39.282+08:00 INFO  o.s.b.w.e.tomcat.TomcatWebServer : Tomcat initialized with port 8081 (http)
2026-08-26T21:43:39.395+08:00 INFO  o.a.coyote.http11.Http11NioProtocol : Initializing ProtocolHandler ["http-nio-8081"]
2026-08-26T21:43:39.496+08:00 INFO  o.a.catalina.core.StandardService : Starting service [Tomcat]
2026-08-26T21:43:39.628+08:00 INFO  o.a.catalina.core.StandardEngine : Starting Servlet engine: [Apache Tomcat/10.1.31]
2026-08-26T21:43:39.876+08:00 INFO  o.a.c.c.C.[.[localhost].[/] : Initializing Spring embedded WebApplicationContext
2026-08-26T21:43:39.937+08:00 INFO  o.s.b.w.s.c.ServletWebServerApplicationContext : Root WebApplicationContext: initialization completed in 2331 ms
2026-08-26T21:43:40.200+08:00 WARN  c.b.m.core.injector.methods.Insert : [com.reservation.mapper.AuditLogMapper.insert] Has been loaded by XML or SqlProvider or Mybatis's Annotation, so ignoring this injection for [class com.baomidou.mybatisplus.core.injector.methods.Insert]
2026-08-26T21:43:40.240+08:00 WARN  c.b.m.c.injector.methods.SelectList : [com.reservation.mapper.BookingMapper.selectList] Has been loaded by XML or SqlProvider or Mybatis's Annotation, so ignoring this injection for [class com.baomidou.mybatisplus.core.injector.methods.SelectList]
2026-08-26T21:43:40.269+08:00 WARN  c.b.m.c.injector.methods.SelectById : [com.reservation.mapper.BookingMapper.selectById] Has been loaded by XML or SqlProvider or Mybatis's Annotation, so ignoring this injection for [class com.baomidou.mybatisplus.core.injector.methods.SelectById]
2026-08-26T21:43:40.463+08:00 WARN  c.b.m.core.injector.methods.Update : [com.reservation.mapper.CourseScheduleMapper.update] Has been loaded by XML or SqlProvider or Mybatis's Annotation, so ignoring this injection for [class com.baomidou.mybatisplus.core.injector.methods.Update]
2026-08-26T21:43:40.745+08:00 WARN  o.s.b.w.s.c.AnnotationConfigServletWebServerApplicationContext : Exception encountered during context initialization - cancelling refresh attempt: org.springframework.beans.factory.UnsatisfiedDependencyException: Error creating bean with name 'appointmentController': Unsatisfied dependency expressed through field 'appointmentService': Error creating bean with name 'appointmentService' defined in file [H:\2026\lesson-appointment\api\target\classes\com\reservation\service\AppointmentService.class]: Failed to instantiate [com.reservation.service.AppointmentService]: Constructor threw exception
2026-08-26T21:43:40.749+08:00 INFO  o.a.catalina.core.StandardService : Stopping service [Tomcat]
2026-08-26T21:43:40.764+08:00 INFO  o.s.b.a.l.ConditionEvaluationReportLogger : 

Error starting ApplicationContext. To display the condition evaluation report re-run your application with 'debug' enabled.
2026-08-26T21:43:40.825+08:00 ERROR o.s.boot.SpringApplication : Application run failed
org.springframework.beans.factory.UnsatisfiedDependencyException: Error creating bean with name 'appointmentController': Unsatisfied dependency expressed through field 'appointmentService': Error creating bean with name 'appointmentService' defined in file [H:\2026\lesson-appointment\api\target\classes\com\reservation\service\AppointmentService.class]: Failed to instantiate [com.reservation.service.AppointmentService]: Constructor threw exception
	at org.springframework.beans.factory.annotation.AutowiredAnnotationBeanPostProcessor$AutowiredFieldElement.resolveFieldValue(AutowiredAnnotationBeanPostProcessor.java:788)
	at org.springframework.beans.factory.annotation.AutowiredAnnotationBeanPostProcessor$AutowiredFieldElement.inject(AutowiredAnnotationBeanPostProcessor.java:768)
	at org.springframework.beans.factory.annotation.InjectionMetadata.inject(InjectionMetadata.java:145)
	at org.springframework.beans.factory.annotation.AutowiredAnnotationBeanPostProcessor.postProcessProperties(AutowiredAnnotationBeanPostProcessor.java:509)
	at org.springframework.beans.factory.support.AbstractAutowireCapableBeanFactory.populateBean(AbstractAutowireCapableBeanFactory.java:1439)
	at org.springframework.beans.factory.support.AbstractAutowireCapableBeanFactory.doCreateBean(AbstractAutowireCapableBeanFactory.java:599)
	at org.springframework.beans.factory.support.AbstractAutowireCapableBeanFactory.createBean(AbstractAutowireCapableBeanFactory.java:522)
	at org.springframework.beans.factory.support.AbstractBeanFactory.lambda$doGetBean$0(AbstractBeanFactory.java:337)
	at org.springframework.beans.factory.support.DefaultSingletonBeanRegistry.getSingleton(DefaultSingletonBeanRegistry.java:234)
	at org.springframework.beans.factory.support.AbstractBeanFactory.doGetBean(AbstractBeanFactory.java:335)
	at org.springframework.beans.factory.support.AbstractBeanFactory.getBean(AbstractBeanFactory.java:200)
	at org.springframework.beans.factory.support.DefaultListableBeanFactory.preInstantiateSingletons(DefaultListableBeanFactory.java:975)
	at org.springframework.context.support.AbstractApplicationContext.finishBeanFactoryInitialization(AbstractApplicationContext.java:971)
	at org.springframework.context.support.AbstractApplicationContext.refresh(AbstractApplicationContext.java:625)
	at org.springframework.boot.web.servlet.context.ServletWebServerApplicationContext.refresh(ServletWebServerApplicationContext.java:146)
	at org.springframework.boot.SpringApplication.refresh(SpringApplication.java:754)
	at org.springframework.boot.SpringApplication.refreshContext(SpringApplication.java:456)
	at org.springframework.boot.SpringApplication.run(SpringApplication.java:335)
	at org.springframework.boot.SpringApplication.run(SpringApplication.java:1363)
	at org.springframework.boot.SpringApplication.run(SpringApplication.java:1352)
	at com.reservation.SpringBootMergeApplication.main(SpringBootMergeApplication.java:21)
	at java.base/jdk.internal.reflect.DirectMethodHandleAccessor.invoke(DirectMethodHandleAccessor.java:103)
	at java.base/java.lang.reflect.Method.invoke(Method.java:580)
	at org.springframework.boot.devtools.restart.RestartLauncher.run(RestartLauncher.java:50)
Caused by: org.springframework.beans.factory.BeanCreationException: Error creating bean with name 'appointmentService' defined in file [H:\2026\lesson-appointment\api\target\classes\com\reservation\service\AppointmentService.class]: Failed to instantiate [com.reservation.service.AppointmentService]: Constructor threw exception
	at org.springframework.beans.factory.support.AbstractAutowireCapableBeanFactory.instantiateBean(AbstractAutowireCapableBeanFactory.java:1337)
	at org.springframework.beans.factory.support.AbstractAutowireCapableBeanFactory.createBeanInstance(AbstractAutowireCapableBeanFactory.java:1222)
	at org.springframework.beans.factory.support.AbstractAutowireCapableBeanFactory.doCreateBean(AbstractAutowireCapableBeanFactory.java:562)
	at org.springframework.beans.factory.support.AbstractAutowireCapableBeanFactory.createBean(AbstractAutowireCapableBeanFactory.java:522)
	at org.springframework.beans.factory.support.AbstractBeanFactory.lambda$doGetBean$0(AbstractBeanFactory.java:337)
	at org.springframework.beans.factory.support.DefaultSingletonBeanRegistry.getSingleton(DefaultSingletonBeanRegistry.java:234)
	at org.springframework.beans.factory.support.AbstractBeanFactory.doGetBean(AbstractBeanFactory.java:335)
	at org.springframework.beans.factory.support.AbstractBeanFactory.getBean(AbstractBeanFactory.java:200)
	at org.springframework.beans.factory.config.DependencyDescriptor.resolveCandidate(DependencyDescriptor.java:254)
	at org.springframework.beans.factory.support.DefaultListableBeanFactory.doResolveDependency(DefaultListableBeanFactory.java:1443)
	at org.springframework.beans.factory.support.DefaultListableBeanFactory.resolveDependency(DefaultListableBeanFactory.java:1353)
	at org.springframework.beans.factory.annotation.AutowiredAnnotationBeanPostProcessor$AutowiredFieldElement.resolveFieldValue(AutowiredAnnotationBeanPostProcessor.java:785)
	... 23 common frames omitted
Caused by: org.springframework.beans.BeanInstantiationException: Failed to instantiate [com.reservation.service.AppointmentService]: Constructor threw exception
	at org.springframework.beans.BeanUtils.instantiateClass(BeanUtils.java:221)
	at org.springframework.beans.factory.support.SimpleInstantiationStrategy.instantiate(SimpleInstantiationStrategy.java:94)
	at org.springframework.beans.factory.support.AbstractAutowireCapableBeanFactory.instantiateBean(AbstractAutowireCapableBeanFactory.java:1331)
	... 34 common frames omitted
Caused by: java.lang.Error: Unresolved compilation problems: 
	The import jakarta.annotation cannot be resolved
	Resource cannot be resolved to a type
	pageNum cannot be resolved to a variable
	pageSize cannot be resolved to a variable
	pageSize cannot be resolved to a variable

	at com.reservation.service.AppointmentService.<init>(AppointmentService.java:19)
	at java.base/jdk.internal.reflect.DirectConstructorHandleAccessor.newInstance(DirectConstructorHandleAccessor.java:62)
	at java.base/java.lang.reflect.Constructor.newInstanceWithCaller(Constructor.java:502)
	at java.base/java.lang.reflect.Constructor.newInstance(Constructor.java:486)
	at org.springframework.beans.BeanUtils.instantiateClass(BeanUtils.java:195)
	... 36 common frames omitted
2026-08-26T21:44:36.308+08:00 INFO  c.r.SpringBootMergeApplication : Starting SpringBootMergeApplication using Java 21.0.8 with PID 24452 (H:\2026\lesson-appointment\api\target\classes started by Administrator in H:\2026\lesson-appointment\api)
2026-08-26T21:44:36.408+08:00 INFO  c.r.SpringBootMergeApplication : No active profile set, falling back to 1 default profile: "default"
2026-08-26T21:44:39.571+08:00 INFO  o.s.b.w.e.tomcat.TomcatWebServer : Tomcat initialized with port 8081 (http)
2026-08-26T21:44:39.965+08:00 INFO  o.a.coyote.http11.Http11NioProtocol : Initializing ProtocolHandler ["http-nio-8081"]
2026-08-26T21:44:40.239+08:00 INFO  o.a.catalina.core.StandardService : Starting service [Tomcat]
2026-08-26T21:44:40.391+08:00 INFO  o.a.catalina.core.StandardEngine : Starting Servlet engine: [Apache Tomcat/10.1.31]
2026-08-26T21:44:41.219+08:00 INFO  o.a.c.c.C.[.[localhost].[/] : Initializing Spring embedded WebApplicationContext
2026-08-26T21:44:41.372+08:00 INFO  o.s.b.w.s.c.ServletWebServerApplicationContext : Root WebApplicationContext: initialization completed in 4905 ms
2026-08-26T21:44:42.211+08:00 WARN  c.b.m.core.injector.methods.Insert : [com.reservation.mapper.AuditLogMapper.insert] Has been loaded by XML or SqlProvider or Mybatis's Annotation, so ignoring this injection for [class com.baomidou.mybatisplus.core.injector.methods.Insert]
2026-08-26T21:44:46.935+08:00 WARN  c.b.m.c.injector.methods.SelectList : [com.reservation.mapper.BookingMapper.selectList] Has been loaded by XML or SqlProvider or Mybatis's Annotation, so ignoring this injection for [class com.baomidou.mybatisplus.core.injector.methods.SelectList]
2026-08-26T21:44:47.039+08:00 WARN  c.b.m.c.injector.methods.SelectById : [com.reservation.mapper.BookingMapper.selectById] Has been loaded by XML or SqlProvider or Mybatis's Annotation, so ignoring this injection for [class com.baomidou.mybatisplus.core.injector.methods.SelectById]
2026-08-26T21:44:47.215+08:00 WARN  c.b.m.core.injector.methods.Update : [com.reservation.mapper.CourseScheduleMapper.update] Has been loaded by XML or SqlProvider or Mybatis's Annotation, so ignoring this injection for [class com.baomidou.mybatisplus.core.injector.methods.Update]
2026-08-26T21:44:47.702+08:00 WARN  o.s.b.w.s.c.AnnotationConfigServletWebServerApplicationContext : Exception encountered during context initialization - cancelling refresh attempt: org.springframework.beans.factory.UnsatisfiedDependencyException: Error creating bean with name 'appointmentController': Unsatisfied dependency expressed through field 'appointmentService': Error creating bean with name 'appointmentService' defined in file [H:\2026\lesson-appointment\api\target\classes\com\reservation\service\AppointmentService.class]: Failed to instantiate [com.reservation.service.AppointmentService]: Constructor threw exception
2026-08-26T21:44:47.906+08:00 INFO  o.a.catalina.core.StandardService : Stopping service [Tomcat]
2026-08-26T21:44:48.129+08:00 INFO  o.s.b.a.l.ConditionEvaluationReportLogger : 

Error starting ApplicationContext. To display the condition evaluation report re-run your application with 'debug' enabled.
2026-08-26T21:44:48.325+08:00 ERROR o.s.boot.SpringApplication : Application run failed
org.springframework.beans.factory.UnsatisfiedDependencyException: Error creating bean with name 'appointmentController': Unsatisfied dependency expressed through field 'appointmentService': Error creating bean with name 'appointmentService' defined in file [H:\2026\lesson-appointment\api\target\classes\com\reservation\service\AppointmentService.class]: Failed to instantiate [com.reservation.service.AppointmentService]: Constructor threw exception
	at org.springframework.beans.factory.annotation.AutowiredAnnotationBeanPostProcessor$AutowiredFieldElement.resolveFieldValue(AutowiredAnnotationBeanPostProcessor.java:788)
	at org.springframework.beans.factory.annotation.AutowiredAnnotationBeanPostProcessor$AutowiredFieldElement.inject(AutowiredAnnotationBeanPostProcessor.java:768)
	at org.springframework.beans.factory.annotation.InjectionMetadata.inject(InjectionMetadata.java:145)
	at org.springframework.beans.factory.annotation.AutowiredAnnotationBeanPostProcessor.postProcessProperties(AutowiredAnnotationBeanPostProcessor.java:509)
	at org.springframework.beans.factory.support.AbstractAutowireCapableBeanFactory.populateBean(AbstractAutowireCapableBeanFactory.java:1439)
	at org.springframework.beans.factory.support.AbstractAutowireCapableBeanFactory.doCreateBean(AbstractAutowireCapableBeanFactory.java:599)
	at org.springframework.beans.factory.support.AbstractAutowireCapableBeanFactory.createBean(AbstractAutowireCapableBeanFactory.java:522)
	at org.springframework.beans.factory.support.AbstractBeanFactory.lambda$doGetBean$0(AbstractBeanFactory.java:337)
	at org.springframework.beans.factory.support.DefaultSingletonBeanRegistry.getSingleton(DefaultSingletonBeanRegistry.java:234)
	at org.springframework.beans.factory.support.AbstractBeanFactory.doGetBean(AbstractBeanFactory.java:335)
	at org.springframework.beans.factory.support.AbstractBeanFactory.getBean(AbstractBeanFactory.java:200)
	at org.springframework.beans.factory.support.DefaultListableBeanFactory.preInstantiateSingletons(DefaultListableBeanFactory.java:975)
	at org.springframework.context.support.AbstractApplicationContext.finishBeanFactoryInitialization(AbstractApplicationContext.java:971)
	at org.springframework.context.support.AbstractApplicationContext.refresh(AbstractApplicationContext.java:625)
	at org.springframework.boot.web.servlet.context.ServletWebServerApplicationContext.refresh(ServletWebServerApplicationContext.java:146)
	at org.springframework.boot.SpringApplication.refresh(SpringApplication.java:754)
	at org.springframework.boot.SpringApplication.refreshContext(SpringApplication.java:456)
	at org.springframework.boot.SpringApplication.run(SpringApplication.java:335)
	at org.springframework.boot.SpringApplication.run(SpringApplication.java:1363)
	at org.springframework.boot.SpringApplication.run(SpringApplication.java:1352)
	at com.reservation.SpringBootMergeApplication.main(SpringBootMergeApplication.java:21)
	at java.base/jdk.internal.reflect.DirectMethodHandleAccessor.invoke(DirectMethodHandleAccessor.java:103)
	at java.base/java.lang.reflect.Method.invoke(Method.java:580)
	at org.springframework.boot.devtools.restart.RestartLauncher.run(RestartLauncher.java:50)
Caused by: org.springframework.beans.factory.BeanCreationException: Error creating bean with name 'appointmentService' defined in file [H:\2026\lesson-appointment\api\target\classes\com\reservation\service\AppointmentService.class]: Failed to instantiate [com.reservation.service.AppointmentService]: Constructor threw exception
	at org.springframework.beans.factory.support.AbstractAutowireCapableBeanFactory.instantiateBean(AbstractAutowireCapableBeanFactory.java:1337)
	at org.springframework.beans.factory.support.AbstractAutowireCapableBeanFactory.createBeanInstance(AbstractAutowireCapableBeanFactory.java:1222)
	at org.springframework.beans.factory.support.AbstractAutowireCapableBeanFactory.doCreateBean(AbstractAutowireCapableBeanFactory.java:562)
	at org.springframework.beans.factory.support.AbstractAutowireCapableBeanFactory.createBean(AbstractAutowireCapableBeanFactory.java:522)
	at org.springframework.beans.factory.support.AbstractBeanFactory.lambda$doGetBean$0(AbstractBeanFactory.java:337)
	at org.springframework.beans.factory.support.DefaultSingletonBeanRegistry.getSingleton(DefaultSingletonBeanRegistry.java:234)
	at org.springframework.beans.factory.support.AbstractBeanFactory.doGetBean(AbstractBeanFactory.java:335)
	at org.springframework.beans.factory.support.AbstractBeanFactory.getBean(AbstractBeanFactory.java:200)
	at org.springframework.beans.factory.config.DependencyDescriptor.resolveCandidate(DependencyDescriptor.java:254)
	at org.springframework.beans.factory.support.DefaultListableBeanFactory.doResolveDependency(DefaultListableBeanFactory.java:1443)
	at org.springframework.beans.factory.support.DefaultListableBeanFactory.resolveDependency(DefaultListableBeanFactory.java:1353)
	at org.springframework.beans.factory.annotation.AutowiredAnnotationBeanPostProcessor$AutowiredFieldElement.resolveFieldValue(AutowiredAnnotationBeanPostProcessor.java:785)
	... 23 common frames omitted
Caused by: org.springframework.beans.BeanInstantiationException: Failed to instantiate [com.reservation.service.AppointmentService]: Constructor threw exception
	at org.springframework.beans.BeanUtils.instantiateClass(BeanUtils.java:221)
	at org.springframework.beans.factory.support.SimpleInstantiationStrategy.instantiate(SimpleInstantiationStrategy.java:94)
	at org.springframework.beans.factory.support.AbstractAutowireCapableBeanFactory.instantiateBean(AbstractAutowireCapableBeanFactory.java:1331)
	... 34 common frames omitted
Caused by: java.lang.Error: Unresolved compilation problems: 
	The import jakarta.annotation cannot be resolved
	Resource cannot be resolved to a type
	pageNum cannot be resolved to a variable
	pageSize cannot be resolved to a variable
	pageSize cannot be resolved to a variable

	at com.reservation.service.AppointmentService.<init>(AppointmentService.java:19)
	at java.base/jdk.internal.reflect.DirectConstructorHandleAccessor.newInstance(DirectConstructorHandleAccessor.java:62)
	at java.base/java.lang.reflect.Constructor.newInstanceWithCaller(Constructor.java:502)
	at java.base/java.lang.reflect.Constructor.newInstance(Constructor.java:486)
	at org.springframework.beans.BeanUtils.instantiateClass(BeanUtils.java:195)
	... 36 common frames omitted
2026-08-26T21:44:50.861+08:00 INFO  c.r.SpringBootMergeApplication : Starting SpringBootMergeApplication using Java 21.0.8 with PID 24452 (H:\2026\lesson-appointment\api\target\classes started by Administrator in H:\2026\lesson-appointment\api)
2026-08-26T21:44:50.903+08:00 INFO  c.r.SpringBootMergeApplication : No active profile set, falling back to 1 default profile: "default"
2026-08-26T21:44:51.865+08:00 INFO  o.s.b.w.e.tomcat.TomcatWebServer : Tomcat initialized with port 8081 (http)
2026-08-26T21:44:51.947+08:00 INFO  o.a.coyote.http11.Http11NioProtocol : Initializing ProtocolHandler ["http-nio-8081"]
2026-08-26T21:44:52.076+08:00 INFO  o.a.catalina.core.StandardService : Starting service [Tomcat]
2026-08-26T21:44:52.094+08:00 INFO  o.a.catalina.core.StandardEngine : Starting Servlet engine: [Apache Tomcat/10.1.31]
2026-08-26T21:44:52.166+08:00 INFO  o.a.c.c.C.[.[localhost].[/] : Initializing Spring embedded WebApplicationContext
2026-08-26T21:44:52.174+08:00 INFO  o.s.b.w.s.c.ServletWebServerApplicationContext : Root WebApplicationContext: initialization completed in 1262 ms
2026-08-26T21:44:52.345+08:00 WARN  c.b.m.core.injector.methods.Insert : [com.reservation.mapper.AuditLogMapper.insert] Has been loaded by XML or SqlProvider or Mybatis's Annotation, so ignoring this injection for [class com.baomidou.mybatisplus.core.injector.methods.Insert]
2026-08-26T21:44:52.424+08:00 WARN  c.b.m.c.injector.methods.SelectList : [com.reservation.mapper.BookingMapper.selectList] Has been loaded by XML or SqlProvider or Mybatis's Annotation, so ignoring this injection for [class com.baomidou.mybatisplus.core.injector.methods.SelectList]
2026-08-26T21:44:52.445+08:00 WARN  c.b.m.c.injector.methods.SelectById : [com.reservation.mapper.BookingMapper.selectById] Has been loaded by XML or SqlProvider or Mybatis's Annotation, so ignoring this injection for [class com.baomidou.mybatisplus.core.injector.methods.SelectById]
2026-08-26T21:44:52.555+08:00 WARN  c.b.m.core.injector.methods.Update : [com.reservation.mapper.CourseScheduleMapper.update] Has been loaded by XML or SqlProvider or Mybatis's Annotation, so ignoring this injection for [class com.baomidou.mybatisplus.core.injector.methods.Update]
2026-08-26T21:44:52.926+08:00 WARN  o.s.b.w.s.c.AnnotationConfigServletWebServerApplicationContext : Exception encountered during context initialization - cancelling refresh attempt: org.springframework.beans.factory.UnsatisfiedDependencyException: Error creating bean with name 'appointmentController': Unsatisfied dependency expressed through field 'appointmentService': Error creating bean with name 'appointmentService' defined in file [H:\2026\lesson-appointment\api\target\classes\com\reservation\service\AppointmentService.class]: Failed to instantiate [com.reservation.service.AppointmentService]: Constructor threw exception
2026-08-26T21:44:52.944+08:00 INFO  o.a.catalina.core.StandardService : Stopping service [Tomcat]
2026-08-26T21:44:52.949+08:00 INFO  o.s.b.a.l.ConditionEvaluationReportLogger : 

Error starting ApplicationContext. To display the condition evaluation report re-run your application with 'debug' enabled.
2026-08-26T21:44:53.071+08:00 ERROR o.s.boot.SpringApplication : Application run failed
org.springframework.beans.factory.UnsatisfiedDependencyException: Error creating bean with name 'appointmentController': Unsatisfied dependency expressed through field 'appointmentService': Error creating bean with name 'appointmentService' defined in file [H:\2026\lesson-appointment\api\target\classes\com\reservation\service\AppointmentService.class]: Failed to instantiate [com.reservation.service.AppointmentService]: Constructor threw exception
	at org.springframework.beans.factory.annotation.AutowiredAnnotationBeanPostProcessor$AutowiredFieldElement.resolveFieldValue(AutowiredAnnotationBeanPostProcessor.java:788)
	at org.springframework.beans.factory.annotation.AutowiredAnnotationBeanPostProcessor$AutowiredFieldElement.inject(AutowiredAnnotationBeanPostProcessor.java:768)
	at org.springframework.beans.factory.annotation.InjectionMetadata.inject(InjectionMetadata.java:145)
	at org.springframework.beans.factory.annotation.AutowiredAnnotationBeanPostProcessor.postProcessProperties(AutowiredAnnotationBeanPostProcessor.java:509)
	at org.springframework.beans.factory.support.AbstractAutowireCapableBeanFactory.populateBean(AbstractAutowireCapableBeanFactory.java:1439)
	at org.springframework.beans.factory.support.AbstractAutowireCapableBeanFactory.doCreateBean(AbstractAutowireCapableBeanFactory.java:599)
	at org.springframework.beans.factory.support.AbstractAutowireCapableBeanFactory.createBean(AbstractAutowireCapableBeanFactory.java:522)
	at org.springframework.beans.factory.support.AbstractBeanFactory.lambda$doGetBean$0(AbstractBeanFactory.java:337)
	at org.springframework.beans.factory.support.DefaultSingletonBeanRegistry.getSingleton(DefaultSingletonBeanRegistry.java:234)
	at org.springframework.beans.factory.support.AbstractBeanFactory.doGetBean(AbstractBeanFactory.java:335)
	at org.springframework.beans.factory.support.AbstractBeanFactory.getBean(AbstractBeanFactory.java:200)
	at org.springframework.beans.factory.support.DefaultListableBeanFactory.preInstantiateSingletons(DefaultListableBeanFactory.java:975)
	at org.springframework.context.support.AbstractApplicationContext.finishBeanFactoryInitialization(AbstractApplicationContext.java:971)
	at org.springframework.context.support.AbstractApplicationContext.refresh(AbstractApplicationContext.java:625)
	at org.springframework.boot.web.servlet.context.ServletWebServerApplicationContext.refresh(ServletWebServerApplicationContext.java:146)
	at org.springframework.boot.SpringApplication.refresh(SpringApplication.java:754)
	at org.springframework.boot.SpringApplication.refreshContext(SpringApplication.java:456)
	at org.springframework.boot.SpringApplication.run(SpringApplication.java:335)
	at org.springframework.boot.SpringApplication.run(SpringApplication.java:1363)
	at org.springframework.boot.SpringApplication.run(SpringApplication.java:1352)
	at com.reservation.SpringBootMergeApplication.main(SpringBootMergeApplication.java:21)
	at java.base/jdk.internal.reflect.DirectMethodHandleAccessor.invoke(DirectMethodHandleAccessor.java:103)
	at java.base/java.lang.reflect.Method.invoke(Method.java:580)
	at org.springframework.boot.devtools.restart.RestartLauncher.run(RestartLauncher.java:50)
Caused by: org.springframework.beans.factory.BeanCreationException: Error creating bean with name 'appointmentService' defined in file [H:\2026\lesson-appointment\api\target\classes\com\reservation\service\AppointmentService.class]: Failed to instantiate [com.reservation.service.AppointmentService]: Constructor threw exception
	at org.springframework.beans.factory.support.AbstractAutowireCapableBeanFactory.instantiateBean(AbstractAutowireCapableBeanFactory.java:1337)
	at org.springframework.beans.factory.support.AbstractAutowireCapableBeanFactory.createBeanInstance(AbstractAutowireCapableBeanFactory.java:1222)
	at org.springframework.beans.factory.support.AbstractAutowireCapableBeanFactory.doCreateBean(AbstractAutowireCapableBeanFactory.java:562)
	at org.springframework.beans.factory.support.AbstractAutowireCapableBeanFactory.createBean(AbstractAutowireCapableBeanFactory.java:522)
	at org.springframework.beans.factory.support.AbstractBeanFactory.lambda$doGetBean$0(AbstractBeanFactory.java:337)
	at org.springframework.beans.factory.support.DefaultSingletonBeanRegistry.getSingleton(DefaultSingletonBeanRegistry.java:234)
	at org.springframework.beans.factory.support.AbstractBeanFactory.doGetBean(AbstractBeanFactory.java:335)
	at org.springframework.beans.factory.support.AbstractBeanFactory.getBean(AbstractBeanFactory.java:200)
	at org.springframework.beans.factory.config.DependencyDescriptor.resolveCandidate(DependencyDescriptor.java:254)
	at org.springframework.beans.factory.support.DefaultListableBeanFactory.doResolveDependency(DefaultListableBeanFactory.java:1443)
	at org.springframework.beans.factory.support.DefaultListableBeanFactory.resolveDependency(DefaultListableBeanFactory.java:1353)
	at org.springframework.beans.factory.annotation.AutowiredAnnotationBeanPostProcessor$AutowiredFieldElement.resolveFieldValue(AutowiredAnnotationBeanPostProcessor.java:785)
	... 23 common frames omitted
Caused by: org.springframework.beans.BeanInstantiationException: Failed to instantiate [com.reservation.service.AppointmentService]: Constructor threw exception
	at org.springframework.beans.BeanUtils.instantiateClass(BeanUtils.java:221)
	at org.springframework.beans.factory.support.SimpleInstantiationStrategy.instantiate(SimpleInstantiationStrategy.java:94)
	at org.springframework.beans.factory.support.AbstractAutowireCapableBeanFactory.instantiateBean(AbstractAutowireCapableBeanFactory.java:1331)
	... 34 common frames omitted
Caused by: java.lang.Error: Unresolved compilation problems: 
	The import jakarta.annotation cannot be resolved
	Resource cannot be resolved to a type
	pageNum cannot be resolved to a variable
	pageSize cannot be resolved to a variable
	pageSize cannot be resolved to a variable

	at com.reservation.service.AppointmentService.<init>(AppointmentService.java:19)
	at java.base/jdk.internal.reflect.DirectConstructorHandleAccessor.newInstance(DirectConstructorHandleAccessor.java:62)
	at java.base/java.lang.reflect.Constructor.newInstanceWithCaller(Constructor.java:502)
	at java.base/java.lang.reflect.Constructor.newInstance(Constructor.java:486)
	at org.springframework.beans.BeanUtils.instantiateClass(BeanUtils.java:195)
	... 36 common frames omitted
2026-08-26T21:44:56.525+08:00 INFO  c.r.SpringBootMergeApplication : Starting SpringBootMergeApplication using Java 21.0.8 with PID 24452 (H:\2026\lesson-appointment\api\target\classes started by Administrator in H:\2026\lesson-appointment\api)
2026-08-26T21:44:56.544+08:00 INFO  c.r.SpringBootMergeApplication : No active profile set, falling back to 1 default profile: "default"
2026-08-26T21:45:05.344+08:00 INFO  o.s.b.w.e.tomcat.TomcatWebServer : Tomcat initialized with port 8081 (http)
2026-08-26T21:45:05.445+08:00 INFO  o.a.coyote.http11.Http11NioProtocol : Initializing ProtocolHandler ["http-nio-8081"]
2026-08-26T21:45:05.649+08:00 INFO  o.a.catalina.core.StandardService : Starting service [Tomcat]
2026-08-26T21:45:05.948+08:00 INFO  o.a.catalina.core.StandardEngine : Starting Servlet engine: [Apache Tomcat/10.1.31]
2026-08-26T21:45:06.100+08:00 INFO  o.a.c.c.C.[.[localhost].[/] : Initializing Spring embedded WebApplicationContext
2026-08-26T21:45:06.271+08:00 INFO  o.s.b.w.s.c.ServletWebServerApplicationContext : Root WebApplicationContext: initialization completed in 9709 ms
2026-08-26T21:45:06.364+08:00 ERROR o.s.b.w.e.tomcat.TomcatStarter : Error starting Tomcat context. Exception: org.springframework.beans.factory.BeanCreationException. Message: Error creating bean with name 'jwtAuthenticationFilter': Lookup method resolution failed
2026-08-26T21:45:06.469+08:00 INFO  o.a.catalina.core.StandardService : Stopping service [Tomcat]
2026-08-26T21:45:06.531+08:00 WARN  o.s.b.w.s.c.AnnotationConfigServletWebServerApplicationContext : Exception encountered during context initialization - cancelling refresh attempt: org.springframework.context.ApplicationContextException: Unable to start web server
2026-08-26T21:45:06.651+08:00 INFO  o.s.b.a.l.ConditionEvaluationReportLogger : 

Error starting ApplicationContext. To display the condition evaluation report re-run your application with 'debug' enabled.
2026-08-26T21:45:06.747+08:00 ERROR o.s.boot.SpringApplication : Application run failed
org.springframework.context.ApplicationContextException: Unable to start web server
	at org.springframework.boot.web.servlet.context.ServletWebServerApplicationContext.onRefresh(ServletWebServerApplicationContext.java:165)
	at org.springframework.context.support.AbstractApplicationContext.refresh(AbstractApplicationContext.java:619)
	at org.springframework.boot.web.servlet.context.ServletWebServerApplicationContext.refresh(ServletWebServerApplicationContext.java:146)
	at org.springframework.boot.SpringApplication.refresh(SpringApplication.java:754)
	at org.springframework.boot.SpringApplication.refreshContext(SpringApplication.java:456)
	at org.springframework.boot.SpringApplication.run(SpringApplication.java:335)
	at org.springframework.boot.SpringApplication.run(SpringApplication.java:1363)
	at org.springframework.boot.SpringApplication.run(SpringApplication.java:1352)
	at com.reservation.SpringBootMergeApplication.main(SpringBootMergeApplication.java:21)
	at java.base/jdk.internal.reflect.DirectMethodHandleAccessor.invoke(DirectMethodHandleAccessor.java:103)
	at java.base/java.lang.reflect.Method.invoke(Method.java:580)
	at org.springframework.boot.devtools.restart.RestartLauncher.run(RestartLauncher.java:50)
Caused by: org.springframework.boot.web.server.WebServerException: Unable to start embedded Tomcat
	at org.springframework.boot.web.embedded.tomcat.TomcatWebServer.initialize(TomcatWebServer.java:147)
	at org.springframework.boot.web.embedded.tomcat.TomcatWebServer.<init>(TomcatWebServer.java:107)
	at org.springframework.boot.web.embedded.tomcat.TomcatServletWebServerFactory.getTomcatWebServer(TomcatServletWebServerFactory.java:516)
	at org.springframework.boot.web.embedded.tomcat.TomcatServletWebServerFactory.getWebServer(TomcatServletWebServerFactory.java:222)
	at org.springframework.boot.web.servlet.context.ServletWebServerApplicationContext.createWebServer(ServletWebServerApplicationContext.java:188)
	at org.springframework.boot.web.servlet.context.ServletWebServerApplicationContext.onRefresh(ServletWebServerApplicationContext.java:162)
	... 11 common frames omitted
Caused by: org.springframework.beans.factory.BeanCreationException: Error creating bean with name 'jwtAuthenticationFilter': Lookup method resolution failed
	at org.springframework.beans.factory.annotation.AutowiredAnnotationBeanPostProcessor.checkLookupMethods(AutowiredAnnotationBeanPostProcessor.java:498)
	at org.springframework.beans.factory.annotation.AutowiredAnnotationBeanPostProcessor.determineCandidateConstructors(AutowiredAnnotationBeanPostProcessor.java:368)
	at org.springframework.beans.factory.support.AbstractAutowireCapableBeanFactory.determineConstructorsFromBeanPostProcessors(AbstractAutowireCapableBeanFactory.java:1314)
	at org.springframework.beans.factory.support.AbstractAutowireCapableBeanFactory.createBeanInstance(AbstractAutowireCapableBeanFactory.java:1209)
	at org.springframework.beans.factory.support.AbstractAutowireCapableBeanFactory.doCreateBean(AbstractAutowireCapableBeanFactory.java:562)
	at org.springframework.beans.factory.support.AbstractAutowireCapableBeanFactory.createBean(AbstractAutowireCapableBeanFactory.java:522)
	at org.springframework.beans.factory.support.AbstractBeanFactory.lambda$doGetBean$0(AbstractBeanFactory.java:337)
	at org.springframework.beans.factory.support.DefaultSingletonBeanRegistry.getSingleton(DefaultSingletonBeanRegistry.java:234)
	at org.springframework.beans.factory.support.AbstractBeanFactory.doGetBean(AbstractBeanFactory.java:335)
	at org.springframework.beans.factory.support.AbstractBeanFactory.getBean(AbstractBeanFactory.java:205)
	at org.springframework.boot.web.servlet.ServletContextInitializerBeans.getOrderedBeansOfType(ServletContextInitializerBeans.java:211)
	at org.springframework.boot.web.servlet.ServletContextInitializerBeans.addAsRegistrationBean(ServletContextInitializerBeans.java:174)
	at org.springframework.boot.web.servlet.ServletContextInitializerBeans.addAsRegistrationBean(ServletContextInitializerBeans.java:169)
	at org.springframework.boot.web.servlet.ServletContextInitializerBeans.addAdaptableBeans(ServletContextInitializerBeans.java:154)
	at org.springframework.boot.web.servlet.ServletContextInitializerBeans.<init>(ServletContextInitializerBeans.java:87)
	at org.springframework.boot.web.servlet.context.ServletWebServerApplicationContext.getServletContextInitializerBeans(ServletWebServerApplicationContext.java:266)
	at org.springframework.boot.web.servlet.context.ServletWebServerApplicationContext.selfInitialize(ServletWebServerApplicationContext.java:240)
	at org.springframework.boot.web.embedded.tomcat.TomcatStarter.onStartup(TomcatStarter.java:52)
	at org.apache.catalina.core.StandardContext.startInternal(StandardContext.java:4412)
	at org.apache.catalina.util.LifecycleBase.start(LifecycleBase.java:164)
	at org.apache.catalina.core.ContainerBase$StartChild.call(ContainerBase.java:1203)
	at org.apache.catalina.core.ContainerBase$StartChild.call(ContainerBase.java:1193)
	at java.base/java.util.concurrent.FutureTask.run(FutureTask.java:317)
	at org.apache.tomcat.util.threads.InlineExecutorService.execute(InlineExecutorService.java:75)
	at java.base/java.util.concurrent.AbstractExecutorService.submit(AbstractExecutorService.java:145)
	at org.apache.catalina.core.ContainerBase.startInternal(ContainerBase.java:749)
	at org.apache.catalina.core.StandardHost.startInternal(StandardHost.java:772)
	at org.apache.catalina.util.LifecycleBase.start(LifecycleBase.java:164)
	at org.apache.catalina.core.ContainerBase$StartChild.call(ContainerBase.java:1203)
	at org.apache.catalina.core.ContainerBase$StartChild.call(ContainerBase.java:1193)
	at java.base/java.util.concurrent.FutureTask.run(FutureTask.java:317)
	at org.apache.tomcat.util.threads.InlineExecutorService.execute(InlineExecutorService.java:75)
	at java.base/java.util.concurrent.AbstractExecutorService.submit(AbstractExecutorService.java:145)
	at org.apache.catalina.core.ContainerBase.startInternal(ContainerBase.java:749)
	at org.apache.catalina.core.StandardEngine.startInternal(StandardEngine.java:203)
	at org.apache.catalina.util.LifecycleBase.start(LifecycleBase.java:164)
	at org.apache.catalina.core.StandardService.startInternal(StandardService.java:415)
	at org.apache.catalina.util.LifecycleBase.start(LifecycleBase.java:164)
	at org.apache.catalina.core.StandardServer.startInternal(StandardServer.java:870)
	at org.apache.catalina.util.LifecycleBase.start(LifecycleBase.java:164)
	at org.apache.catalina.startup.Tomcat.start(Tomcat.java:437)
	at org.springframework.boot.web.embedded.tomcat.TomcatWebServer.initialize(TomcatWebServer.java:128)
	... 16 common frames omitted
Caused by: java.lang.IllegalStateException: Failed to introspect Class [com.reservation.config.JwtAuthenticationFilter] from ClassLoader [org.springframework.boot.devtools.restart.classloader.RestartClassLoader@312c969d]
	at org.springframework.util.ReflectionUtils.getDeclaredMethods(ReflectionUtils.java:483)
	at org.springframework.util.ReflectionUtils.doWithLocalMethods(ReflectionUtils.java:320)
	at org.springframework.beans.factory.annotation.AutowiredAnnotationBeanPostProcessor.checkLookupMethods(AutowiredAnnotationBeanPostProcessor.java:476)
	... 57 common frames omitted
Caused by: java.lang.NoClassDefFoundError: HttpServletRequest
	at java.base/java.lang.Class.getDeclaredMethods0(Native Method)
	at java.base/java.lang.Class.privateGetDeclaredMethods(Class.java:3578)
	at java.base/java.lang.Class.getDeclaredMethods(Class.java:2676)
	at org.springframework.util.ReflectionUtils.getDeclaredMethods(ReflectionUtils.java:465)
	... 59 common frames omitted
Caused by: java.lang.ClassNotFoundException: HttpServletRequest
	at java.base/jdk.internal.loader.BuiltinClassLoader.loadClass(BuiltinClassLoader.java:641)
	at java.base/jdk.internal.loader.ClassLoaders$AppClassLoader.loadClass(ClassLoaders.java:188)
	at java.base/java.lang.ClassLoader.loadClass(ClassLoader.java:526)
	at java.base/java.lang.Class.forName0(Native Method)
	at java.base/java.lang.Class.forName(Class.java:534)
	at java.base/java.lang.Class.forName(Class.java:513)
	at org.springframework.boot.devtools.restart.classloader.RestartClassLoader.loadClass(RestartClassLoader.java:121)
	at java.base/java.lang.ClassLoader.loadClass(ClassLoader.java:526)
	... 63 common frames omitted
2026-08-26T21:46:06.149+08:00 INFO  c.r.SpringBootMergeApplication : Starting SpringBootMergeApplication using Java 21.0.8 with PID 24452 (H:\2026\lesson-appointment\api\target\classes started by Administrator in H:\2026\lesson-appointment\api)
2026-08-26T21:46:06.159+08:00 INFO  c.r.SpringBootMergeApplication : No active profile set, falling back to 1 default profile: "default"
2026-08-26T21:46:07.523+08:00 INFO  o.s.b.w.e.tomcat.TomcatWebServer : Tomcat initialized with port 8081 (http)
2026-08-26T21:46:07.578+08:00 INFO  o.a.coyote.http11.Http11NioProtocol : Initializing ProtocolHandler ["http-nio-8081"]
2026-08-26T21:46:07.601+08:00 INFO  o.a.catalina.core.StandardService : Starting service [Tomcat]
2026-08-26T21:46:07.605+08:00 INFO  o.a.catalina.core.StandardEngine : Starting Servlet engine: [Apache Tomcat/10.1.31]
2026-08-26T21:46:07.622+08:00 INFO  o.a.c.c.C.[.[localhost].[/] : Initializing Spring embedded WebApplicationContext
2026-08-26T21:46:07.629+08:00 INFO  o.s.b.w.s.c.ServletWebServerApplicationContext : Root WebApplicationContext: initialization completed in 1448 ms
2026-08-26T21:46:07.634+08:00 ERROR o.s.b.w.e.tomcat.TomcatStarter : Error starting Tomcat context. Exception: org.springframework.beans.factory.BeanCreationException. Message: Error creating bean with name 'jwtAuthenticationFilter': Lookup method resolution failed
2026-08-26T21:46:07.642+08:00 INFO  o.a.catalina.core.StandardService : Stopping service [Tomcat]
2026-08-26T21:46:07.646+08:00 WARN  o.s.b.w.s.c.AnnotationConfigServletWebServerApplicationContext : Exception encountered during context initialization - cancelling refresh attempt: org.springframework.context.ApplicationContextException: Unable to start web server
2026-08-26T21:46:07.656+08:00 INFO  o.s.b.a.l.ConditionEvaluationReportLogger : 

Error starting ApplicationContext. To display the condition evaluation report re-run your application with 'debug' enabled.
2026-08-26T21:46:07.679+08:00 ERROR o.s.boot.SpringApplication : Application run failed
org.springframework.context.ApplicationContextException: Unable to start web server
	at org.springframework.boot.web.servlet.context.ServletWebServerApplicationContext.onRefresh(ServletWebServerApplicationContext.java:165)
	at org.springframework.context.support.AbstractApplicationContext.refresh(AbstractApplicationContext.java:619)
	at org.springframework.boot.web.servlet.context.ServletWebServerApplicationContext.refresh(ServletWebServerApplicationContext.java:146)
	at org.springframework.boot.SpringApplication.refresh(SpringApplication.java:754)
	at org.springframework.boot.SpringApplication.refreshContext(SpringApplication.java:456)
	at org.springframework.boot.SpringApplication.run(SpringApplication.java:335)
	at org.springframework.boot.SpringApplication.run(SpringApplication.java:1363)
	at org.springframework.boot.SpringApplication.run(SpringApplication.java:1352)
	at com.reservation.SpringBootMergeApplication.main(SpringBootMergeApplication.java:21)
	at java.base/jdk.internal.reflect.DirectMethodHandleAccessor.invoke(DirectMethodHandleAccessor.java:103)
	at java.base/java.lang.reflect.Method.invoke(Method.java:580)
	at org.springframework.boot.devtools.restart.RestartLauncher.run(RestartLauncher.java:50)
Caused by: org.springframework.boot.web.server.WebServerException: Unable to start embedded Tomcat
	at org.springframework.boot.web.embedded.tomcat.TomcatWebServer.initialize(TomcatWebServer.java:147)
	at org.springframework.boot.web.embedded.tomcat.TomcatWebServer.<init>(TomcatWebServer.java:107)
	at org.springframework.boot.web.embedded.tomcat.TomcatServletWebServerFactory.getTomcatWebServer(TomcatServletWebServerFactory.java:516)
	at org.springframework.boot.web.embedded.tomcat.TomcatServletWebServerFactory.getWebServer(TomcatServletWebServerFactory.java:222)
	at org.springframework.boot.web.servlet.context.ServletWebServerApplicationContext.createWebServer(ServletWebServerApplicationContext.java:188)
	at org.springframework.boot.web.servlet.context.ServletWebServerApplicationContext.onRefresh(ServletWebServerApplicationContext.java:162)
	... 11 common frames omitted
Caused by: org.springframework.beans.factory.BeanCreationException: Error creating bean with name 'jwtAuthenticationFilter': Lookup method resolution failed
	at org.springframework.beans.factory.annotation.AutowiredAnnotationBeanPostProcessor.checkLookupMethods(AutowiredAnnotationBeanPostProcessor.java:498)
	at org.springframework.beans.factory.annotation.AutowiredAnnotationBeanPostProcessor.determineCandidateConstructors(AutowiredAnnotationBeanPostProcessor.java:368)
	at org.springframework.beans.factory.support.AbstractAutowireCapableBeanFactory.determineConstructorsFromBeanPostProcessors(AbstractAutowireCapableBeanFactory.java:1314)
	at org.springframework.beans.factory.support.AbstractAutowireCapableBeanFactory.createBeanInstance(AbstractAutowireCapableBeanFactory.java:1209)
	at org.springframework.beans.factory.support.AbstractAutowireCapableBeanFactory.doCreateBean(AbstractAutowireCapableBeanFactory.java:562)
	at org.springframework.beans.factory.support.AbstractAutowireCapableBeanFactory.createBean(AbstractAutowireCapableBeanFactory.java:522)
	at org.springframework.beans.factory.support.AbstractBeanFactory.lambda$doGetBean$0(AbstractBeanFactory.java:337)
	at org.springframework.beans.factory.support.DefaultSingletonBeanRegistry.getSingleton(DefaultSingletonBeanRegistry.java:234)
	at org.springframework.beans.factory.support.AbstractBeanFactory.doGetBean(AbstractBeanFactory.java:335)
	at org.springframework.beans.factory.support.AbstractBeanFactory.getBean(AbstractBeanFactory.java:205)
	at org.springframework.boot.web.servlet.ServletContextInitializerBeans.getOrderedBeansOfType(ServletContextInitializerBeans.java:211)
	at org.springframework.boot.web.servlet.ServletContextInitializerBeans.addAsRegistrationBean(ServletContextInitializerBeans.java:174)
	at org.springframework.boot.web.servlet.ServletContextInitializerBeans.addAsRegistrationBean(ServletContextInitializerBeans.java:169)
	at org.springframework.boot.web.servlet.ServletContextInitializerBeans.addAdaptableBeans(ServletContextInitializerBeans.java:154)
	at org.springframework.boot.web.servlet.ServletContextInitializerBeans.<init>(ServletContextInitializerBeans.java:87)
	at org.springframework.boot.web.servlet.context.ServletWebServerApplicationContext.getServletContextInitializerBeans(ServletWebServerApplicationContext.java:266)
	at org.springframework.boot.web.servlet.context.ServletWebServerApplicationContext.selfInitialize(ServletWebServerApplicationContext.java:240)
	at org.springframework.boot.web.embedded.tomcat.TomcatStarter.onStartup(TomcatStarter.java:52)
	at org.apache.catalina.core.StandardContext.startInternal(StandardContext.java:4412)
	at org.apache.catalina.util.LifecycleBase.start(LifecycleBase.java:164)
	at org.apache.catalina.core.ContainerBase$StartChild.call(ContainerBase.java:1203)
	at org.apache.catalina.core.ContainerBase$StartChild.call(ContainerBase.java:1193)
	at java.base/java.util.concurrent.FutureTask.run(FutureTask.java:317)
	at org.apache.tomcat.util.threads.InlineExecutorService.execute(InlineExecutorService.java:75)
	at java.base/java.util.concurrent.AbstractExecutorService.submit(AbstractExecutorService.java:145)
	at org.apache.catalina.core.ContainerBase.startInternal(ContainerBase.java:749)
	at org.apache.catalina.core.StandardHost.startInternal(StandardHost.java:772)
	at org.apache.catalina.util.LifecycleBase.start(LifecycleBase.java:164)
	at org.apache.catalina.core.ContainerBase$StartChild.call(ContainerBase.java:1203)
	at org.apache.catalina.core.ContainerBase$StartChild.call(ContainerBase.java:1193)
	at java.base/java.util.concurrent.FutureTask.run(FutureTask.java:317)
	at org.apache.tomcat.util.threads.InlineExecutorService.execute(InlineExecutorService.java:75)
	at java.base/java.util.concurrent.AbstractExecutorService.submit(AbstractExecutorService.java:145)
	at org.apache.catalina.core.ContainerBase.startInternal(ContainerBase.java:749)
	at org.apache.catalina.core.StandardEngine.startInternal(StandardEngine.java:203)
	at org.apache.catalina.util.LifecycleBase.start(LifecycleBase.java:164)
	at org.apache.catalina.core.StandardService.startInternal(StandardService.java:415)
	at org.apache.catalina.util.LifecycleBase.start(LifecycleBase.java:164)
	at org.apache.catalina.core.StandardServer.startInternal(StandardServer.java:870)
	at org.apache.catalina.util.LifecycleBase.start(LifecycleBase.java:164)
	at org.apache.catalina.startup.Tomcat.start(Tomcat.java:437)
	at org.springframework.boot.web.embedded.tomcat.TomcatWebServer.initialize(TomcatWebServer.java:128)
	... 16 common frames omitted
Caused by: java.lang.IllegalStateException: Failed to introspect Class [com.reservation.config.JwtAuthenticationFilter] from ClassLoader [org.springframework.boot.devtools.restart.classloader.RestartClassLoader@35967c6b]
	at org.springframework.util.ReflectionUtils.getDeclaredMethods(ReflectionUtils.java:483)
	at org.springframework.util.ReflectionUtils.doWithLocalMethods(ReflectionUtils.java:320)
	at org.springframework.beans.factory.annotation.AutowiredAnnotationBeanPostProcessor.checkLookupMethods(AutowiredAnnotationBeanPostProcessor.java:476)
	... 57 common frames omitted
Caused by: java.lang.NoClassDefFoundError: HttpServletRequest
	at java.base/java.lang.Class.getDeclaredMethods0(Native Method)
	at java.base/java.lang.Class.privateGetDeclaredMethods(Class.java:3578)
	at java.base/java.lang.Class.getDeclaredMethods(Class.java:2676)
	at org.springframework.util.ReflectionUtils.getDeclaredMethods(ReflectionUtils.java:465)
	... 59 common frames omitted
Caused by: java.lang.ClassNotFoundException: HttpServletRequest
	at java.base/jdk.internal.loader.BuiltinClassLoader.loadClass(BuiltinClassLoader.java:641)
	at java.base/jdk.internal.loader.ClassLoaders$AppClassLoader.loadClass(ClassLoaders.java:188)
	at java.base/java.lang.ClassLoader.loadClass(ClassLoader.java:526)
	at java.base/java.lang.Class.forName0(Native Method)
	at java.base/java.lang.Class.forName(Class.java:534)
	at java.base/java.lang.Class.forName(Class.java:513)
	at org.springframework.boot.devtools.restart.classloader.RestartClassLoader.loadClass(RestartClassLoader.java:121)
	at java.base/java.lang.ClassLoader.loadClass(ClassLoader.java:526)
	... 63 common frames omitted
2026-08-26T21:46:14.439+08:00 INFO  c.r.SpringBootMergeApplication : Starting SpringBootMergeApplication using Java 21.0.8 with PID 24452 (H:\2026\lesson-appointment\api\target\classes started by Administrator in H:\2026\lesson-appointment\api)
2026-08-26T21:46:14.859+08:00 INFO  c.r.SpringBootMergeApplication : No active profile set, falling back to 1 default profile: "default"
2026-08-26T21:46:16.402+08:00 INFO  o.s.b.w.e.tomcat.TomcatWebServer : Tomcat initialized with port 8081 (http)
2026-08-26T21:46:16.403+08:00 INFO  o.a.coyote.http11.Http11NioProtocol : Initializing ProtocolHandler ["http-nio-8081"]
2026-08-26T21:46:16.403+08:00 INFO  o.a.catalina.core.StandardService : Starting service [Tomcat]
2026-08-26T21:46:16.404+08:00 INFO  o.a.catalina.core.StandardEngine : Starting Servlet engine: [Apache Tomcat/10.1.31]
2026-08-26T21:46:16.420+08:00 INFO  o.a.c.c.C.[.[localhost].[/] : Initializing Spring embedded WebApplicationContext
2026-08-26T21:46:16.420+08:00 INFO  o.s.b.w.s.c.ServletWebServerApplicationContext : Root WebApplicationContext: initialization completed in 1551 ms
2026-08-26T21:46:16.425+08:00 ERROR o.s.b.w.e.tomcat.TomcatStarter : Error starting Tomcat context. Exception: org.springframework.beans.factory.BeanCreationException. Message: Error creating bean with name 'jwtAuthenticationFilter': Lookup method resolution failed
2026-08-26T21:46:16.429+08:00 INFO  o.a.catalina.core.StandardService : Stopping service [Tomcat]
2026-08-26T21:46:16.433+08:00 WARN  o.s.b.w.s.c.AnnotationConfigServletWebServerApplicationContext : Exception encountered during context initialization - cancelling refresh attempt: org.springframework.context.ApplicationContextException: Unable to start web server
2026-08-26T21:46:16.438+08:00 INFO  o.s.b.a.l.ConditionEvaluationReportLogger : 

Error starting ApplicationContext. To display the condition evaluation report re-run your application with 'debug' enabled.
2026-08-26T21:46:16.448+08:00 ERROR o.s.boot.SpringApplication : Application run failed
org.springframework.context.ApplicationContextException: Unable to start web server
	at org.springframework.boot.web.servlet.context.ServletWebServerApplicationContext.onRefresh(ServletWebServerApplicationContext.java:165)
	at org.springframework.context.support.AbstractApplicationContext.refresh(AbstractApplicationContext.java:619)
	at org.springframework.boot.web.servlet.context.ServletWebServerApplicationContext.refresh(ServletWebServerApplicationContext.java:146)
	at org.springframework.boot.SpringApplication.refresh(SpringApplication.java:754)
	at org.springframework.boot.SpringApplication.refreshContext(SpringApplication.java:456)
	at org.springframework.boot.SpringApplication.run(SpringApplication.java:335)
	at org.springframework.boot.SpringApplication.run(SpringApplication.java:1363)
	at org.springframework.boot.SpringApplication.run(SpringApplication.java:1352)
	at com.reservation.SpringBootMergeApplication.main(SpringBootMergeApplication.java:21)
	at java.base/jdk.internal.reflect.DirectMethodHandleAccessor.invoke(DirectMethodHandleAccessor.java:103)
	at java.base/java.lang.reflect.Method.invoke(Method.java:580)
	at org.springframework.boot.devtools.restart.RestartLauncher.run(RestartLauncher.java:50)
Caused by: org.springframework.boot.web.server.WebServerException: Unable to start embedded Tomcat
	at org.springframework.boot.web.embedded.tomcat.TomcatWebServer.initialize(TomcatWebServer.java:147)
	at org.springframework.boot.web.embedded.tomcat.TomcatWebServer.<init>(TomcatWebServer.java:107)
	at org.springframework.boot.web.embedded.tomcat.TomcatServletWebServerFactory.getTomcatWebServer(TomcatServletWebServerFactory.java:516)
	at org.springframework.boot.web.embedded.tomcat.TomcatServletWebServerFactory.getWebServer(TomcatServletWebServerFactory.java:222)
	at org.springframework.boot.web.servlet.context.ServletWebServerApplicationContext.createWebServer(ServletWebServerApplicationContext.java:188)
	at org.springframework.boot.web.servlet.context.ServletWebServerApplicationContext.onRefresh(ServletWebServerApplicationContext.java:162)
	... 11 common frames omitted
Caused by: org.springframework.beans.factory.BeanCreationException: Error creating bean with name 'jwtAuthenticationFilter': Lookup method resolution failed
	at org.springframework.beans.factory.annotation.AutowiredAnnotationBeanPostProcessor.checkLookupMethods(AutowiredAnnotationBeanPostProcessor.java:498)
	at org.springframework.beans.factory.annotation.AutowiredAnnotationBeanPostProcessor.determineCandidateConstructors(AutowiredAnnotationBeanPostProcessor.java:368)
	at org.springframework.beans.factory.support.AbstractAutowireCapableBeanFactory.determineConstructorsFromBeanPostProcessors(AbstractAutowireCapableBeanFactory.java:1314)
	at org.springframework.beans.factory.support.AbstractAutowireCapableBeanFactory.createBeanInstance(AbstractAutowireCapableBeanFactory.java:1209)
	at org.springframework.beans.factory.support.AbstractAutowireCapableBeanFactory.doCreateBean(AbstractAutowireCapableBeanFactory.java:562)
	at org.springframework.beans.factory.support.AbstractAutowireCapableBeanFactory.createBean(AbstractAutowireCapableBeanFactory.java:522)
	at org.springframework.beans.factory.support.AbstractBeanFactory.lambda$doGetBean$0(AbstractBeanFactory.java:337)
	at org.springframework.beans.factory.support.DefaultSingletonBeanRegistry.getSingleton(DefaultSingletonBeanRegistry.java:234)
	at org.springframework.beans.factory.support.AbstractBeanFactory.doGetBean(AbstractBeanFactory.java:335)
	at org.springframework.beans.factory.support.AbstractBeanFactory.getBean(AbstractBeanFactory.java:205)
	at org.springframework.boot.web.servlet.ServletContextInitializerBeans.getOrderedBeansOfType(ServletContextInitializerBeans.java:211)
	at org.springframework.boot.web.servlet.ServletContextInitializerBeans.addAsRegistrationBean(ServletContextInitializerBeans.java:174)
	at org.springframework.boot.web.servlet.ServletContextInitializerBeans.addAsRegistrationBean(ServletContextInitializerBeans.java:169)
	at org.springframework.boot.web.servlet.ServletContextInitializerBeans.addAdaptableBeans(ServletContextInitializerBeans.java:154)
	at org.springframework.boot.web.servlet.ServletContextInitializerBeans.<init>(ServletContextInitializerBeans.java:87)
	at org.springframework.boot.web.servlet.context.ServletWebServerApplicationContext.getServletContextInitializerBeans(ServletWebServerApplicationContext.java:266)
	at org.springframework.boot.web.servlet.context.ServletWebServerApplicationContext.selfInitialize(ServletWebServerApplicationContext.java:240)
	at org.springframework.boot.web.embedded.tomcat.TomcatStarter.onStartup(TomcatStarter.java:52)
	at org.apache.catalina.core.StandardContext.startInternal(StandardContext.java:4412)
	at org.apache.catalina.util.LifecycleBase.start(LifecycleBase.java:164)
	at org.apache.catalina.core.ContainerBase$StartChild.call(ContainerBase.java:1203)
	at org.apache.catalina.core.ContainerBase$StartChild.call(ContainerBase.java:1193)
	at java.base/java.util.concurrent.FutureTask.run(FutureTask.java:317)
	at org.apache.tomcat.util.threads.InlineExecutorService.execute(InlineExecutorService.java:75)
	at java.base/java.util.concurrent.AbstractExecutorService.submit(AbstractExecutorService.java:145)
	at org.apache.catalina.core.ContainerBase.startInternal(ContainerBase.java:749)
	at org.apache.catalina.core.StandardHost.startInternal(StandardHost.java:772)
	at org.apache.catalina.util.LifecycleBase.start(LifecycleBase.java:164)
	at org.apache.catalina.core.ContainerBase$StartChild.call(ContainerBase.java:1203)
	at org.apache.catalina.core.ContainerBase$StartChild.call(ContainerBase.java:1193)
	at java.base/java.util.concurrent.FutureTask.run(FutureTask.java:317)
	at org.apache.tomcat.util.threads.InlineExecutorService.execute(InlineExecutorService.java:75)
	at java.base/java.util.concurrent.AbstractExecutorService.submit(AbstractExecutorService.java:145)
	at org.apache.catalina.core.ContainerBase.startInternal(ContainerBase.java:749)
	at org.apache.catalina.core.StandardEngine.startInternal(StandardEngine.java:203)
	at org.apache.catalina.util.LifecycleBase.start(LifecycleBase.java:164)
	at org.apache.catalina.core.StandardService.startInternal(StandardService.java:415)
	at org.apache.catalina.util.LifecycleBase.start(LifecycleBase.java:164)
	at org.apache.catalina.core.StandardServer.startInternal(StandardServer.java:870)
	at org.apache.catalina.util.LifecycleBase.start(LifecycleBase.java:164)
	at org.apache.catalina.startup.Tomcat.start(Tomcat.java:437)
	at org.springframework.boot.web.embedded.tomcat.TomcatWebServer.initialize(TomcatWebServer.java:128)
	... 16 common frames omitted
Caused by: java.lang.IllegalStateException: Failed to introspect Class [com.reservation.config.JwtAuthenticationFilter] from ClassLoader [org.springframework.boot.devtools.restart.classloader.RestartClassLoader@6d5c98a8]
	at org.springframework.util.ReflectionUtils.getDeclaredMethods(ReflectionUtils.java:483)
	at org.springframework.util.ReflectionUtils.doWithLocalMethods(ReflectionUtils.java:320)
	at org.springframework.beans.factory.annotation.AutowiredAnnotationBeanPostProcessor.checkLookupMethods(AutowiredAnnotationBeanPostProcessor.java:476)
	... 57 common frames omitted
Caused by: java.lang.NoClassDefFoundError: HttpServletRequest
	at java.base/java.lang.Class.getDeclaredMethods0(Native Method)
	at java.base/java.lang.Class.privateGetDeclaredMethods(Class.java:3578)
	at java.base/java.lang.Class.getDeclaredMethods(Class.java:2676)
	at org.springframework.util.ReflectionUtils.getDeclaredMethods(ReflectionUtils.java:465)
	... 59 common frames omitted
Caused by: java.lang.ClassNotFoundException: HttpServletRequest
	at java.base/jdk.internal.loader.BuiltinClassLoader.loadClass(BuiltinClassLoader.java:641)
	at java.base/jdk.internal.loader.ClassLoaders$AppClassLoader.loadClass(ClassLoaders.java:188)
	at java.base/java.lang.ClassLoader.loadClass(ClassLoader.java:526)
	at java.base/java.lang.Class.forName0(Native Method)
	at java.base/java.lang.Class.forName(Class.java:534)
	at java.base/java.lang.Class.forName(Class.java:513)
	at org.springframework.boot.devtools.restart.classloader.RestartClassLoader.loadClass(RestartClassLoader.java:121)
	at java.base/java.lang.ClassLoader.loadClass(ClassLoader.java:526)
	... 63 common frames omitted
2026-08-26T21:46:59.339+08:00 INFO  c.r.SpringBootMergeApplication : Starting SpringBootMergeApplication using Java 21.0.8 with PID 24452 (H:\2026\lesson-appointment\api\target\classes started by Administrator in H:\2026\lesson-appointment\api)
2026-08-26T21:46:59.481+08:00 INFO  c.r.SpringBootMergeApplication : No active profile set, falling back to 1 default profile: "default"
2026-08-26T21:47:01.212+08:00 INFO  o.s.b.w.e.tomcat.TomcatWebServer : Tomcat initialized with port 8081 (http)
2026-08-26T21:47:01.475+08:00 INFO  o.a.coyote.http11.Http11NioProtocol : Initializing ProtocolHandler ["http-nio-8081"]
2026-08-26T21:47:01.558+08:00 INFO  o.a.catalina.core.StandardService : Starting service [Tomcat]
2026-08-26T21:47:01.719+08:00 INFO  o.a.catalina.core.StandardEngine : Starting Servlet engine: [Apache Tomcat/10.1.31]
2026-08-26T21:47:01.885+08:00 INFO  o.a.c.c.C.[.[localhost].[/] : Initializing Spring embedded WebApplicationContext
2026-08-26T21:47:01.992+08:00 INFO  o.s.b.w.s.c.ServletWebServerApplicationContext : Root WebApplicationContext: initialization completed in 2445 ms
2026-08-26T21:47:02.067+08:00 ERROR o.s.b.w.e.tomcat.TomcatStarter : Error starting Tomcat context. Exception: org.springframework.beans.factory.BeanCreationException. Message: Error creating bean with name 'jwtAuthenticationFilter': Lookup method resolution failed
2026-08-26T21:47:02.122+08:00 INFO  o.a.catalina.core.StandardService : Stopping service [Tomcat]
2026-08-26T21:47:02.289+08:00 WARN  o.s.b.w.s.c.AnnotationConfigServletWebServerApplicationContext : Exception encountered during context initialization - cancelling refresh attempt: org.springframework.context.ApplicationContextException: Unable to start web server
2026-08-26T21:47:02.509+08:00 INFO  o.s.b.a.l.ConditionEvaluationReportLogger : 

Error starting ApplicationContext. To display the condition evaluation report re-run your application with 'debug' enabled.
2026-08-26T21:47:02.672+08:00 ERROR o.s.boot.SpringApplication : Application run failed
org.springframework.context.ApplicationContextException: Unable to start web server
	at org.springframework.boot.web.servlet.context.ServletWebServerApplicationContext.onRefresh(ServletWebServerApplicationContext.java:165)
	at org.springframework.context.support.AbstractApplicationContext.refresh(AbstractApplicationContext.java:619)
	at org.springframework.boot.web.servlet.context.ServletWebServerApplicationContext.refresh(ServletWebServerApplicationContext.java:146)
	at org.springframework.boot.SpringApplication.refresh(SpringApplication.java:754)
	at org.springframework.boot.SpringApplication.refreshContext(SpringApplication.java:456)
	at org.springframework.boot.SpringApplication.run(SpringApplication.java:335)
	at org.springframework.boot.SpringApplication.run(SpringApplication.java:1363)
	at org.springframework.boot.SpringApplication.run(SpringApplication.java:1352)
	at com.reservation.SpringBootMergeApplication.main(SpringBootMergeApplication.java:21)
	at java.base/jdk.internal.reflect.DirectMethodHandleAccessor.invoke(DirectMethodHandleAccessor.java:103)
	at java.base/java.lang.reflect.Method.invoke(Method.java:580)
	at org.springframework.boot.devtools.restart.RestartLauncher.run(RestartLauncher.java:50)
Caused by: org.springframework.boot.web.server.WebServerException: Unable to start embedded Tomcat
	at org.springframework.boot.web.embedded.tomcat.TomcatWebServer.initialize(TomcatWebServer.java:147)
	at org.springframework.boot.web.embedded.tomcat.TomcatWebServer.<init>(TomcatWebServer.java:107)
	at org.springframework.boot.web.embedded.tomcat.TomcatServletWebServerFactory.getTomcatWebServer(TomcatServletWebServerFactory.java:516)
	at org.springframework.boot.web.embedded.tomcat.TomcatServletWebServerFactory.getWebServer(TomcatServletWebServerFactory.java:222)
	at org.springframework.boot.web.servlet.context.ServletWebServerApplicationContext.createWebServer(ServletWebServerApplicationContext.java:188)
	at org.springframework.boot.web.servlet.context.ServletWebServerApplicationContext.onRefresh(ServletWebServerApplicationContext.java:162)
	... 11 common frames omitted
Caused by: org.springframework.beans.factory.BeanCreationException: Error creating bean with name 'jwtAuthenticationFilter': Lookup method resolution failed
	at org.springframework.beans.factory.annotation.AutowiredAnnotationBeanPostProcessor.checkLookupMethods(AutowiredAnnotationBeanPostProcessor.java:498)
	at org.springframework.beans.factory.annotation.AutowiredAnnotationBeanPostProcessor.determineCandidateConstructors(AutowiredAnnotationBeanPostProcessor.java:368)
	at org.springframework.beans.factory.support.AbstractAutowireCapableBeanFactory.determineConstructorsFromBeanPostProcessors(AbstractAutowireCapableBeanFactory.java:1314)
	at org.springframework.beans.factory.support.AbstractAutowireCapableBeanFactory.createBeanInstance(AbstractAutowireCapableBeanFactory.java:1209)
	at org.springframework.beans.factory.support.AbstractAutowireCapableBeanFactory.doCreateBean(AbstractAutowireCapableBeanFactory.java:562)
	at org.springframework.beans.factory.support.AbstractAutowireCapableBeanFactory.createBean(AbstractAutowireCapableBeanFactory.java:522)
	at org.springframework.beans.factory.support.AbstractBeanFactory.lambda$doGetBean$0(AbstractBeanFactory.java:337)
	at org.springframework.beans.factory.support.DefaultSingletonBeanRegistry.getSingleton(DefaultSingletonBeanRegistry.java:234)
	at org.springframework.beans.factory.support.AbstractBeanFactory.doGetBean(AbstractBeanFactory.java:335)
	at org.springframework.beans.factory.support.AbstractBeanFactory.getBean(AbstractBeanFactory.java:205)
	at org.springframework.boot.web.servlet.ServletContextInitializerBeans.getOrderedBeansOfType(ServletContextInitializerBeans.java:211)
	at org.springframework.boot.web.servlet.ServletContextInitializerBeans.addAsRegistrationBean(ServletContextInitializerBeans.java:174)
	at org.springframework.boot.web.servlet.ServletContextInitializerBeans.addAsRegistrationBean(ServletContextInitializerBeans.java:169)
	at org.springframework.boot.web.servlet.ServletContextInitializerBeans.addAdaptableBeans(ServletContextInitializerBeans.java:154)
	at org.springframework.boot.web.servlet.ServletContextInitializerBeans.<init>(ServletContextInitializerBeans.java:87)
	at org.springframework.boot.web.servlet.context.ServletWebServerApplicationContext.getServletContextInitializerBeans(ServletWebServerApplicationContext.java:266)
	at org.springframework.boot.web.servlet.context.ServletWebServerApplicationContext.selfInitialize(ServletWebServerApplicationContext.java:240)
	at org.springframework.boot.web.embedded.tomcat.TomcatStarter.onStartup(TomcatStarter.java:52)
	at org.apache.catalina.core.StandardContext.startInternal(StandardContext.java:4412)
	at org.apache.catalina.util.LifecycleBase.start(LifecycleBase.java:164)
	at org.apache.catalina.core.ContainerBase$StartChild.call(ContainerBase.java:1203)
	at org.apache.catalina.core.ContainerBase$StartChild.call(ContainerBase.java:1193)
	at java.base/java.util.concurrent.FutureTask.run(FutureTask.java:317)
	at org.apache.tomcat.util.threads.InlineExecutorService.execute(InlineExecutorService.java:75)
	at java.base/java.util.concurrent.AbstractExecutorService.submit(AbstractExecutorService.java:145)
	at org.apache.catalina.core.ContainerBase.startInternal(ContainerBase.java:749)
	at org.apache.catalina.core.StandardHost.startInternal(StandardHost.java:772)
	at org.apache.catalina.util.LifecycleBase.start(LifecycleBase.java:164)
	at org.apache.catalina.core.ContainerBase$StartChild.call(ContainerBase.java:1203)
	at org.apache.catalina.core.ContainerBase$StartChild.call(ContainerBase.java:1193)
	at java.base/java.util.concurrent.FutureTask.run(FutureTask.java:317)
	at org.apache.tomcat.util.threads.InlineExecutorService.execute(InlineExecutorService.java:75)
	at java.base/java.util.concurrent.AbstractExecutorService.submit(AbstractExecutorService.java:145)
	at org.apache.catalina.core.ContainerBase.startInternal(ContainerBase.java:749)
	at org.apache.catalina.core.StandardEngine.startInternal(StandardEngine.java:203)
	at org.apache.catalina.util.LifecycleBase.start(LifecycleBase.java:164)
	at org.apache.catalina.core.StandardService.startInternal(StandardService.java:415)
	at org.apache.catalina.util.LifecycleBase.start(LifecycleBase.java:164)
	at org.apache.catalina.core.StandardServer.startInternal(StandardServer.java:870)
	at org.apache.catalina.util.LifecycleBase.start(LifecycleBase.java:164)
	at org.apache.catalina.startup.Tomcat.start(Tomcat.java:437)
	at org.springframework.boot.web.embedded.tomcat.TomcatWebServer.initialize(TomcatWebServer.java:128)
	... 16 common frames omitted
Caused by: java.lang.IllegalStateException: Failed to introspect Class [com.reservation.config.JwtAuthenticationFilter] from ClassLoader [org.springframework.boot.devtools.restart.classloader.RestartClassLoader@1ee86602]
	at org.springframework.util.ReflectionUtils.getDeclaredMethods(ReflectionUtils.java:483)
	at org.springframework.util.ReflectionUtils.doWithLocalMethods(ReflectionUtils.java:320)
	at org.springframework.beans.factory.annotation.AutowiredAnnotationBeanPostProcessor.checkLookupMethods(AutowiredAnnotationBeanPostProcessor.java:476)
	... 57 common frames omitted
Caused by: java.lang.NoClassDefFoundError: HttpServletRequest
	at java.base/java.lang.Class.getDeclaredMethods0(Native Method)
	at java.base/java.lang.Class.privateGetDeclaredMethods(Class.java:3578)
	at java.base/java.lang.Class.getDeclaredMethods(Class.java:2676)
	at org.springframework.util.ReflectionUtils.getDeclaredMethods(ReflectionUtils.java:465)
	... 59 common frames omitted
Caused by: java.lang.ClassNotFoundException: HttpServletRequest
	at java.base/jdk.internal.loader.BuiltinClassLoader.loadClass(BuiltinClassLoader.java:641)
	at java.base/jdk.internal.loader.ClassLoaders$AppClassLoader.loadClass(ClassLoaders.java:188)
	at java.base/java.lang.ClassLoader.loadClass(ClassLoader.java:526)
	at java.base/java.lang.Class.forName0(Native Method)
	at java.base/java.lang.Class.forName(Class.java:534)
	at java.base/java.lang.Class.forName(Class.java:513)
	at org.springframework.boot.devtools.restart.classloader.RestartClassLoader.loadClass(RestartClassLoader.java:121)
	at java.base/java.lang.ClassLoader.loadClass(ClassLoader.java:526)
	... 63 common frames omitted
2026-08-26T21:47:44.217+08:00 INFO  c.r.SpringBootMergeApplication : Starting SpringBootMergeApplication using Java 21.0.8 with PID 24452 (H:\2026\lesson-appointment\api\target\classes started by Administrator in H:\2026\lesson-appointment\api)
2026-08-26T21:47:44.310+08:00 INFO  c.r.SpringBootMergeApplication : No active profile set, falling back to 1 default profile: "default"
2026-08-26T21:47:46.604+08:00 INFO  o.s.b.w.e.tomcat.TomcatWebServer : Tomcat initialized with port 8081 (http)
2026-08-26T21:47:46.886+08:00 INFO  o.a.coyote.http11.Http11NioProtocol : Initializing ProtocolHandler ["http-nio-8081"]
2026-08-26T21:47:46.960+08:00 INFO  o.a.catalina.core.StandardService : Starting service [Tomcat]
2026-08-26T21:47:47.229+08:00 INFO  o.a.catalina.core.StandardEngine : Starting Servlet engine: [Apache Tomcat/10.1.31]
2026-08-26T21:47:47.448+08:00 INFO  o.a.c.c.C.[.[localhost].[/] : Initializing Spring embedded WebApplicationContext
2026-08-26T21:47:47.517+08:00 INFO  o.s.b.w.s.c.ServletWebServerApplicationContext : Root WebApplicationContext: initialization completed in 3102 ms
2026-08-26T21:47:47.598+08:00 ERROR o.s.b.w.e.tomcat.TomcatStarter : Error starting Tomcat context. Exception: org.springframework.beans.factory.BeanCreationException. Message: Error creating bean with name 'jwtAuthenticationFilter': Lookup method resolution failed
2026-08-26T21:47:47.636+08:00 INFO  o.a.catalina.core.StandardService : Stopping service [Tomcat]
2026-08-26T21:47:47.657+08:00 WARN  o.s.b.w.s.c.AnnotationConfigServletWebServerApplicationContext : Exception encountered during context initialization - cancelling refresh attempt: org.springframework.context.ApplicationContextException: Unable to start web server
2026-08-26T21:47:47.709+08:00 INFO  o.s.b.a.l.ConditionEvaluationReportLogger : 

Error starting ApplicationContext. To display the condition evaluation report re-run your application with 'debug' enabled.
2026-08-26T21:47:47.740+08:00 ERROR o.s.boot.SpringApplication : Application run failed
org.springframework.context.ApplicationContextException: Unable to start web server
	at org.springframework.boot.web.servlet.context.ServletWebServerApplicationContext.onRefresh(ServletWebServerApplicationContext.java:165)
	at org.springframework.context.support.AbstractApplicationContext.refresh(AbstractApplicationContext.java:619)
	at org.springframework.boot.web.servlet.context.ServletWebServerApplicationContext.refresh(ServletWebServerApplicationContext.java:146)
	at org.springframework.boot.SpringApplication.refresh(SpringApplication.java:754)
	at org.springframework.boot.SpringApplication.refreshContext(SpringApplication.java:456)
	at org.springframework.boot.SpringApplication.run(SpringApplication.java:335)
	at org.springframework.boot.SpringApplication.run(SpringApplication.java:1363)
	at org.springframework.boot.SpringApplication.run(SpringApplication.java:1352)
	at com.reservation.SpringBootMergeApplication.main(SpringBootMergeApplication.java:21)
	at java.base/jdk.internal.reflect.DirectMethodHandleAccessor.invoke(DirectMethodHandleAccessor.java:103)
	at java.base/java.lang.reflect.Method.invoke(Method.java:580)
	at org.springframework.boot.devtools.restart.RestartLauncher.run(RestartLauncher.java:50)
Caused by: org.springframework.boot.web.server.WebServerException: Unable to start embedded Tomcat
	at org.springframework.boot.web.embedded.tomcat.TomcatWebServer.initialize(TomcatWebServer.java:147)
	at org.springframework.boot.web.embedded.tomcat.TomcatWebServer.<init>(TomcatWebServer.java:107)
	at org.springframework.boot.web.embedded.tomcat.TomcatServletWebServerFactory.getTomcatWebServer(TomcatServletWebServerFactory.java:516)
	at org.springframework.boot.web.embedded.tomcat.TomcatServletWebServerFactory.getWebServer(TomcatServletWebServerFactory.java:222)
	at org.springframework.boot.web.servlet.context.ServletWebServerApplicationContext.createWebServer(ServletWebServerApplicationContext.java:188)
	at org.springframework.boot.web.servlet.context.ServletWebServerApplicationContext.onRefresh(ServletWebServerApplicationContext.java:162)
	... 11 common frames omitted
Caused by: org.springframework.beans.factory.BeanCreationException: Error creating bean with name 'jwtAuthenticationFilter': Lookup method resolution failed
	at org.springframework.beans.factory.annotation.AutowiredAnnotationBeanPostProcessor.checkLookupMethods(AutowiredAnnotationBeanPostProcessor.java:498)
	at org.springframework.beans.factory.annotation.AutowiredAnnotationBeanPostProcessor.determineCandidateConstructors(AutowiredAnnotationBeanPostProcessor.java:368)
	at org.springframework.beans.factory.support.AbstractAutowireCapableBeanFactory.determineConstructorsFromBeanPostProcessors(AbstractAutowireCapableBeanFactory.java:1314)
	at org.springframework.beans.factory.support.AbstractAutowireCapableBeanFactory.createBeanInstance(AbstractAutowireCapableBeanFactory.java:1209)
	at org.springframework.beans.factory.support.AbstractAutowireCapableBeanFactory.doCreateBean(AbstractAutowireCapableBeanFactory.java:562)
	at org.springframework.beans.factory.support.AbstractAutowireCapableBeanFactory.createBean(AbstractAutowireCapableBeanFactory.java:522)
	at org.springframework.beans.factory.support.AbstractBeanFactory.lambda$doGetBean$0(AbstractBeanFactory.java:337)
	at org.springframework.beans.factory.support.DefaultSingletonBeanRegistry.getSingleton(DefaultSingletonBeanRegistry.java:234)
	at org.springframework.beans.factory.support.AbstractBeanFactory.doGetBean(AbstractBeanFactory.java:335)
	at org.springframework.beans.factory.support.AbstractBeanFactory.getBean(AbstractBeanFactory.java:205)
	at org.springframework.boot.web.servlet.ServletContextInitializerBeans.getOrderedBeansOfType(ServletContextInitializerBeans.java:211)
	at org.springframework.boot.web.servlet.ServletContextInitializerBeans.addAsRegistrationBean(ServletContextInitializerBeans.java:174)
	at org.springframework.boot.web.servlet.ServletContextInitializerBeans.addAsRegistrationBean(ServletContextInitializerBeans.java:169)
	at org.springframework.boot.web.servlet.ServletContextInitializerBeans.addAdaptableBeans(ServletContextInitializerBeans.java:154)
	at org.springframework.boot.web.servlet.ServletContextInitializerBeans.<init>(ServletContextInitializerBeans.java:87)
	at org.springframework.boot.web.servlet.context.ServletWebServerApplicationContext.getServletContextInitializerBeans(ServletWebServerApplicationContext.java:266)
	at org.springframework.boot.web.servlet.context.ServletWebServerApplicationContext.selfInitialize(ServletWebServerApplicationContext.java:240)
	at org.springframework.boot.web.embedded.tomcat.TomcatStarter.onStartup(TomcatStarter.java:52)
	at org.apache.catalina.core.StandardContext.startInternal(StandardContext.java:4412)
	at org.apache.catalina.util.LifecycleBase.start(LifecycleBase.java:164)
	at org.apache.catalina.core.ContainerBase$StartChild.call(ContainerBase.java:1203)
	at org.apache.catalina.core.ContainerBase$StartChild.call(ContainerBase.java:1193)
	at java.base/java.util.concurrent.FutureTask.run(FutureTask.java:317)
	at org.apache.tomcat.util.threads.InlineExecutorService.execute(InlineExecutorService.java:75)
	at java.base/java.util.concurrent.AbstractExecutorService.submit(AbstractExecutorService.java:145)
	at org.apache.catalina.core.ContainerBase.startInternal(ContainerBase.java:749)
	at org.apache.catalina.core.StandardHost.startInternal(StandardHost.java:772)
	at org.apache.catalina.util.LifecycleBase.start(LifecycleBase.java:164)
	at org.apache.catalina.core.ContainerBase$StartChild.call(ContainerBase.java:1203)
	at org.apache.catalina.core.ContainerBase$StartChild.call(ContainerBase.java:1193)
	at java.base/java.util.concurrent.FutureTask.run(FutureTask.java:317)
	at org.apache.tomcat.util.threads.InlineExecutorService.execute(InlineExecutorService.java:75)
	at java.base/java.util.concurrent.AbstractExecutorService.submit(AbstractExecutorService.java:145)
	at org.apache.catalina.core.ContainerBase.startInternal(ContainerBase.java:749)
	at org.apache.catalina.core.StandardEngine.startInternal(StandardEngine.java:203)
	at org.apache.catalina.util.LifecycleBase.start(LifecycleBase.java:164)
	at org.apache.catalina.core.StandardService.startInternal(StandardService.java:415)
	at org.apache.catalina.util.LifecycleBase.start(LifecycleBase.java:164)
	at org.apache.catalina.core.StandardServer.startInternal(StandardServer.java:870)
	at org.apache.catalina.util.LifecycleBase.start(LifecycleBase.java:164)
	at org.apache.catalina.startup.Tomcat.start(Tomcat.java:437)
	at org.springframework.boot.web.embedded.tomcat.TomcatWebServer.initialize(TomcatWebServer.java:128)
	... 16 common frames omitted
Caused by: java.lang.IllegalStateException: Failed to introspect Class [com.reservation.config.JwtAuthenticationFilter] from ClassLoader [org.springframework.boot.devtools.restart.classloader.RestartClassLoader@4b25833c]
	at org.springframework.util.ReflectionUtils.getDeclaredMethods(ReflectionUtils.java:483)
	at org.springframework.util.ReflectionUtils.doWithLocalMethods(ReflectionUtils.java:320)
	at org.springframework.beans.factory.annotation.AutowiredAnnotationBeanPostProcessor.checkLookupMethods(AutowiredAnnotationBeanPostProcessor.java:476)
	... 57 common frames omitted
Caused by: java.lang.NoClassDefFoundError: HttpServletRequest
	at java.base/java.lang.Class.getDeclaredMethods0(Native Method)
	at java.base/java.lang.Class.privateGetDeclaredMethods(Class.java:3578)
	at java.base/java.lang.Class.getDeclaredMethods(Class.java:2676)
	at org.springframework.util.ReflectionUtils.getDeclaredMethods(ReflectionUtils.java:465)
	... 59 common frames omitted
Caused by: java.lang.ClassNotFoundException: HttpServletRequest
	at java.base/jdk.internal.loader.BuiltinClassLoader.loadClass(BuiltinClassLoader.java:641)
	at java.base/jdk.internal.loader.ClassLoaders$AppClassLoader.loadClass(ClassLoaders.java:188)
	at java.base/java.lang.ClassLoader.loadClass(ClassLoader.java:526)
	at java.base/java.lang.Class.forName0(Native Method)
	at java.base/java.lang.Class.forName(Class.java:534)
	at java.base/java.lang.Class.forName(Class.java:513)
	at org.springframework.boot.devtools.restart.classloader.RestartClassLoader.loadClass(RestartClassLoader.java:121)
	at java.base/java.lang.ClassLoader.loadClass(ClassLoader.java:526)
	... 63 common frames omitted
2026-08-26T21:59:27.696+08:00 INFO  o.h.validator.internal.util.Version : HV000001: Hibernate Validator 8.0.1.Final
2026-08-26T21:59:27.782+08:00 INFO  c.r.SpringBootMergeApplication : Starting SpringBootMergeApplication using Java 21.0.8 with PID 25960 (H:\2026\lesson-appointment\api\target\classes started by Administrator in H:\2026\lesson-appointment\api)
2026-08-26T21:59:27.784+08:00 INFO  c.r.SpringBootMergeApplication : No active profile set, falling back to 1 default profile: "default"
2026-08-26T21:59:27.887+08:00 INFO  o.s.b.d.e.DevToolsPropertyDefaultsPostProcessor : Devtools property defaults active! Set 'spring.devtools.add-properties' to 'false' to disable
2026-08-26T21:59:27.892+08:00 INFO  o.s.b.d.e.DevToolsPropertyDefaultsPostProcessor : For additional web related logging consider setting the 'logging.level.web' property to 'DEBUG'
2026-08-26T21:59:30.558+08:00 INFO  o.s.b.w.e.tomcat.TomcatWebServer : Tomcat initialized with port 8081 (http)
2026-08-26T21:59:30.580+08:00 INFO  o.a.coyote.http11.Http11NioProtocol : Initializing ProtocolHandler ["http-nio-8081"]
2026-08-26T21:59:30.589+08:00 INFO  o.a.catalina.core.StandardService : Starting service [Tomcat]
2026-08-26T21:59:30.590+08:00 INFO  o.a.catalina.core.StandardEngine : Starting Servlet engine: [Apache Tomcat/10.1.31]
2026-08-26T21:59:30.671+08:00 INFO  o.a.c.c.C.[Tomcat].[localhost].[/] : Initializing Spring embedded WebApplicationContext
2026-08-26T21:59:30.672+08:00 INFO  o.s.b.w.s.c.ServletWebServerApplicationContext : Root WebApplicationContext: initialization completed in 2779 ms
2026-08-26T21:59:31.337+08:00 WARN  c.b.m.core.injector.methods.Insert : [com.reservation.mapper.AuditLogMapper.insert] Has been loaded by XML or SqlProvider or Mybatis's Annotation, so ignoring this injection for [class com.baomidou.mybatisplus.core.injector.methods.Insert]
2026-08-26T21:59:31.476+08:00 WARN  c.b.m.c.injector.methods.SelectList : [com.reservation.mapper.BookingMapper.selectList] Has been loaded by XML or SqlProvider or Mybatis's Annotation, so ignoring this injection for [class com.baomidou.mybatisplus.core.injector.methods.SelectList]
2026-08-26T21:59:31.498+08:00 WARN  c.b.m.c.injector.methods.SelectById : [com.reservation.mapper.BookingMapper.selectById] Has been loaded by XML or SqlProvider or Mybatis's Annotation, so ignoring this injection for [class com.baomidou.mybatisplus.core.injector.methods.SelectById]
2026-08-26T21:59:31.640+08:00 WARN  c.b.m.core.injector.methods.Update : [com.reservation.mapper.CourseScheduleMapper.update] Has been loaded by XML or SqlProvider or Mybatis's Annotation, so ignoring this injection for [class com.baomidou.mybatisplus.core.injector.methods.Update]
2026-08-26T21:59:32.903+08:00 WARN  o.s.b.a.s.s.UserDetailsServiceAutoConfiguration : 

Using generated security password: d9ce47d2-ef9a-4a09-a5a7-6c3b8af0263d

This generated password is for development use only. Your security configuration must be updated before running your application in production.

2026-08-26T21:59:32.912+08:00 INFO  o.s.s.c.a.a.c.InitializeUserDetailsBeanManagerConfigurer$InitializeUserDetailsManagerConfigurer : Global AuthenticationManager configured with UserDetailsService bean with name inMemoryUserDetailsManager
2026-08-26T21:59:33.009+08:00 INFO  o.s.b.a.w.s.WelcomePageHandlerMapping : Adding welcome page: class path resource [static/index.html]
2026-08-26T21:59:33.744+08:00 INFO  o.s.b.d.a.OptionalLiveReloadServer : LiveReload server is running on port 35729
2026-08-26T21:59:33.771+08:00 INFO  o.a.coyote.http11.Http11NioProtocol : Starting ProtocolHandler ["http-nio-8081"]
2026-08-26T21:59:33.805+08:00 INFO  o.s.b.w.e.tomcat.TomcatWebServer : Tomcat started on port 8081 (http) with context path '/'
2026-08-26T21:59:33.815+08:00 INFO  c.r.SpringBootMergeApplication : Started SpringBootMergeApplication in 7.122 seconds (process running for 8.055)
2026-08-26T22:00:09.501+08:00 INFO  o.a.c.c.C.[Tomcat].[localhost].[/] : Initializing Spring DispatcherServlet 'dispatcherServlet'
2026-08-26T22:00:09.502+08:00 INFO  o.s.web.servlet.DispatcherServlet : Initializing Servlet 'dispatcherServlet'
2026-08-26T22:00:09.504+08:00 INFO  o.s.web.servlet.DispatcherServlet : Completed initialization in 2 ms
2026-08-26T22:00:13.202+08:00 INFO  com.zaxxer.hikari.HikariDataSource : HikariPool-1 - Starting...
2026-08-26T22:00:13.446+08:00 INFO  com.zaxxer.hikari.pool.HikariPool : HikariPool-1 - Added connection com.mysql.cj.jdbc.ConnectionImpl@7b3d3b02
2026-08-26T22:00:13.449+08:00 INFO  com.zaxxer.hikari.HikariDataSource : HikariPool-1 - Start completed.
2026-08-26T22:00:13.529+08:00 INFO  c.r.service.AppointmentService : getBetweenTimeByPage:userId bcd4799f-c0b9-45e2-a0c5-8ff57261bb17 role teacher bookingIdList: []
2026-08-26T22:00:13.594+08:00 INFO  c.r.service.AppointmentService : getCountBetweenTimeByPage:userId bcd4799f-c0b9-45e2-a0c5-8ff57261bb17 role teacher bookingIdList: []
2026-08-26T22:02:26.556+08:00 INFO  o.s.b.d.a.LocalDevToolsAutoConfiguration$RestartingClassPathChangeChangedEventListener : Restarting due to 5 class path changes (0 additions, 0 deletions, 5 modifications)
2026-08-26T22:02:26.665+08:00 INFO  o.a.coyote.http11.Http11NioProtocol : Stopping ProtocolHandler ["http-nio-8081"]
2026-08-26T22:02:26.748+08:00 INFO  com.zaxxer.hikari.HikariDataSource : HikariPool-1 - Shutdown initiated...
2026-08-26T22:02:26.797+08:00 INFO  com.zaxxer.hikari.HikariDataSource : HikariPool-1 - Shutdown completed.
2026-08-26T22:02:27.681+08:00 INFO  c.r.SpringBootMergeApplication : Starting SpringBootMergeApplication using Java 21.0.8 with PID 25960 (H:\2026\lesson-appointment\api\target\classes started by Administrator in H:\2026\lesson-appointment\api)
2026-08-26T22:02:27.694+08:00 INFO  c.r.SpringBootMergeApplication : No active profile set, falling back to 1 default profile: "default"
2026-08-26T22:02:28.698+08:00 INFO  o.s.b.w.e.tomcat.TomcatWebServer : Tomcat initialized with port 8081 (http)
2026-08-26T22:02:28.700+08:00 INFO  o.a.coyote.http11.Http11NioProtocol : Initializing ProtocolHandler ["http-nio-8081"]
2026-08-26T22:02:28.700+08:00 INFO  o.a.catalina.core.StandardService : Starting service [Tomcat]
2026-08-26T22:02:28.701+08:00 INFO  o.a.catalina.core.StandardEngine : Starting Servlet engine: [Apache Tomcat/10.1.31]
2026-08-26T22:02:28.718+08:00 INFO  o.a.c.c.C.[Tomcat].[localhost].[/] : Initializing Spring embedded WebApplicationContext
2026-08-26T22:02:28.718+08:00 INFO  o.s.b.w.s.c.ServletWebServerApplicationContext : Root WebApplicationContext: initialization completed in 1019 ms
2026-08-26T22:02:28.836+08:00 WARN  c.b.m.core.injector.methods.Insert : [com.reservation.mapper.AuditLogMapper.insert] Has been loaded by XML or SqlProvider or Mybatis's Annotation, so ignoring this injection for [class com.baomidou.mybatisplus.core.injector.methods.Insert]
2026-08-26T22:02:28.872+08:00 WARN  c.b.m.c.injector.methods.SelectList : [com.reservation.mapper.BookingMapper.selectList] Has been loaded by XML or SqlProvider or Mybatis's Annotation, so ignoring this injection for [class com.baomidou.mybatisplus.core.injector.methods.SelectList]
2026-08-26T22:02:28.876+08:00 WARN  c.b.m.c.injector.methods.SelectById : [com.reservation.mapper.BookingMapper.selectById] Has been loaded by XML or SqlProvider or Mybatis's Annotation, so ignoring this injection for [class com.baomidou.mybatisplus.core.injector.methods.SelectById]
2026-08-26T22:02:28.928+08:00 WARN  c.b.m.core.injector.methods.Update : [com.reservation.mapper.CourseScheduleMapper.update] Has been loaded by XML or SqlProvider or Mybatis's Annotation, so ignoring this injection for [class com.baomidou.mybatisplus.core.injector.methods.Update]
2026-08-26T22:02:29.123+08:00 WARN  o.s.b.w.s.c.AnnotationConfigServletWebServerApplicationContext : Exception encountered during context initialization - cancelling refresh attempt: org.springframework.beans.factory.UnsatisfiedDependencyException: Error creating bean with name 'appointmentController': Unsatisfied dependency expressed through field 'appointmentService': Error creating bean with name 'appointmentService' defined in file [H:\2026\lesson-appointment\api\target\classes\com\reservation\service\AppointmentService.class]: Failed to instantiate [com.reservation.service.AppointmentService]: Constructor threw exception
2026-08-26T22:02:29.124+08:00 INFO  o.a.catalina.core.StandardService : Stopping service [Tomcat]
2026-08-26T22:02:29.132+08:00 INFO  o.s.b.a.l.ConditionEvaluationReportLogger : 

Error starting ApplicationContext. To display the condition evaluation report re-run your application with 'debug' enabled.
2026-08-26T22:02:29.161+08:00 ERROR o.s.boot.SpringApplication : Application run failed
org.springframework.beans.factory.UnsatisfiedDependencyException: Error creating bean with name 'appointmentController': Unsatisfied dependency expressed through field 'appointmentService': Error creating bean with name 'appointmentService' defined in file [H:\2026\lesson-appointment\api\target\classes\com\reservation\service\AppointmentService.class]: Failed to instantiate [com.reservation.service.AppointmentService]: Constructor threw exception
	at org.springframework.beans.factory.annotation.AutowiredAnnotationBeanPostProcessor$AutowiredFieldElement.resolveFieldValue(AutowiredAnnotationBeanPostProcessor.java:788)
	at org.springframework.beans.factory.annotation.AutowiredAnnotationBeanPostProcessor$AutowiredFieldElement.inject(AutowiredAnnotationBeanPostProcessor.java:768)
	at org.springframework.beans.factory.annotation.InjectionMetadata.inject(InjectionMetadata.java:145)
	at org.springframework.beans.factory.annotation.AutowiredAnnotationBeanPostProcessor.postProcessProperties(AutowiredAnnotationBeanPostProcessor.java:509)
	at org.springframework.beans.factory.support.AbstractAutowireCapableBeanFactory.populateBean(AbstractAutowireCapableBeanFactory.java:1439)
	at org.springframework.beans.factory.support.AbstractAutowireCapableBeanFactory.doCreateBean(AbstractAutowireCapableBeanFactory.java:599)
	at org.springframework.beans.factory.support.AbstractAutowireCapableBeanFactory.createBean(AbstractAutowireCapableBeanFactory.java:522)
	at org.springframework.beans.factory.support.AbstractBeanFactory.lambda$doGetBean$0(AbstractBeanFactory.java:337)
	at org.springframework.beans.factory.support.DefaultSingletonBeanRegistry.getSingleton(DefaultSingletonBeanRegistry.java:234)
	at org.springframework.beans.factory.support.AbstractBeanFactory.doGetBean(AbstractBeanFactory.java:335)
	at org.springframework.beans.factory.support.AbstractBeanFactory.getBean(AbstractBeanFactory.java:200)
	at org.springframework.beans.factory.support.DefaultListableBeanFactory.preInstantiateSingletons(DefaultListableBeanFactory.java:975)
	at org.springframework.context.support.AbstractApplicationContext.finishBeanFactoryInitialization(AbstractApplicationContext.java:971)
	at org.springframework.context.support.AbstractApplicationContext.refresh(AbstractApplicationContext.java:625)
	at org.springframework.boot.web.servlet.context.ServletWebServerApplicationContext.refresh(ServletWebServerApplicationContext.java:146)
	at org.springframework.boot.SpringApplication.refresh(SpringApplication.java:754)
	at org.springframework.boot.SpringApplication.refreshContext(SpringApplication.java:456)
	at org.springframework.boot.SpringApplication.run(SpringApplication.java:335)
	at org.springframework.boot.SpringApplication.run(SpringApplication.java:1363)
	at org.springframework.boot.SpringApplication.run(SpringApplication.java:1352)
	at com.reservation.SpringBootMergeApplication.main(SpringBootMergeApplication.java:21)
	at java.base/jdk.internal.reflect.DirectMethodHandleAccessor.invoke(DirectMethodHandleAccessor.java:103)
	at java.base/java.lang.reflect.Method.invoke(Method.java:580)
	at org.springframework.boot.devtools.restart.RestartLauncher.run(RestartLauncher.java:50)
Caused by: org.springframework.beans.factory.BeanCreationException: Error creating bean with name 'appointmentService' defined in file [H:\2026\lesson-appointment\api\target\classes\com\reservation\service\AppointmentService.class]: Failed to instantiate [com.reservation.service.AppointmentService]: Constructor threw exception
	at org.springframework.beans.factory.support.AbstractAutowireCapableBeanFactory.instantiateBean(AbstractAutowireCapableBeanFactory.java:1337)
	at org.springframework.beans.factory.support.AbstractAutowireCapableBeanFactory.createBeanInstance(AbstractAutowireCapableBeanFactory.java:1222)
	at org.springframework.beans.factory.support.AbstractAutowireCapableBeanFactory.doCreateBean(AbstractAutowireCapableBeanFactory.java:562)
	at org.springframework.beans.factory.support.AbstractAutowireCapableBeanFactory.createBean(AbstractAutowireCapableBeanFactory.java:522)
	at org.springframework.beans.factory.support.AbstractBeanFactory.lambda$doGetBean$0(AbstractBeanFactory.java:337)
	at org.springframework.beans.factory.support.DefaultSingletonBeanRegistry.getSingleton(DefaultSingletonBeanRegistry.java:234)
	at org.springframework.beans.factory.support.AbstractBeanFactory.doGetBean(AbstractBeanFactory.java:335)
	at org.springframework.beans.factory.support.AbstractBeanFactory.getBean(AbstractBeanFactory.java:200)
	at org.springframework.beans.factory.config.DependencyDescriptor.resolveCandidate(DependencyDescriptor.java:254)
	at org.springframework.beans.factory.support.DefaultListableBeanFactory.doResolveDependency(DefaultListableBeanFactory.java:1443)
	at org.springframework.beans.factory.support.DefaultListableBeanFactory.resolveDependency(DefaultListableBeanFactory.java:1353)
	at org.springframework.beans.factory.annotation.AutowiredAnnotationBeanPostProcessor$AutowiredFieldElement.resolveFieldValue(AutowiredAnnotationBeanPostProcessor.java:785)
	... 23 common frames omitted
Caused by: org.springframework.beans.BeanInstantiationException: Failed to instantiate [com.reservation.service.AppointmentService]: Constructor threw exception
	at org.springframework.beans.BeanUtils.instantiateClass(BeanUtils.java:221)
	at org.springframework.beans.factory.support.SimpleInstantiationStrategy.instantiate(SimpleInstantiationStrategy.java:94)
	at org.springframework.beans.factory.support.AbstractAutowireCapableBeanFactory.instantiateBean(AbstractAutowireCapableBeanFactory.java:1331)
	... 34 common frames omitted
Caused by: java.lang.Error: Unresolved compilation problems: 
	The import jakarta.annotation cannot be resolved
	Resource cannot be resolved to a type

	at com.reservation.service.AppointmentService.<init>(AppointmentService.java:19)
	at java.base/jdk.internal.reflect.DirectConstructorHandleAccessor.newInstance(DirectConstructorHandleAccessor.java:62)
	at java.base/java.lang.reflect.Constructor.newInstanceWithCaller(Constructor.java:502)
	at java.base/java.lang.reflect.Constructor.newInstance(Constructor.java:486)
	at org.springframework.beans.BeanUtils.instantiateClass(BeanUtils.java:195)
	... 36 common frames omitted
2026-08-26T22:02:30.983+08:00 INFO  c.r.SpringBootMergeApplication : Starting SpringBootMergeApplication using Java 21.0.8 with PID 25960 (H:\2026\lesson-appointment\api\target\classes started by Administrator in H:\2026\lesson-appointment\api)
2026-08-26T22:02:30.983+08:00 INFO  c.r.SpringBootMergeApplication : No active profile set, falling back to 1 default profile: "default"
2026-08-26T22:02:31.839+08:00 INFO  o.s.b.w.e.tomcat.TomcatWebServer : Tomcat initialized with port 8081 (http)
2026-08-26T22:02:31.844+08:00 INFO  o.a.coyote.http11.Http11NioProtocol : Initializing ProtocolHandler ["http-nio-8081"]
2026-08-26T22:02:31.846+08:00 INFO  o.a.catalina.core.StandardService : Starting service [Tomcat]
2026-08-26T22:02:31.849+08:00 INFO  o.a.catalina.core.StandardEngine : Starting Servlet engine: [Apache Tomcat/10.1.31]
2026-08-26T22:02:31.869+08:00 INFO  o.a.c.c.C.[Tomcat-1].[localhost].[/] : Initializing Spring embedded WebApplicationContext
2026-08-26T22:02:31.870+08:00 INFO  o.s.b.w.s.c.ServletWebServerApplicationContext : Root WebApplicationContext: initialization completed in 883 ms
2026-08-26T22:02:31.978+08:00 WARN  c.b.m.core.injector.methods.Insert : [com.reservation.mapper.AuditLogMapper.insert] Has been loaded by XML or SqlProvider or Mybatis's Annotation, so ignoring this injection for [class com.baomidou.mybatisplus.core.injector.methods.Insert]
2026-08-26T22:02:32.024+08:00 WARN  c.b.m.c.injector.methods.SelectList : [com.reservation.mapper.BookingMapper.selectList] Has been loaded by XML or SqlProvider or Mybatis's Annotation, so ignoring this injection for [class com.baomidou.mybatisplus.core.injector.methods.SelectList]
2026-08-26T22:02:32.028+08:00 WARN  c.b.m.c.injector.methods.SelectById : [com.reservation.mapper.BookingMapper.selectById] Has been loaded by XML or SqlProvider or Mybatis's Annotation, so ignoring this injection for [class com.baomidou.mybatisplus.core.injector.methods.SelectById]
2026-08-26T22:02:32.071+08:00 WARN  c.b.m.core.injector.methods.Update : [com.reservation.mapper.CourseScheduleMapper.update] Has been loaded by XML or SqlProvider or Mybatis's Annotation, so ignoring this injection for [class com.baomidou.mybatisplus.core.injector.methods.Update]
2026-08-26T22:02:32.229+08:00 WARN  o.s.b.w.s.c.AnnotationConfigServletWebServerApplicationContext : Exception encountered during context initialization - cancelling refresh attempt: org.springframework.beans.factory.UnsatisfiedDependencyException: Error creating bean with name 'appointmentController': Unsatisfied dependency expressed through field 'appointmentService': Error creating bean with name 'appointmentService' defined in file [H:\2026\lesson-appointment\api\target\classes\com\reservation\service\AppointmentService.class]: Failed to instantiate [com.reservation.service.AppointmentService]: Constructor threw exception
2026-08-26T22:02:32.230+08:00 INFO  o.a.catalina.core.StandardService : Stopping service [Tomcat]
2026-08-26T22:02:32.236+08:00 INFO  o.s.b.a.l.ConditionEvaluationReportLogger : 

Error starting ApplicationContext. To display the condition evaluation report re-run your application with 'debug' enabled.
2026-08-26T22:02:32.244+08:00 ERROR o.s.boot.SpringApplication : Application run failed
org.springframework.beans.factory.UnsatisfiedDependencyException: Error creating bean with name 'appointmentController': Unsatisfied dependency expressed through field 'appointmentService': Error creating bean with name 'appointmentService' defined in file [H:\2026\lesson-appointment\api\target\classes\com\reservation\service\AppointmentService.class]: Failed to instantiate [com.reservation.service.AppointmentService]: Constructor threw exception
	at org.springframework.beans.factory.annotation.AutowiredAnnotationBeanPostProcessor$AutowiredFieldElement.resolveFieldValue(AutowiredAnnotationBeanPostProcessor.java:788)
	at org.springframework.beans.factory.annotation.AutowiredAnnotationBeanPostProcessor$AutowiredFieldElement.inject(AutowiredAnnotationBeanPostProcessor.java:768)
	at org.springframework.beans.factory.annotation.InjectionMetadata.inject(InjectionMetadata.java:145)
	at org.springframework.beans.factory.annotation.AutowiredAnnotationBeanPostProcessor.postProcessProperties(AutowiredAnnotationBeanPostProcessor.java:509)
	at org.springframework.beans.factory.support.AbstractAutowireCapableBeanFactory.populateBean(AbstractAutowireCapableBeanFactory.java:1439)
	at org.springframework.beans.factory.support.AbstractAutowireCapableBeanFactory.doCreateBean(AbstractAutowireCapableBeanFactory.java:599)
	at org.springframework.beans.factory.support.AbstractAutowireCapableBeanFactory.createBean(AbstractAutowireCapableBeanFactory.java:522)
	at org.springframework.beans.factory.support.AbstractBeanFactory.lambda$doGetBean$0(AbstractBeanFactory.java:337)
	at org.springframework.beans.factory.support.DefaultSingletonBeanRegistry.getSingleton(DefaultSingletonBeanRegistry.java:234)
	at org.springframework.beans.factory.support.AbstractBeanFactory.doGetBean(AbstractBeanFactory.java:335)
	at org.springframework.beans.factory.support.AbstractBeanFactory.getBean(AbstractBeanFactory.java:200)
	at org.springframework.beans.factory.support.DefaultListableBeanFactory.preInstantiateSingletons(DefaultListableBeanFactory.java:975)
	at org.springframework.context.support.AbstractApplicationContext.finishBeanFactoryInitialization(AbstractApplicationContext.java:971)
	at org.springframework.context.support.AbstractApplicationContext.refresh(AbstractApplicationContext.java:625)
	at org.springframework.boot.web.servlet.context.ServletWebServerApplicationContext.refresh(ServletWebServerApplicationContext.java:146)
	at org.springframework.boot.SpringApplication.refresh(SpringApplication.java:754)
	at org.springframework.boot.SpringApplication.refreshContext(SpringApplication.java:456)
	at org.springframework.boot.SpringApplication.run(SpringApplication.java:335)
	at org.springframework.boot.SpringApplication.run(SpringApplication.java:1363)
	at org.springframework.boot.SpringApplication.run(SpringApplication.java:1352)
	at com.reservation.SpringBootMergeApplication.main(SpringBootMergeApplication.java:21)
	at java.base/jdk.internal.reflect.DirectMethodHandleAccessor.invoke(DirectMethodHandleAccessor.java:103)
	at java.base/java.lang.reflect.Method.invoke(Method.java:580)
	at org.springframework.boot.devtools.restart.RestartLauncher.run(RestartLauncher.java:50)
Caused by: org.springframework.beans.factory.BeanCreationException: Error creating bean with name 'appointmentService' defined in file [H:\2026\lesson-appointment\api\target\classes\com\reservation\service\AppointmentService.class]: Failed to instantiate [com.reservation.service.AppointmentService]: Constructor threw exception
	at org.springframework.beans.factory.support.AbstractAutowireCapableBeanFactory.instantiateBean(AbstractAutowireCapableBeanFactory.java:1337)
	at org.springframework.beans.factory.support.AbstractAutowireCapableBeanFactory.createBeanInstance(AbstractAutowireCapableBeanFactory.java:1222)
	at org.springframework.beans.factory.support.AbstractAutowireCapableBeanFactory.doCreateBean(AbstractAutowireCapableBeanFactory.java:562)
	at org.springframework.beans.factory.support.AbstractAutowireCapableBeanFactory.createBean(AbstractAutowireCapableBeanFactory.java:522)
	at org.springframework.beans.factory.support.AbstractBeanFactory.lambda$doGetBean$0(AbstractBeanFactory.java:337)
	at org.springframework.beans.factory.support.DefaultSingletonBeanRegistry.getSingleton(DefaultSingletonBeanRegistry.java:234)
	at org.springframework.beans.factory.support.AbstractBeanFactory.doGetBean(AbstractBeanFactory.java:335)
	at org.springframework.beans.factory.support.AbstractBeanFactory.getBean(AbstractBeanFactory.java:200)
	at org.springframework.beans.factory.config.DependencyDescriptor.resolveCandidate(DependencyDescriptor.java:254)
	at org.springframework.beans.factory.support.DefaultListableBeanFactory.doResolveDependency(DefaultListableBeanFactory.java:1443)
	at org.springframework.beans.factory.support.DefaultListableBeanFactory.resolveDependency(DefaultListableBeanFactory.java:1353)
	at org.springframework.beans.factory.annotation.AutowiredAnnotationBeanPostProcessor$AutowiredFieldElement.resolveFieldValue(AutowiredAnnotationBeanPostProcessor.java:785)
	... 23 common frames omitted
Caused by: org.springframework.beans.BeanInstantiationException: Failed to instantiate [com.reservation.service.AppointmentService]: Constructor threw exception
	at org.springframework.beans.BeanUtils.instantiateClass(BeanUtils.java:221)
	at org.springframework.beans.factory.support.SimpleInstantiationStrategy.instantiate(SimpleInstantiationStrategy.java:94)
	at org.springframework.beans.factory.support.AbstractAutowireCapableBeanFactory.instantiateBean(AbstractAutowireCapableBeanFactory.java:1331)
	... 34 common frames omitted
Caused by: java.lang.Error: Unresolved compilation problems: 
	The import jakarta.annotation cannot be resolved
	Resource cannot be resolved to a type

	at com.reservation.service.AppointmentService.<init>(AppointmentService.java:19)
	at java.base/jdk.internal.reflect.DirectConstructorHandleAccessor.newInstance(DirectConstructorHandleAccessor.java:62)
	at java.base/java.lang.reflect.Constructor.newInstanceWithCaller(Constructor.java:502)
	at java.base/java.lang.reflect.Constructor.newInstance(Constructor.java:486)
	at org.springframework.beans.BeanUtils.instantiateClass(BeanUtils.java:195)
	... 36 common frames omitted
2026-08-26T22:07:09.862+08:00 INFO  c.r.SpringBootMergeApplication : Starting SpringBootMergeApplication using Java 21.0.8 with PID 25960 (H:\2026\lesson-appointment\api\target\classes started by Administrator in H:\2026\lesson-appointment\api)
2026-08-26T22:07:09.876+08:00 INFO  c.r.SpringBootMergeApplication : No active profile set, falling back to 1 default profile: "default"
2026-08-26T22:07:10.558+08:00 INFO  o.s.b.w.e.tomcat.TomcatWebServer : Tomcat initialized with port 8081 (http)
2026-08-26T22:07:10.568+08:00 INFO  o.a.coyote.http11.Http11NioProtocol : Initializing ProtocolHandler ["http-nio-8081"]
2026-08-26T22:07:10.571+08:00 INFO  o.a.catalina.core.StandardService : Starting service [Tomcat]
2026-08-26T22:07:10.574+08:00 INFO  o.a.catalina.core.StandardEngine : Starting Servlet engine: [Apache Tomcat/10.1.31]
2026-08-26T22:07:10.596+08:00 INFO  o.a.c.c.C.[Tomcat-2].[localhost].[/] : Initializing Spring embedded WebApplicationContext
2026-08-26T22:07:10.597+08:00 INFO  o.s.b.w.s.c.ServletWebServerApplicationContext : Root WebApplicationContext: initialization completed in 708 ms
2026-08-26T22:07:10.742+08:00 WARN  c.b.m.core.injector.methods.Insert : [com.reservation.mapper.AuditLogMapper.insert] Has been loaded by XML or SqlProvider or Mybatis's Annotation, so ignoring this injection for [class com.baomidou.mybatisplus.core.injector.methods.Insert]
2026-08-26T22:07:10.771+08:00 WARN  c.b.m.c.injector.methods.SelectList : [com.reservation.mapper.BookingMapper.selectList] Has been loaded by XML or SqlProvider or Mybatis's Annotation, so ignoring this injection for [class com.baomidou.mybatisplus.core.injector.methods.SelectList]
2026-08-26T22:07:10.776+08:00 WARN  c.b.m.c.injector.methods.SelectById : [com.reservation.mapper.BookingMapper.selectById] Has been loaded by XML or SqlProvider or Mybatis's Annotation, so ignoring this injection for [class com.baomidou.mybatisplus.core.injector.methods.SelectById]
2026-08-26T22:07:10.836+08:00 WARN  c.b.m.core.injector.methods.Update : [com.reservation.mapper.CourseScheduleMapper.update] Has been loaded by XML or SqlProvider or Mybatis's Annotation, so ignoring this injection for [class com.baomidou.mybatisplus.core.injector.methods.Update]
2026-08-26T22:07:11.015+08:00 WARN  o.s.b.w.s.c.AnnotationConfigServletWebServerApplicationContext : Exception encountered during context initialization - cancelling refresh attempt: org.springframework.beans.factory.UnsatisfiedDependencyException: Error creating bean with name 'appointmentController': Unsatisfied dependency expressed through field 'appointmentService': Error creating bean with name 'appointmentService' defined in file [H:\2026\lesson-appointment\api\target\classes\com\reservation\service\AppointmentService.class]: Failed to instantiate [com.reservation.service.AppointmentService]: Constructor threw exception
2026-08-26T22:07:11.021+08:00 INFO  o.a.catalina.core.StandardService : Stopping service [Tomcat]
2026-08-26T22:07:11.027+08:00 INFO  o.s.b.a.l.ConditionEvaluationReportLogger : 

Error starting ApplicationContext. To display the condition evaluation report re-run your application with 'debug' enabled.
2026-08-26T22:07:11.045+08:00 ERROR o.s.boot.SpringApplication : Application run failed
org.springframework.beans.factory.UnsatisfiedDependencyException: Error creating bean with name 'appointmentController': Unsatisfied dependency expressed through field 'appointmentService': Error creating bean with name 'appointmentService' defined in file [H:\2026\lesson-appointment\api\target\classes\com\reservation\service\AppointmentService.class]: Failed to instantiate [com.reservation.service.AppointmentService]: Constructor threw exception
	at org.springframework.beans.factory.annotation.AutowiredAnnotationBeanPostProcessor$AutowiredFieldElement.resolveFieldValue(AutowiredAnnotationBeanPostProcessor.java:788)
	at org.springframework.beans.factory.annotation.AutowiredAnnotationBeanPostProcessor$AutowiredFieldElement.inject(AutowiredAnnotationBeanPostProcessor.java:768)
	at org.springframework.beans.factory.annotation.InjectionMetadata.inject(InjectionMetadata.java:145)
	at org.springframework.beans.factory.annotation.AutowiredAnnotationBeanPostProcessor.postProcessProperties(AutowiredAnnotationBeanPostProcessor.java:509)
	at org.springframework.beans.factory.support.AbstractAutowireCapableBeanFactory.populateBean(AbstractAutowireCapableBeanFactory.java:1439)
	at org.springframework.beans.factory.support.AbstractAutowireCapableBeanFactory.doCreateBean(AbstractAutowireCapableBeanFactory.java:599)
	at org.springframework.beans.factory.support.AbstractAutowireCapableBeanFactory.createBean(AbstractAutowireCapableBeanFactory.java:522)
	at org.springframework.beans.factory.support.AbstractBeanFactory.lambda$doGetBean$0(AbstractBeanFactory.java:337)
	at org.springframework.beans.factory.support.DefaultSingletonBeanRegistry.getSingleton(DefaultSingletonBeanRegistry.java:234)
	at org.springframework.beans.factory.support.AbstractBeanFactory.doGetBean(AbstractBeanFactory.java:335)
	at org.springframework.beans.factory.support.AbstractBeanFactory.getBean(AbstractBeanFactory.java:200)
	at org.springframework.beans.factory.support.DefaultListableBeanFactory.preInstantiateSingletons(DefaultListableBeanFactory.java:975)
	at org.springframework.context.support.AbstractApplicationContext.finishBeanFactoryInitialization(AbstractApplicationContext.java:971)
	at org.springframework.context.support.AbstractApplicationContext.refresh(AbstractApplicationContext.java:625)
	at org.springframework.boot.web.servlet.context.ServletWebServerApplicationContext.refresh(ServletWebServerApplicationContext.java:146)
	at org.springframework.boot.SpringApplication.refresh(SpringApplication.java:754)
	at org.springframework.boot.SpringApplication.refreshContext(SpringApplication.java:456)
	at org.springframework.boot.SpringApplication.run(SpringApplication.java:335)
	at org.springframework.boot.SpringApplication.run(SpringApplication.java:1363)
	at org.springframework.boot.SpringApplication.run(SpringApplication.java:1352)
	at com.reservation.SpringBootMergeApplication.main(SpringBootMergeApplication.java:21)
	at java.base/jdk.internal.reflect.DirectMethodHandleAccessor.invoke(DirectMethodHandleAccessor.java:103)
	at java.base/java.lang.reflect.Method.invoke(Method.java:580)
	at org.springframework.boot.devtools.restart.RestartLauncher.run(RestartLauncher.java:50)
Caused by: org.springframework.beans.factory.BeanCreationException: Error creating bean with name 'appointmentService' defined in file [H:\2026\lesson-appointment\api\target\classes\com\reservation\service\AppointmentService.class]: Failed to instantiate [com.reservation.service.AppointmentService]: Constructor threw exception
	at org.springframework.beans.factory.support.AbstractAutowireCapableBeanFactory.instantiateBean(AbstractAutowireCapableBeanFactory.java:1337)
	at org.springframework.beans.factory.support.AbstractAutowireCapableBeanFactory.createBeanInstance(AbstractAutowireCapableBeanFactory.java:1222)
	at org.springframework.beans.factory.support.AbstractAutowireCapableBeanFactory.doCreateBean(AbstractAutowireCapableBeanFactory.java:562)
	at org.springframework.beans.factory.support.AbstractAutowireCapableBeanFactory.createBean(AbstractAutowireCapableBeanFactory.java:522)
	at org.springframework.beans.factory.support.AbstractBeanFactory.lambda$doGetBean$0(AbstractBeanFactory.java:337)
	at org.springframework.beans.factory.support.DefaultSingletonBeanRegistry.getSingleton(DefaultSingletonBeanRegistry.java:234)
	at org.springframework.beans.factory.support.AbstractBeanFactory.doGetBean(AbstractBeanFactory.java:335)
	at org.springframework.beans.factory.support.AbstractBeanFactory.getBean(AbstractBeanFactory.java:200)
	at org.springframework.beans.factory.config.DependencyDescriptor.resolveCandidate(DependencyDescriptor.java:254)
	at org.springframework.beans.factory.support.DefaultListableBeanFactory.doResolveDependency(DefaultListableBeanFactory.java:1443)
	at org.springframework.beans.factory.support.DefaultListableBeanFactory.resolveDependency(DefaultListableBeanFactory.java:1353)
	at org.springframework.beans.factory.annotation.AutowiredAnnotationBeanPostProcessor$AutowiredFieldElement.resolveFieldValue(AutowiredAnnotationBeanPostProcessor.java:785)
	... 23 common frames omitted
Caused by: org.springframework.beans.BeanInstantiationException: Failed to instantiate [com.reservation.service.AppointmentService]: Constructor threw exception
	at org.springframework.beans.BeanUtils.instantiateClass(BeanUtils.java:221)
	at org.springframework.beans.factory.support.SimpleInstantiationStrategy.instantiate(SimpleInstantiationStrategy.java:94)
	at org.springframework.beans.factory.support.AbstractAutowireCapableBeanFactory.instantiateBean(AbstractAutowireCapableBeanFactory.java:1331)
	... 34 common frames omitted
Caused by: java.lang.Error: Unresolved compilation problems: 
	The import jakarta.annotation cannot be resolved
	Resource cannot be resolved to a type

	at com.reservation.service.AppointmentService.<init>(AppointmentService.java:19)
	at java.base/jdk.internal.reflect.DirectConstructorHandleAccessor.newInstance(DirectConstructorHandleAccessor.java:62)
	at java.base/java.lang.reflect.Constructor.newInstanceWithCaller(Constructor.java:502)
	at java.base/java.lang.reflect.Constructor.newInstance(Constructor.java:486)
	at org.springframework.beans.BeanUtils.instantiateClass(BeanUtils.java:195)
	... 36 common frames omitted
2026-08-26T22:07:54.769+08:00 INFO  o.h.validator.internal.util.Version : HV000001: Hibernate Validator 8.0.1.Final
2026-08-26T22:07:54.984+08:00 INFO  c.r.SpringBootMergeApplication : Starting SpringBootMergeApplication using Java 21.0.8 with PID 18980 (H:\2026\lesson-appointment\api\target\classes started by Administrator in H:\2026\lesson-appointment\api)
2026-08-26T22:07:55.227+08:00 INFO  c.r.SpringBootMergeApplication : No active profile set, falling back to 1 default profile: "default"
2026-08-26T22:07:55.507+08:00 INFO  o.s.b.d.e.DevToolsPropertyDefaultsPostProcessor : Devtools property defaults active! Set 'spring.devtools.add-properties' to 'false' to disable
2026-08-26T22:07:55.574+08:00 INFO  o.s.b.d.e.DevToolsPropertyDefaultsPostProcessor : For additional web related logging consider setting the 'logging.level.web' property to 'DEBUG'
2026-08-26T22:07:59.377+08:00 INFO  o.s.b.w.e.tomcat.TomcatWebServer : Tomcat initialized with port 8081 (http)
2026-08-26T22:07:59.397+08:00 INFO  o.a.coyote.http11.Http11NioProtocol : Initializing ProtocolHandler ["http-nio-8081"]
2026-08-26T22:07:59.404+08:00 INFO  o.a.catalina.core.StandardService : Starting service [Tomcat]
2026-08-26T22:07:59.405+08:00 INFO  o.a.catalina.core.StandardEngine : Starting Servlet engine: [Apache Tomcat/10.1.31]
2026-08-26T22:07:59.495+08:00 INFO  o.a.c.c.C.[Tomcat].[localhost].[/] : Initializing Spring embedded WebApplicationContext
2026-08-26T22:07:59.496+08:00 INFO  o.s.b.w.s.c.ServletWebServerApplicationContext : Root WebApplicationContext: initialization completed in 3850 ms
2026-08-26T22:08:00.070+08:00 WARN  c.b.m.core.injector.methods.Insert : [com.reservation.mapper.AuditLogMapper.insert] Has been loaded by XML or SqlProvider or Mybatis's Annotation, so ignoring this injection for [class com.baomidou.mybatisplus.core.injector.methods.Insert]
2026-08-26T22:08:00.142+08:00 WARN  c.b.m.c.injector.methods.SelectList : [com.reservation.mapper.BookingMapper.selectList] Has been loaded by XML or SqlProvider or Mybatis's Annotation, so ignoring this injection for [class com.baomidou.mybatisplus.core.injector.methods.SelectList]
2026-08-26T22:08:00.147+08:00 WARN  c.b.m.c.injector.methods.SelectById : [com.reservation.mapper.BookingMapper.selectById] Has been loaded by XML or SqlProvider or Mybatis's Annotation, so ignoring this injection for [class com.baomidou.mybatisplus.core.injector.methods.SelectById]
2026-08-26T22:08:00.232+08:00 WARN  c.b.m.core.injector.methods.Update : [com.reservation.mapper.CourseScheduleMapper.update] Has been loaded by XML or SqlProvider or Mybatis's Annotation, so ignoring this injection for [class com.baomidou.mybatisplus.core.injector.methods.Update]
2026-08-26T22:08:01.281+08:00 WARN  o.s.b.a.s.s.UserDetailsServiceAutoConfiguration : 

Using generated security password: 65e41e30-f76e-4f7f-b05e-2bc9e8200f04

This generated password is for development use only. Your security configuration must be updated before running your application in production.

2026-08-26T22:08:01.292+08:00 INFO  o.s.s.c.a.a.c.InitializeUserDetailsBeanManagerConfigurer$InitializeUserDetailsManagerConfigurer : Global AuthenticationManager configured with UserDetailsService bean with name inMemoryUserDetailsManager
2026-08-26T22:08:01.382+08:00 INFO  o.s.b.a.w.s.WelcomePageHandlerMapping : Adding welcome page: class path resource [static/index.html]
2026-08-26T22:08:02.057+08:00 INFO  o.s.b.d.a.OptionalLiveReloadServer : LiveReload server is running on port 35729
2026-08-26T22:08:02.075+08:00 INFO  o.a.coyote.http11.Http11NioProtocol : Starting ProtocolHandler ["http-nio-8081"]
2026-08-26T22:08:02.120+08:00 INFO  o.s.b.w.e.tomcat.TomcatWebServer : Tomcat started on port 8081 (http) with context path '/'
2026-08-26T22:08:02.132+08:00 INFO  c.r.SpringBootMergeApplication : Started SpringBootMergeApplication in 7.985 seconds (process running for 8.898)
2026-08-26T22:08:26.300+08:00 INFO  o.s.b.d.a.LocalDevToolsAutoConfiguration$RestartingClassPathChangeChangedEventListener : Restarting due to 5 class path changes (0 additions, 0 deletions, 5 modifications)
2026-08-26T22:08:26.333+08:00 INFO  o.a.coyote.http11.Http11NioProtocol : Stopping ProtocolHandler ["http-nio-8081"]
2026-08-26T22:08:26.671+08:00 INFO  c.r.SpringBootMergeApplication : Starting SpringBootMergeApplication using Java 21.0.8 with PID 18980 (H:\2026\lesson-appointment\api\target\classes started by Administrator in H:\2026\lesson-appointment\api)
2026-08-26T22:08:26.690+08:00 INFO  c.r.SpringBootMergeApplication : No active profile set, falling back to 1 default profile: "default"
2026-08-26T22:08:27.796+08:00 INFO  o.s.b.w.e.tomcat.TomcatWebServer : Tomcat initialized with port 8081 (http)
2026-08-26T22:08:27.797+08:00 INFO  o.a.coyote.http11.Http11NioProtocol : Initializing ProtocolHandler ["http-nio-8081"]
2026-08-26T22:08:27.797+08:00 INFO  o.a.catalina.core.StandardService : Starting service [Tomcat]
2026-08-26T22:08:27.798+08:00 INFO  o.a.catalina.core.StandardEngine : Starting Servlet engine: [Apache Tomcat/10.1.31]
2026-08-26T22:08:27.815+08:00 INFO  o.a.c.c.C.[Tomcat].[localhost].[/] : Initializing Spring embedded WebApplicationContext
2026-08-26T22:08:27.816+08:00 INFO  o.s.b.w.s.c.ServletWebServerApplicationContext : Root WebApplicationContext: initialization completed in 1098 ms
2026-08-26T22:08:27.940+08:00 WARN  c.b.m.core.injector.methods.Insert : [com.reservation.mapper.AuditLogMapper.insert] Has been loaded by XML or SqlProvider or Mybatis's Annotation, so ignoring this injection for [class com.baomidou.mybatisplus.core.injector.methods.Insert]
2026-08-26T22:08:27.976+08:00 WARN  c.b.m.c.injector.methods.SelectList : [com.reservation.mapper.BookingMapper.selectList] Has been loaded by XML or SqlProvider or Mybatis's Annotation, so ignoring this injection for [class com.baomidou.mybatisplus.core.injector.methods.SelectList]
2026-08-26T22:08:27.981+08:00 WARN  c.b.m.c.injector.methods.SelectById : [com.reservation.mapper.BookingMapper.selectById] Has been loaded by XML or SqlProvider or Mybatis's Annotation, so ignoring this injection for [class com.baomidou.mybatisplus.core.injector.methods.SelectById]
2026-08-26T22:08:28.033+08:00 WARN  c.b.m.core.injector.methods.Update : [com.reservation.mapper.CourseScheduleMapper.update] Has been loaded by XML or SqlProvider or Mybatis's Annotation, so ignoring this injection for [class com.baomidou.mybatisplus.core.injector.methods.Update]
2026-08-26T22:08:28.200+08:00 WARN  o.s.b.w.s.c.AnnotationConfigServletWebServerApplicationContext : Exception encountered during context initialization - cancelling refresh attempt: org.springframework.beans.factory.UnsatisfiedDependencyException: Error creating bean with name 'appointmentController': Unsatisfied dependency expressed through field 'appointmentService': Error creating bean with name 'appointmentService' defined in file [H:\2026\lesson-appointment\api\target\classes\com\reservation\service\AppointmentService.class]: Failed to instantiate [com.reservation.service.AppointmentService]: Constructor threw exception
2026-08-26T22:08:28.201+08:00 INFO  o.a.catalina.core.StandardService : Stopping service [Tomcat]
2026-08-26T22:08:28.208+08:00 INFO  o.s.b.a.l.ConditionEvaluationReportLogger : 

Error starting ApplicationContext. To display the condition evaluation report re-run your application with 'debug' enabled.
2026-08-26T22:08:28.241+08:00 ERROR o.s.boot.SpringApplication : Application run failed
org.springframework.beans.factory.UnsatisfiedDependencyException: Error creating bean with name 'appointmentController': Unsatisfied dependency expressed through field 'appointmentService': Error creating bean with name 'appointmentService' defined in file [H:\2026\lesson-appointment\api\target\classes\com\reservation\service\AppointmentService.class]: Failed to instantiate [com.reservation.service.AppointmentService]: Constructor threw exception
	at org.springframework.beans.factory.annotation.AutowiredAnnotationBeanPostProcessor$AutowiredFieldElement.resolveFieldValue(AutowiredAnnotationBeanPostProcessor.java:788)
	at org.springframework.beans.factory.annotation.AutowiredAnnotationBeanPostProcessor$AutowiredFieldElement.inject(AutowiredAnnotationBeanPostProcessor.java:768)
	at org.springframework.beans.factory.annotation.InjectionMetadata.inject(InjectionMetadata.java:145)
	at org.springframework.beans.factory.annotation.AutowiredAnnotationBeanPostProcessor.postProcessProperties(AutowiredAnnotationBeanPostProcessor.java:509)
	at org.springframework.beans.factory.support.AbstractAutowireCapableBeanFactory.populateBean(AbstractAutowireCapableBeanFactory.java:1439)
	at org.springframework.beans.factory.support.AbstractAutowireCapableBeanFactory.doCreateBean(AbstractAutowireCapableBeanFactory.java:599)
	at org.springframework.beans.factory.support.AbstractAutowireCapableBeanFactory.createBean(AbstractAutowireCapableBeanFactory.java:522)
	at org.springframework.beans.factory.support.AbstractBeanFactory.lambda$doGetBean$0(AbstractBeanFactory.java:337)
	at org.springframework.beans.factory.support.DefaultSingletonBeanRegistry.getSingleton(DefaultSingletonBeanRegistry.java:234)
	at org.springframework.beans.factory.support.AbstractBeanFactory.doGetBean(AbstractBeanFactory.java:335)
	at org.springframework.beans.factory.support.AbstractBeanFactory.getBean(AbstractBeanFactory.java:200)
	at org.springframework.beans.factory.support.DefaultListableBeanFactory.preInstantiateSingletons(DefaultListableBeanFactory.java:975)
	at org.springframework.context.support.AbstractApplicationContext.finishBeanFactoryInitialization(AbstractApplicationContext.java:971)
	at org.springframework.context.support.AbstractApplicationContext.refresh(AbstractApplicationContext.java:625)
	at org.springframework.boot.web.servlet.context.ServletWebServerApplicationContext.refresh(ServletWebServerApplicationContext.java:146)
	at org.springframework.boot.SpringApplication.refresh(SpringApplication.java:754)
	at org.springframework.boot.SpringApplication.refreshContext(SpringApplication.java:456)
	at org.springframework.boot.SpringApplication.run(SpringApplication.java:335)
	at org.springframework.boot.SpringApplication.run(SpringApplication.java:1363)
	at org.springframework.boot.SpringApplication.run(SpringApplication.java:1352)
	at com.reservation.SpringBootMergeApplication.main(SpringBootMergeApplication.java:21)
	at java.base/jdk.internal.reflect.DirectMethodHandleAccessor.invoke(DirectMethodHandleAccessor.java:103)
	at java.base/java.lang.reflect.Method.invoke(Method.java:580)
	at org.springframework.boot.devtools.restart.RestartLauncher.run(RestartLauncher.java:50)
Caused by: org.springframework.beans.factory.BeanCreationException: Error creating bean with name 'appointmentService' defined in file [H:\2026\lesson-appointment\api\target\classes\com\reservation\service\AppointmentService.class]: Failed to instantiate [com.reservation.service.AppointmentService]: Constructor threw exception
	at org.springframework.beans.factory.support.AbstractAutowireCapableBeanFactory.instantiateBean(AbstractAutowireCapableBeanFactory.java:1337)
	at org.springframework.beans.factory.support.AbstractAutowireCapableBeanFactory.createBeanInstance(AbstractAutowireCapableBeanFactory.java:1222)
	at org.springframework.beans.factory.support.AbstractAutowireCapableBeanFactory.doCreateBean(AbstractAutowireCapableBeanFactory.java:562)
	at org.springframework.beans.factory.support.AbstractAutowireCapableBeanFactory.createBean(AbstractAutowireCapableBeanFactory.java:522)
	at org.springframework.beans.factory.support.AbstractBeanFactory.lambda$doGetBean$0(AbstractBeanFactory.java:337)
	at org.springframework.beans.factory.support.DefaultSingletonBeanRegistry.getSingleton(DefaultSingletonBeanRegistry.java:234)
	at org.springframework.beans.factory.support.AbstractBeanFactory.doGetBean(AbstractBeanFactory.java:335)
	at org.springframework.beans.factory.support.AbstractBeanFactory.getBean(AbstractBeanFactory.java:200)
	at org.springframework.beans.factory.config.DependencyDescriptor.resolveCandidate(DependencyDescriptor.java:254)
	at org.springframework.beans.factory.support.DefaultListableBeanFactory.doResolveDependency(DefaultListableBeanFactory.java:1443)
	at org.springframework.beans.factory.support.DefaultListableBeanFactory.resolveDependency(DefaultListableBeanFactory.java:1353)
	at org.springframework.beans.factory.annotation.AutowiredAnnotationBeanPostProcessor$AutowiredFieldElement.resolveFieldValue(AutowiredAnnotationBeanPostProcessor.java:785)
	... 23 common frames omitted
Caused by: org.springframework.beans.BeanInstantiationException: Failed to instantiate [com.reservation.service.AppointmentService]: Constructor threw exception
	at org.springframework.beans.BeanUtils.instantiateClass(BeanUtils.java:221)
	at org.springframework.beans.factory.support.SimpleInstantiationStrategy.instantiate(SimpleInstantiationStrategy.java:94)
	at org.springframework.beans.factory.support.AbstractAutowireCapableBeanFactory.instantiateBean(AbstractAutowireCapableBeanFactory.java:1331)
	... 34 common frames omitted
Caused by: java.lang.Error: Unresolved compilation problems: 
	The import jakarta.annotation cannot be resolved
	Resource cannot be resolved to a type

	at com.reservation.service.AppointmentService.<init>(AppointmentService.java:19)
	at java.base/jdk.internal.reflect.DirectConstructorHandleAccessor.newInstance(DirectConstructorHandleAccessor.java:62)
	at java.base/java.lang.reflect.Constructor.newInstanceWithCaller(Constructor.java:502)
	at java.base/java.lang.reflect.Constructor.newInstance(Constructor.java:486)
	at org.springframework.beans.BeanUtils.instantiateClass(BeanUtils.java:195)
	... 36 common frames omitted
2026-08-26T22:08:30.166+08:00 INFO  c.r.SpringBootMergeApplication : Starting SpringBootMergeApplication using Java 21.0.8 with PID 18980 (H:\2026\lesson-appointment\api\target\classes started by Administrator in H:\2026\lesson-appointment\api)
2026-08-26T22:08:30.168+08:00 INFO  c.r.SpringBootMergeApplication : No active profile set, falling back to 1 default profile: "default"
2026-08-26T22:08:31.597+08:00 INFO  o.s.b.w.e.tomcat.TomcatWebServer : Tomcat initialized with port 8081 (http)
2026-08-26T22:08:31.602+08:00 INFO  o.a.coyote.http11.Http11NioProtocol : Initializing ProtocolHandler ["http-nio-8081"]
2026-08-26T22:08:31.603+08:00 INFO  o.a.catalina.core.StandardService : Starting service [Tomcat]
2026-08-26T22:08:31.604+08:00 INFO  o.a.catalina.core.StandardEngine : Starting Servlet engine: [Apache Tomcat/10.1.31]
2026-08-26T22:08:31.641+08:00 INFO  o.a.c.c.C.[Tomcat-1].[localhost].[/] : Initializing Spring embedded WebApplicationContext
2026-08-26T22:08:31.644+08:00 INFO  o.s.b.w.s.c.ServletWebServerApplicationContext : Root WebApplicationContext: initialization completed in 1472 ms
2026-08-26T22:08:31.776+08:00 WARN  c.b.m.core.injector.methods.Insert : [com.reservation.mapper.AuditLogMapper.insert] Has been loaded by XML or SqlProvider or Mybatis's Annotation, so ignoring this injection for [class com.baomidou.mybatisplus.core.injector.methods.Insert]
2026-08-26T22:08:31.806+08:00 WARN  c.b.m.c.injector.methods.SelectList : [com.reservation.mapper.BookingMapper.selectList] Has been loaded by XML or SqlProvider or Mybatis's Annotation, so ignoring this injection for [class com.baomidou.mybatisplus.core.injector.methods.SelectList]
2026-08-26T22:08:31.811+08:00 WARN  c.b.m.c.injector.methods.SelectById : [com.reservation.mapper.BookingMapper.selectById] Has been loaded by XML or SqlProvider or Mybatis's Annotation, so ignoring this injection for [class com.baomidou.mybatisplus.core.injector.methods.SelectById]
2026-08-26T22:08:31.870+08:00 WARN  c.b.m.core.injector.methods.Update : [com.reservation.mapper.CourseScheduleMapper.update] Has been loaded by XML or SqlProvider or Mybatis's Annotation, so ignoring this injection for [class com.baomidou.mybatisplus.core.injector.methods.Update]
2026-08-26T22:08:32.042+08:00 WARN  o.s.b.w.s.c.AnnotationConfigServletWebServerApplicationContext : Exception encountered during context initialization - cancelling refresh attempt: org.springframework.beans.factory.UnsatisfiedDependencyException: Error creating bean with name 'appointmentController': Unsatisfied dependency expressed through field 'appointmentService': Error creating bean with name 'appointmentService' defined in file [H:\2026\lesson-appointment\api\target\classes\com\reservation\service\AppointmentService.class]: Failed to instantiate [com.reservation.service.AppointmentService]: Constructor threw exception
2026-08-26T22:08:32.043+08:00 INFO  o.a.catalina.core.StandardService : Stopping service [Tomcat]
2026-08-26T22:08:32.050+08:00 INFO  o.s.b.a.l.ConditionEvaluationReportLogger : 

Error starting ApplicationContext. To display the condition evaluation report re-run your application with 'debug' enabled.
2026-08-26T22:08:32.063+08:00 ERROR o.s.boot.SpringApplication : Application run failed
org.springframework.beans.factory.UnsatisfiedDependencyException: Error creating bean with name 'appointmentController': Unsatisfied dependency expressed through field 'appointmentService': Error creating bean with name 'appointmentService' defined in file [H:\2026\lesson-appointment\api\target\classes\com\reservation\service\AppointmentService.class]: Failed to instantiate [com.reservation.service.AppointmentService]: Constructor threw exception
	at org.springframework.beans.factory.annotation.AutowiredAnnotationBeanPostProcessor$AutowiredFieldElement.resolveFieldValue(AutowiredAnnotationBeanPostProcessor.java:788)
	at org.springframework.beans.factory.annotation.AutowiredAnnotationBeanPostProcessor$AutowiredFieldElement.inject(AutowiredAnnotationBeanPostProcessor.java:768)
	at org.springframework.beans.factory.annotation.InjectionMetadata.inject(InjectionMetadata.java:145)
	at org.springframework.beans.factory.annotation.AutowiredAnnotationBeanPostProcessor.postProcessProperties(AutowiredAnnotationBeanPostProcessor.java:509)
	at org.springframework.beans.factory.support.AbstractAutowireCapableBeanFactory.populateBean(AbstractAutowireCapableBeanFactory.java:1439)
	at org.springframework.beans.factory.support.AbstractAutowireCapableBeanFactory.doCreateBean(AbstractAutowireCapableBeanFactory.java:599)
	at org.springframework.beans.factory.support.AbstractAutowireCapableBeanFactory.createBean(AbstractAutowireCapableBeanFactory.java:522)
	at org.springframework.beans.factory.support.AbstractBeanFactory.lambda$doGetBean$0(AbstractBeanFactory.java:337)
	at org.springframework.beans.factory.support.DefaultSingletonBeanRegistry.getSingleton(DefaultSingletonBeanRegistry.java:234)
	at org.springframework.beans.factory.support.AbstractBeanFactory.doGetBean(AbstractBeanFactory.java:335)
	at org.springframework.beans.factory.support.AbstractBeanFactory.getBean(AbstractBeanFactory.java:200)
	at org.springframework.beans.factory.support.DefaultListableBeanFactory.preInstantiateSingletons(DefaultListableBeanFactory.java:975)
	at org.springframework.context.support.AbstractApplicationContext.finishBeanFactoryInitialization(AbstractApplicationContext.java:971)
	at org.springframework.context.support.AbstractApplicationContext.refresh(AbstractApplicationContext.java:625)
	at org.springframework.boot.web.servlet.context.ServletWebServerApplicationContext.refresh(ServletWebServerApplicationContext.java:146)
	at org.springframework.boot.SpringApplication.refresh(SpringApplication.java:754)
	at org.springframework.boot.SpringApplication.refreshContext(SpringApplication.java:456)
	at org.springframework.boot.SpringApplication.run(SpringApplication.java:335)
	at org.springframework.boot.SpringApplication.run(SpringApplication.java:1363)
	at org.springframework.boot.SpringApplication.run(SpringApplication.java:1352)
	at com.reservation.SpringBootMergeApplication.main(SpringBootMergeApplication.java:21)
	at java.base/jdk.internal.reflect.DirectMethodHandleAccessor.invoke(DirectMethodHandleAccessor.java:103)
	at java.base/java.lang.reflect.Method.invoke(Method.java:580)
	at org.springframework.boot.devtools.restart.RestartLauncher.run(RestartLauncher.java:50)
Caused by: org.springframework.beans.factory.BeanCreationException: Error creating bean with name 'appointmentService' defined in file [H:\2026\lesson-appointment\api\target\classes\com\reservation\service\AppointmentService.class]: Failed to instantiate [com.reservation.service.AppointmentService]: Constructor threw exception
	at org.springframework.beans.factory.support.AbstractAutowireCapableBeanFactory.instantiateBean(AbstractAutowireCapableBeanFactory.java:1337)
	at org.springframework.beans.factory.support.AbstractAutowireCapableBeanFactory.createBeanInstance(AbstractAutowireCapableBeanFactory.java:1222)
	at org.springframework.beans.factory.support.AbstractAutowireCapableBeanFactory.doCreateBean(AbstractAutowireCapableBeanFactory.java:562)
	at org.springframework.beans.factory.support.AbstractAutowireCapableBeanFactory.createBean(AbstractAutowireCapableBeanFactory.java:522)
	at org.springframework.beans.factory.support.AbstractBeanFactory.lambda$doGetBean$0(AbstractBeanFactory.java:337)
	at org.springframework.beans.factory.support.DefaultSingletonBeanRegistry.getSingleton(DefaultSingletonBeanRegistry.java:234)
	at org.springframework.beans.factory.support.AbstractBeanFactory.doGetBean(AbstractBeanFactory.java:335)
	at org.springframework.beans.factory.support.AbstractBeanFactory.getBean(AbstractBeanFactory.java:200)
	at org.springframework.beans.factory.config.DependencyDescriptor.resolveCandidate(DependencyDescriptor.java:254)
	at org.springframework.beans.factory.support.DefaultListableBeanFactory.doResolveDependency(DefaultListableBeanFactory.java:1443)
	at org.springframework.beans.factory.support.DefaultListableBeanFactory.resolveDependency(DefaultListableBeanFactory.java:1353)
	at org.springframework.beans.factory.annotation.AutowiredAnnotationBeanPostProcessor$AutowiredFieldElement.resolveFieldValue(AutowiredAnnotationBeanPostProcessor.java:785)
	... 23 common frames omitted
Caused by: org.springframework.beans.BeanInstantiationException: Failed to instantiate [com.reservation.service.AppointmentService]: Constructor threw exception
	at org.springframework.beans.BeanUtils.instantiateClass(BeanUtils.java:221)
	at org.springframework.beans.factory.support.SimpleInstantiationStrategy.instantiate(SimpleInstantiationStrategy.java:94)
	at org.springframework.beans.factory.support.AbstractAutowireCapableBeanFactory.instantiateBean(AbstractAutowireCapableBeanFactory.java:1331)
	... 34 common frames omitted
Caused by: java.lang.Error: Unresolved compilation problems: 
	The import jakarta.annotation cannot be resolved
	Resource cannot be resolved to a type

	at com.reservation.service.AppointmentService.<init>(AppointmentService.java:19)
	at java.base/jdk.internal.reflect.DirectConstructorHandleAccessor.newInstance(DirectConstructorHandleAccessor.java:62)
	at java.base/java.lang.reflect.Constructor.newInstanceWithCaller(Constructor.java:502)
	at java.base/java.lang.reflect.Constructor.newInstance(Constructor.java:486)
	at org.springframework.beans.BeanUtils.instantiateClass(BeanUtils.java:195)
	... 36 common frames omitted
2026-08-26T22:08:37.149+08:00 INFO  c.r.SpringBootMergeApplication : Starting SpringBootMergeApplication using Java 21.0.8 with PID 18980 (H:\2026\lesson-appointment\api\target\classes started by Administrator in H:\2026\lesson-appointment\api)
2026-08-26T22:08:37.149+08:00 INFO  c.r.SpringBootMergeApplication : No active profile set, falling back to 1 default profile: "default"
2026-08-26T22:08:38.443+08:00 INFO  o.s.b.w.e.tomcat.TomcatWebServer : Tomcat initialized with port 8081 (http)
2026-08-26T22:08:38.458+08:00 INFO  o.a.coyote.http11.Http11NioProtocol : Initializing ProtocolHandler ["http-nio-8081"]
2026-08-26T22:08:38.483+08:00 INFO  o.a.catalina.core.StandardService : Starting service [Tomcat]
2026-08-26T22:08:38.498+08:00 INFO  o.a.catalina.core.StandardEngine : Starting Servlet engine: [Apache Tomcat/10.1.31]
2026-08-26T22:08:38.542+08:00 INFO  o.a.c.c.C.[Tomcat-2].[localhost].[/] : Initializing Spring embedded WebApplicationContext
2026-08-26T22:08:38.553+08:00 INFO  o.s.b.w.s.c.ServletWebServerApplicationContext : Root WebApplicationContext: initialization completed in 1400 ms
2026-08-26T22:08:38.886+08:00 WARN  c.b.m.core.injector.methods.Insert : [com.reservation.mapper.AuditLogMapper.insert] Has been loaded by XML or SqlProvider or Mybatis's Annotation, so ignoring this injection for [class com.baomidou.mybatisplus.core.injector.methods.Insert]
2026-08-26T22:08:38.931+08:00 WARN  c.b.m.c.injector.methods.SelectList : [com.reservation.mapper.BookingMapper.selectList] Has been loaded by XML or SqlProvider or Mybatis's Annotation, so ignoring this injection for [class com.baomidou.mybatisplus.core.injector.methods.SelectList]
2026-08-26T22:08:38.938+08:00 WARN  c.b.m.c.injector.methods.SelectById : [com.reservation.mapper.BookingMapper.selectById] Has been loaded by XML or SqlProvider or Mybatis's Annotation, so ignoring this injection for [class com.baomidou.mybatisplus.core.injector.methods.SelectById]
2026-08-26T22:08:39.018+08:00 WARN  c.b.m.core.injector.methods.Update : [com.reservation.mapper.CourseScheduleMapper.update] Has been loaded by XML or SqlProvider or Mybatis's Annotation, so ignoring this injection for [class com.baomidou.mybatisplus.core.injector.methods.Update]
2026-08-26T22:08:39.352+08:00 WARN  o.s.b.w.s.c.AnnotationConfigServletWebServerApplicationContext : Exception encountered during context initialization - cancelling refresh attempt: org.springframework.beans.factory.UnsatisfiedDependencyException: Error creating bean with name 'appointmentController': Unsatisfied dependency expressed through field 'appointmentService': Error creating bean with name 'appointmentService' defined in file [H:\2026\lesson-appointment\api\target\classes\com\reservation\service\AppointmentService.class]: Failed to instantiate [com.reservation.service.AppointmentService]: Constructor threw exception
2026-08-26T22:08:39.358+08:00 INFO  o.a.catalina.core.StandardService : Stopping service [Tomcat]
2026-08-26T22:08:39.364+08:00 INFO  o.s.b.a.l.ConditionEvaluationReportLogger : 

Error starting ApplicationContext. To display the condition evaluation report re-run your application with 'debug' enabled.
2026-08-26T22:08:39.381+08:00 ERROR o.s.boot.SpringApplication : Application run failed
org.springframework.beans.factory.UnsatisfiedDependencyException: Error creating bean with name 'appointmentController': Unsatisfied dependency expressed through field 'appointmentService': Error creating bean with name 'appointmentService' defined in file [H:\2026\lesson-appointment\api\target\classes\com\reservation\service\AppointmentService.class]: Failed to instantiate [com.reservation.service.AppointmentService]: Constructor threw exception
	at org.springframework.beans.factory.annotation.AutowiredAnnotationBeanPostProcessor$AutowiredFieldElement.resolveFieldValue(AutowiredAnnotationBeanPostProcessor.java:788)
	at org.springframework.beans.factory.annotation.AutowiredAnnotationBeanPostProcessor$AutowiredFieldElement.inject(AutowiredAnnotationBeanPostProcessor.java:768)
	at org.springframework.beans.factory.annotation.InjectionMetadata.inject(InjectionMetadata.java:145)
	at org.springframework.beans.factory.annotation.AutowiredAnnotationBeanPostProcessor.postProcessProperties(AutowiredAnnotationBeanPostProcessor.java:509)
	at org.springframework.beans.factory.support.AbstractAutowireCapableBeanFactory.populateBean(AbstractAutowireCapableBeanFactory.java:1439)
	at org.springframework.beans.factory.support.AbstractAutowireCapableBeanFactory.doCreateBean(AbstractAutowireCapableBeanFactory.java:599)
	at org.springframework.beans.factory.support.AbstractAutowireCapableBeanFactory.createBean(AbstractAutowireCapableBeanFactory.java:522)
	at org.springframework.beans.factory.support.AbstractBeanFactory.lambda$doGetBean$0(AbstractBeanFactory.java:337)
	at org.springframework.beans.factory.support.DefaultSingletonBeanRegistry.getSingleton(DefaultSingletonBeanRegistry.java:234)
	at org.springframework.beans.factory.support.AbstractBeanFactory.doGetBean(AbstractBeanFactory.java:335)
	at org.springframework.beans.factory.support.AbstractBeanFactory.getBean(AbstractBeanFactory.java:200)
	at org.springframework.beans.factory.support.DefaultListableBeanFactory.preInstantiateSingletons(DefaultListableBeanFactory.java:975)
	at org.springframework.context.support.AbstractApplicationContext.finishBeanFactoryInitialization(AbstractApplicationContext.java:971)
	at org.springframework.context.support.AbstractApplicationContext.refresh(AbstractApplicationContext.java:625)
	at org.springframework.boot.web.servlet.context.ServletWebServerApplicationContext.refresh(ServletWebServerApplicationContext.java:146)
	at org.springframework.boot.SpringApplication.refresh(SpringApplication.java:754)
	at org.springframework.boot.SpringApplication.refreshContext(SpringApplication.java:456)
	at org.springframework.boot.SpringApplication.run(SpringApplication.java:335)
	at org.springframework.boot.SpringApplication.run(SpringApplication.java:1363)
	at org.springframework.boot.SpringApplication.run(SpringApplication.java:1352)
	at com.reservation.SpringBootMergeApplication.main(SpringBootMergeApplication.java:21)
	at java.base/jdk.internal.reflect.DirectMethodHandleAccessor.invoke(DirectMethodHandleAccessor.java:103)
	at java.base/java.lang.reflect.Method.invoke(Method.java:580)
	at org.springframework.boot.devtools.restart.RestartLauncher.run(RestartLauncher.java:50)
Caused by: org.springframework.beans.factory.BeanCreationException: Error creating bean with name 'appointmentService' defined in file [H:\2026\lesson-appointment\api\target\classes\com\reservation\service\AppointmentService.class]: Failed to instantiate [com.reservation.service.AppointmentService]: Constructor threw exception
	at org.springframework.beans.factory.support.AbstractAutowireCapableBeanFactory.instantiateBean(AbstractAutowireCapableBeanFactory.java:1337)
	at org.springframework.beans.factory.support.AbstractAutowireCapableBeanFactory.createBeanInstance(AbstractAutowireCapableBeanFactory.java:1222)
	at org.springframework.beans.factory.support.AbstractAutowireCapableBeanFactory.doCreateBean(AbstractAutowireCapableBeanFactory.java:562)
	at org.springframework.beans.factory.support.AbstractAutowireCapableBeanFactory.createBean(AbstractAutowireCapableBeanFactory.java:522)
	at org.springframework.beans.factory.support.AbstractBeanFactory.lambda$doGetBean$0(AbstractBeanFactory.java:337)
	at org.springframework.beans.factory.support.DefaultSingletonBeanRegistry.getSingleton(DefaultSingletonBeanRegistry.java:234)
	at org.springframework.beans.factory.support.AbstractBeanFactory.doGetBean(AbstractBeanFactory.java:335)
	at org.springframework.beans.factory.support.AbstractBeanFactory.getBean(AbstractBeanFactory.java:200)
	at org.springframework.beans.factory.config.DependencyDescriptor.resolveCandidate(DependencyDescriptor.java:254)
	at org.springframework.beans.factory.support.DefaultListableBeanFactory.doResolveDependency(DefaultListableBeanFactory.java:1443)
	at org.springframework.beans.factory.support.DefaultListableBeanFactory.resolveDependency(DefaultListableBeanFactory.java:1353)
	at org.springframework.beans.factory.annotation.AutowiredAnnotationBeanPostProcessor$AutowiredFieldElement.resolveFieldValue(AutowiredAnnotationBeanPostProcessor.java:785)
	... 23 common frames omitted
Caused by: org.springframework.beans.BeanInstantiationException: Failed to instantiate [com.reservation.service.AppointmentService]: Constructor threw exception
	at org.springframework.beans.BeanUtils.instantiateClass(BeanUtils.java:221)
	at org.springframework.beans.factory.support.SimpleInstantiationStrategy.instantiate(SimpleInstantiationStrategy.java:94)
	at org.springframework.beans.factory.support.AbstractAutowireCapableBeanFactory.instantiateBean(AbstractAutowireCapableBeanFactory.java:1331)
	... 34 common frames omitted
Caused by: java.lang.Error: Unresolved compilation problems: 
	The import jakarta.annotation cannot be resolved
	Resource cannot be resolved to a type

	at com.reservation.service.AppointmentService.<init>(AppointmentService.java:19)
	at java.base/jdk.internal.reflect.DirectConstructorHandleAccessor.newInstance(DirectConstructorHandleAccessor.java:62)
	at java.base/java.lang.reflect.Constructor.newInstanceWithCaller(Constructor.java:502)
	at java.base/java.lang.reflect.Constructor.newInstance(Constructor.java:486)
	at org.springframework.beans.BeanUtils.instantiateClass(BeanUtils.java:195)
	... 36 common frames omitted
2026-08-26T22:08:41.256+08:00 INFO  c.r.SpringBootMergeApplication : Starting SpringBootMergeApplication using Java 21.0.8 with PID 18980 (H:\2026\lesson-appointment\api\target\classes started by Administrator in H:\2026\lesson-appointment\api)
2026-08-26T22:08:41.256+08:00 INFO  c.r.SpringBootMergeApplication : No active profile set, falling back to 1 default profile: "default"
2026-08-26T22:08:41.939+08:00 INFO  o.s.b.w.e.tomcat.TomcatWebServer : Tomcat initialized with port 8081 (http)
2026-08-26T22:08:41.940+08:00 INFO  o.a.coyote.http11.Http11NioProtocol : Initializing ProtocolHandler ["http-nio-8081"]
2026-08-26T22:08:41.941+08:00 INFO  o.a.catalina.core.StandardService : Starting service [Tomcat]
2026-08-26T22:08:41.941+08:00 INFO  o.a.catalina.core.StandardEngine : Starting Servlet engine: [Apache Tomcat/10.1.31]
2026-08-26T22:08:41.969+08:00 INFO  o.a.c.c.C.[Tomcat-3].[localhost].[/] : Initializing Spring embedded WebApplicationContext
2026-08-26T22:08:41.970+08:00 INFO  o.s.b.w.s.c.ServletWebServerApplicationContext : Root WebApplicationContext: initialization completed in 708 ms
2026-08-26T22:08:42.081+08:00 WARN  c.b.m.core.injector.methods.Insert : [com.reservation.mapper.AuditLogMapper.insert] Has been loaded by XML or SqlProvider or Mybatis's Annotation, so ignoring this injection for [class com.baomidou.mybatisplus.core.injector.methods.Insert]
2026-08-26T22:08:42.113+08:00 WARN  c.b.m.c.injector.methods.SelectList : [com.reservation.mapper.BookingMapper.selectList] Has been loaded by XML or SqlProvider or Mybatis's Annotation, so ignoring this injection for [class com.baomidou.mybatisplus.core.injector.methods.SelectList]
2026-08-26T22:08:42.116+08:00 WARN  c.b.m.c.injector.methods.SelectById : [com.reservation.mapper.BookingMapper.selectById] Has been loaded by XML or SqlProvider or Mybatis's Annotation, so ignoring this injection for [class com.baomidou.mybatisplus.core.injector.methods.SelectById]
2026-08-26T22:08:42.177+08:00 WARN  c.b.m.core.injector.methods.Update : [com.reservation.mapper.CourseScheduleMapper.update] Has been loaded by XML or SqlProvider or Mybatis's Annotation, so ignoring this injection for [class com.baomidou.mybatisplus.core.injector.methods.Update]
2026-08-26T22:08:42.402+08:00 WARN  o.s.b.w.s.c.AnnotationConfigServletWebServerApplicationContext : Exception encountered during context initialization - cancelling refresh attempt: org.springframework.beans.factory.UnsatisfiedDependencyException: Error creating bean with name 'appointmentController': Unsatisfied dependency expressed through field 'appointmentService': Error creating bean with name 'appointmentService' defined in file [H:\2026\lesson-appointment\api\target\classes\com\reservation\service\AppointmentService.class]: Failed to instantiate [com.reservation.service.AppointmentService]: Constructor threw exception
2026-08-26T22:08:42.404+08:00 INFO  o.a.catalina.core.StandardService : Stopping service [Tomcat]
2026-08-26T22:08:42.411+08:00 INFO  o.s.b.a.l.ConditionEvaluationReportLogger : 

Error starting ApplicationContext. To display the condition evaluation report re-run your application with 'debug' enabled.
2026-08-26T22:08:42.421+08:00 ERROR o.s.boot.SpringApplication : Application run failed
org.springframework.beans.factory.UnsatisfiedDependencyException: Error creating bean with name 'appointmentController': Unsatisfied dependency expressed through field 'appointmentService': Error creating bean with name 'appointmentService' defined in file [H:\2026\lesson-appointment\api\target\classes\com\reservation\service\AppointmentService.class]: Failed to instantiate [com.reservation.service.AppointmentService]: Constructor threw exception
	at org.springframework.beans.factory.annotation.AutowiredAnnotationBeanPostProcessor$AutowiredFieldElement.resolveFieldValue(AutowiredAnnotationBeanPostProcessor.java:788)
	at org.springframework.beans.factory.annotation.AutowiredAnnotationBeanPostProcessor$AutowiredFieldElement.inject(AutowiredAnnotationBeanPostProcessor.java:768)
	at org.springframework.beans.factory.annotation.InjectionMetadata.inject(InjectionMetadata.java:145)
	at org.springframework.beans.factory.annotation.AutowiredAnnotationBeanPostProcessor.postProcessProperties(AutowiredAnnotationBeanPostProcessor.java:509)
	at org.springframework.beans.factory.support.AbstractAutowireCapableBeanFactory.populateBean(AbstractAutowireCapableBeanFactory.java:1439)
	at org.springframework.beans.factory.support.AbstractAutowireCapableBeanFactory.doCreateBean(AbstractAutowireCapableBeanFactory.java:599)
	at org.springframework.beans.factory.support.AbstractAutowireCapableBeanFactory.createBean(AbstractAutowireCapableBeanFactory.java:522)
	at org.springframework.beans.factory.support.AbstractBeanFactory.lambda$doGetBean$0(AbstractBeanFactory.java:337)
	at org.springframework.beans.factory.support.DefaultSingletonBeanRegistry.getSingleton(DefaultSingletonBeanRegistry.java:234)
	at org.springframework.beans.factory.support.AbstractBeanFactory.doGetBean(AbstractBeanFactory.java:335)
	at org.springframework.beans.factory.support.AbstractBeanFactory.getBean(AbstractBeanFactory.java:200)
	at org.springframework.beans.factory.support.DefaultListableBeanFactory.preInstantiateSingletons(DefaultListableBeanFactory.java:975)
	at org.springframework.context.support.AbstractApplicationContext.finishBeanFactoryInitialization(AbstractApplicationContext.java:971)
	at org.springframework.context.support.AbstractApplicationContext.refresh(AbstractApplicationContext.java:625)
	at org.springframework.boot.web.servlet.context.ServletWebServerApplicationContext.refresh(ServletWebServerApplicationContext.java:146)
	at org.springframework.boot.SpringApplication.refresh(SpringApplication.java:754)
	at org.springframework.boot.SpringApplication.refreshContext(SpringApplication.java:456)
	at org.springframework.boot.SpringApplication.run(SpringApplication.java:335)
	at org.springframework.boot.SpringApplication.run(SpringApplication.java:1363)
	at org.springframework.boot.SpringApplication.run(SpringApplication.java:1352)
	at com.reservation.SpringBootMergeApplication.main(SpringBootMergeApplication.java:21)
	at java.base/jdk.internal.reflect.DirectMethodHandleAccessor.invoke(DirectMethodHandleAccessor.java:103)
	at java.base/java.lang.reflect.Method.invoke(Method.java:580)
	at org.springframework.boot.devtools.restart.RestartLauncher.run(RestartLauncher.java:50)
Caused by: org.springframework.beans.factory.BeanCreationException: Error creating bean with name 'appointmentService' defined in file [H:\2026\lesson-appointment\api\target\classes\com\reservation\service\AppointmentService.class]: Failed to instantiate [com.reservation.service.AppointmentService]: Constructor threw exception
	at org.springframework.beans.factory.support.AbstractAutowireCapableBeanFactory.instantiateBean(AbstractAutowireCapableBeanFactory.java:1337)
	at org.springframework.beans.factory.support.AbstractAutowireCapableBeanFactory.createBeanInstance(AbstractAutowireCapableBeanFactory.java:1222)
	at org.springframework.beans.factory.support.AbstractAutowireCapableBeanFactory.doCreateBean(AbstractAutowireCapableBeanFactory.java:562)
	at org.springframework.beans.factory.support.AbstractAutowireCapableBeanFactory.createBean(AbstractAutowireCapableBeanFactory.java:522)
	at org.springframework.beans.factory.support.AbstractBeanFactory.lambda$doGetBean$0(AbstractBeanFactory.java:337)
	at org.springframework.beans.factory.support.DefaultSingletonBeanRegistry.getSingleton(DefaultSingletonBeanRegistry.java:234)
	at org.springframework.beans.factory.support.AbstractBeanFactory.doGetBean(AbstractBeanFactory.java:335)
	at org.springframework.beans.factory.support.AbstractBeanFactory.getBean(AbstractBeanFactory.java:200)
	at org.springframework.beans.factory.config.DependencyDescriptor.resolveCandidate(DependencyDescriptor.java:254)
	at org.springframework.beans.factory.support.DefaultListableBeanFactory.doResolveDependency(DefaultListableBeanFactory.java:1443)
	at org.springframework.beans.factory.support.DefaultListableBeanFactory.resolveDependency(DefaultListableBeanFactory.java:1353)
	at org.springframework.beans.factory.annotation.AutowiredAnnotationBeanPostProcessor$AutowiredFieldElement.resolveFieldValue(AutowiredAnnotationBeanPostProcessor.java:785)
	... 23 common frames omitted
Caused by: org.springframework.beans.BeanInstantiationException: Failed to instantiate [com.reservation.service.AppointmentService]: Constructor threw exception
	at org.springframework.beans.BeanUtils.instantiateClass(BeanUtils.java:221)
	at org.springframework.beans.factory.support.SimpleInstantiationStrategy.instantiate(SimpleInstantiationStrategy.java:94)
	at org.springframework.beans.factory.support.AbstractAutowireCapableBeanFactory.instantiateBean(AbstractAutowireCapableBeanFactory.java:1331)
	... 34 common frames omitted
Caused by: java.lang.Error: Unresolved compilation problems: 
	The import jakarta.annotation cannot be resolved
	Resource cannot be resolved to a type

	at com.reservation.service.AppointmentService.<init>(AppointmentService.java:19)
	at java.base/jdk.internal.reflect.DirectConstructorHandleAccessor.newInstance(DirectConstructorHandleAccessor.java:62)
	at java.base/java.lang.reflect.Constructor.newInstanceWithCaller(Constructor.java:502)
	at java.base/java.lang.reflect.Constructor.newInstance(Constructor.java:486)
	at org.springframework.beans.BeanUtils.instantiateClass(BeanUtils.java:195)
	... 36 common frames omitted
2026-08-26T22:08:53.112+08:00 INFO  c.r.SpringBootMergeApplication : Starting SpringBootMergeApplication using Java 21.0.8 with PID 18980 (H:\2026\lesson-appointment\api\target\classes started by Administrator in H:\2026\lesson-appointment\api)
2026-08-26T22:08:53.116+08:00 INFO  c.r.SpringBootMergeApplication : No active profile set, falling back to 1 default profile: "default"
2026-08-26T22:08:53.784+08:00 INFO  o.s.b.w.e.tomcat.TomcatWebServer : Tomcat initialized with port 8081 (http)
2026-08-26T22:08:53.796+08:00 INFO  o.a.coyote.http11.Http11NioProtocol : Initializing ProtocolHandler ["http-nio-8081"]
2026-08-26T22:08:53.800+08:00 INFO  o.a.catalina.core.StandardService : Starting service [Tomcat]
2026-08-26T22:08:53.801+08:00 INFO  o.a.catalina.core.StandardEngine : Starting Servlet engine: [Apache Tomcat/10.1.31]
2026-08-26T22:08:53.822+08:00 INFO  o.a.c.c.C.[Tomcat-4].[localhost].[/] : Initializing Spring embedded WebApplicationContext
2026-08-26T22:08:53.822+08:00 INFO  o.s.b.w.s.c.ServletWebServerApplicationContext : Root WebApplicationContext: initialization completed in 701 ms
2026-08-26T22:08:53.924+08:00 WARN  c.b.m.core.injector.methods.Insert : [com.reservation.mapper.AuditLogMapper.insert] Has been loaded by XML or SqlProvider or Mybatis's Annotation, so ignoring this injection for [class com.baomidou.mybatisplus.core.injector.methods.Insert]
2026-08-26T22:08:53.948+08:00 WARN  c.b.m.c.injector.methods.SelectList : [com.reservation.mapper.BookingMapper.selectList] Has been loaded by XML or SqlProvider or Mybatis's Annotation, so ignoring this injection for [class com.baomidou.mybatisplus.core.injector.methods.SelectList]
2026-08-26T22:08:53.949+08:00 WARN  c.b.m.c.injector.methods.SelectById : [com.reservation.mapper.BookingMapper.selectById] Has been loaded by XML or SqlProvider or Mybatis's Annotation, so ignoring this injection for [class com.baomidou.mybatisplus.core.injector.methods.SelectById]
2026-08-26T22:08:53.985+08:00 WARN  c.b.m.core.injector.methods.Update : [com.reservation.mapper.CourseScheduleMapper.update] Has been loaded by XML or SqlProvider or Mybatis's Annotation, so ignoring this injection for [class com.baomidou.mybatisplus.core.injector.methods.Update]
2026-08-26T22:08:54.122+08:00 WARN  o.s.b.w.s.c.AnnotationConfigServletWebServerApplicationContext : Exception encountered during context initialization - cancelling refresh attempt: org.springframework.beans.factory.UnsatisfiedDependencyException: Error creating bean with name 'appointmentController': Unsatisfied dependency expressed through field 'appointmentService': Error creating bean with name 'appointmentService' defined in file [H:\2026\lesson-appointment\api\target\classes\com\reservation\service\AppointmentService.class]: Failed to instantiate [com.reservation.service.AppointmentService]: Constructor threw exception
2026-08-26T22:08:54.125+08:00 INFO  o.a.catalina.core.StandardService : Stopping service [Tomcat]
2026-08-26T22:08:54.132+08:00 INFO  o.s.b.a.l.ConditionEvaluationReportLogger : 

Error starting ApplicationContext. To display the condition evaluation report re-run your application with 'debug' enabled.
2026-08-26T22:08:54.143+08:00 ERROR o.s.boot.SpringApplication : Application run failed
org.springframework.beans.factory.UnsatisfiedDependencyException: Error creating bean with name 'appointmentController': Unsatisfied dependency expressed through field 'appointmentService': Error creating bean with name 'appointmentService' defined in file [H:\2026\lesson-appointment\api\target\classes\com\reservation\service\AppointmentService.class]: Failed to instantiate [com.reservation.service.AppointmentService]: Constructor threw exception
	at org.springframework.beans.factory.annotation.AutowiredAnnotationBeanPostProcessor$AutowiredFieldElement.resolveFieldValue(AutowiredAnnotationBeanPostProcessor.java:788)
	at org.springframework.beans.factory.annotation.AutowiredAnnotationBeanPostProcessor$AutowiredFieldElement.inject(AutowiredAnnotationBeanPostProcessor.java:768)
	at org.springframework.beans.factory.annotation.InjectionMetadata.inject(InjectionMetadata.java:145)
	at org.springframework.beans.factory.annotation.AutowiredAnnotationBeanPostProcessor.postProcessProperties(AutowiredAnnotationBeanPostProcessor.java:509)
	at org.springframework.beans.factory.support.AbstractAutowireCapableBeanFactory.populateBean(AbstractAutowireCapableBeanFactory.java:1439)
	at org.springframework.beans.factory.support.AbstractAutowireCapableBeanFactory.doCreateBean(AbstractAutowireCapableBeanFactory.java:599)
	at org.springframework.beans.factory.support.AbstractAutowireCapableBeanFactory.createBean(AbstractAutowireCapableBeanFactory.java:522)
	at org.springframework.beans.factory.support.AbstractBeanFactory.lambda$doGetBean$0(AbstractBeanFactory.java:337)
	at org.springframework.beans.factory.support.DefaultSingletonBeanRegistry.getSingleton(DefaultSingletonBeanRegistry.java:234)
	at org.springframework.beans.factory.support.AbstractBeanFactory.doGetBean(AbstractBeanFactory.java:335)
	at org.springframework.beans.factory.support.AbstractBeanFactory.getBean(AbstractBeanFactory.java:200)
	at org.springframework.beans.factory.support.DefaultListableBeanFactory.preInstantiateSingletons(DefaultListableBeanFactory.java:975)
	at org.springframework.context.support.AbstractApplicationContext.finishBeanFactoryInitialization(AbstractApplicationContext.java:971)
	at org.springframework.context.support.AbstractApplicationContext.refresh(AbstractApplicationContext.java:625)
	at org.springframework.boot.web.servlet.context.ServletWebServerApplicationContext.refresh(ServletWebServerApplicationContext.java:146)
	at org.springframework.boot.SpringApplication.refresh(SpringApplication.java:754)
	at org.springframework.boot.SpringApplication.refreshContext(SpringApplication.java:456)
	at org.springframework.boot.SpringApplication.run(SpringApplication.java:335)
	at org.springframework.boot.SpringApplication.run(SpringApplication.java:1363)
	at org.springframework.boot.SpringApplication.run(SpringApplication.java:1352)
	at com.reservation.SpringBootMergeApplication.main(SpringBootMergeApplication.java:21)
	at java.base/jdk.internal.reflect.DirectMethodHandleAccessor.invoke(DirectMethodHandleAccessor.java:103)
	at java.base/java.lang.reflect.Method.invoke(Method.java:580)
	at org.springframework.boot.devtools.restart.RestartLauncher.run(RestartLauncher.java:50)
Caused by: org.springframework.beans.factory.BeanCreationException: Error creating bean with name 'appointmentService' defined in file [H:\2026\lesson-appointment\api\target\classes\com\reservation\service\AppointmentService.class]: Failed to instantiate [com.reservation.service.AppointmentService]: Constructor threw exception
	at org.springframework.beans.factory.support.AbstractAutowireCapableBeanFactory.instantiateBean(AbstractAutowireCapableBeanFactory.java:1337)
	at org.springframework.beans.factory.support.AbstractAutowireCapableBeanFactory.createBeanInstance(AbstractAutowireCapableBeanFactory.java:1222)
	at org.springframework.beans.factory.support.AbstractAutowireCapableBeanFactory.doCreateBean(AbstractAutowireCapableBeanFactory.java:562)
	at org.springframework.beans.factory.support.AbstractAutowireCapableBeanFactory.createBean(AbstractAutowireCapableBeanFactory.java:522)
	at org.springframework.beans.factory.support.AbstractBeanFactory.lambda$doGetBean$0(AbstractBeanFactory.java:337)
	at org.springframework.beans.factory.support.DefaultSingletonBeanRegistry.getSingleton(DefaultSingletonBeanRegistry.java:234)
	at org.springframework.beans.factory.support.AbstractBeanFactory.doGetBean(AbstractBeanFactory.java:335)
	at org.springframework.beans.factory.support.AbstractBeanFactory.getBean(AbstractBeanFactory.java:200)
	at org.springframework.beans.factory.config.DependencyDescriptor.resolveCandidate(DependencyDescriptor.java:254)
	at org.springframework.beans.factory.support.DefaultListableBeanFactory.doResolveDependency(DefaultListableBeanFactory.java:1443)
	at org.springframework.beans.factory.support.DefaultListableBeanFactory.resolveDependency(DefaultListableBeanFactory.java:1353)
	at org.springframework.beans.factory.annotation.AutowiredAnnotationBeanPostProcessor$AutowiredFieldElement.resolveFieldValue(AutowiredAnnotationBeanPostProcessor.java:785)
	... 23 common frames omitted
Caused by: org.springframework.beans.BeanInstantiationException: Failed to instantiate [com.reservation.service.AppointmentService]: Constructor threw exception
	at org.springframework.beans.BeanUtils.instantiateClass(BeanUtils.java:221)
	at org.springframework.beans.factory.support.SimpleInstantiationStrategy.instantiate(SimpleInstantiationStrategy.java:94)
	at org.springframework.beans.factory.support.AbstractAutowireCapableBeanFactory.instantiateBean(AbstractAutowireCapableBeanFactory.java:1331)
	... 34 common frames omitted
Caused by: java.lang.Error: Unresolved compilation problems: 
	The import jakarta.annotation cannot be resolved
	Resource cannot be resolved to a type

	at com.reservation.service.AppointmentService.<init>(AppointmentService.java:19)
	at java.base/jdk.internal.reflect.DirectConstructorHandleAccessor.newInstance(DirectConstructorHandleAccessor.java:62)
	at java.base/java.lang.reflect.Constructor.newInstanceWithCaller(Constructor.java:502)
	at java.base/java.lang.reflect.Constructor.newInstance(Constructor.java:486)
	at org.springframework.beans.BeanUtils.instantiateClass(BeanUtils.java:195)
	... 36 common frames omitted
2026-08-26T22:09:08.086+08:00 INFO  c.r.SpringBootMergeApplication : Starting SpringBootMergeApplication using Java 21.0.8 with PID 18980 (H:\2026\lesson-appointment\api\target\classes started by Administrator in H:\2026\lesson-appointment\api)
2026-08-26T22:09:08.087+08:00 INFO  c.r.SpringBootMergeApplication : No active profile set, falling back to 1 default profile: "default"
2026-08-26T22:09:08.719+08:00 INFO  o.s.b.w.e.tomcat.TomcatWebServer : Tomcat initialized with port 8081 (http)
2026-08-26T22:09:08.725+08:00 INFO  o.a.coyote.http11.Http11NioProtocol : Initializing ProtocolHandler ["http-nio-8081"]
2026-08-26T22:09:08.729+08:00 INFO  o.a.catalina.core.StandardService : Starting service [Tomcat]
2026-08-26T22:09:08.730+08:00 INFO  o.a.catalina.core.StandardEngine : Starting Servlet engine: [Apache Tomcat/10.1.31]
2026-08-26T22:09:08.760+08:00 INFO  o.a.c.c.C.[Tomcat-5].[localhost].[/] : Initializing Spring embedded WebApplicationContext
2026-08-26T22:09:08.763+08:00 INFO  o.s.b.w.s.c.ServletWebServerApplicationContext : Root WebApplicationContext: initialization completed in 670 ms
2026-08-26T22:09:08.889+08:00 WARN  c.b.m.core.injector.methods.Insert : [com.reservation.mapper.AuditLogMapper.insert] Has been loaded by XML or SqlProvider or Mybatis's Annotation, so ignoring this injection for [class com.baomidou.mybatisplus.core.injector.methods.Insert]
2026-08-26T22:09:08.918+08:00 WARN  c.b.m.c.injector.methods.SelectList : [com.reservation.mapper.BookingMapper.selectList] Has been loaded by XML or SqlProvider or Mybatis's Annotation, so ignoring this injection for [class com.baomidou.mybatisplus.core.injector.methods.SelectList]
2026-08-26T22:09:08.923+08:00 WARN  c.b.m.c.injector.methods.SelectById : [com.reservation.mapper.BookingMapper.selectById] Has been loaded by XML or SqlProvider or Mybatis's Annotation, so ignoring this injection for [class com.baomidou.mybatisplus.core.injector.methods.SelectById]
2026-08-26T22:09:08.960+08:00 WARN  c.b.m.core.injector.methods.Update : [com.reservation.mapper.CourseScheduleMapper.update] Has been loaded by XML or SqlProvider or Mybatis's Annotation, so ignoring this injection for [class com.baomidou.mybatisplus.core.injector.methods.Update]
2026-08-26T22:09:09.111+08:00 WARN  o.s.b.w.s.c.AnnotationConfigServletWebServerApplicationContext : Exception encountered during context initialization - cancelling refresh attempt: org.springframework.beans.factory.UnsatisfiedDependencyException: Error creating bean with name 'appointmentController': Unsatisfied dependency expressed through field 'appointmentService': Error creating bean with name 'appointmentService' defined in file [H:\2026\lesson-appointment\api\target\classes\com\reservation\service\AppointmentService.class]: Failed to instantiate [com.reservation.service.AppointmentService]: Constructor threw exception
2026-08-26T22:09:09.112+08:00 INFO  o.a.catalina.core.StandardService : Stopping service [Tomcat]
2026-08-26T22:09:09.119+08:00 INFO  o.s.b.a.l.ConditionEvaluationReportLogger : 

Error starting ApplicationContext. To display the condition evaluation report re-run your application with 'debug' enabled.
2026-08-26T22:09:09.133+08:00 ERROR o.s.boot.SpringApplication : Application run failed
org.springframework.beans.factory.UnsatisfiedDependencyException: Error creating bean with name 'appointmentController': Unsatisfied dependency expressed through field 'appointmentService': Error creating bean with name 'appointmentService' defined in file [H:\2026\lesson-appointment\api\target\classes\com\reservation\service\AppointmentService.class]: Failed to instantiate [com.reservation.service.AppointmentService]: Constructor threw exception
	at org.springframework.beans.factory.annotation.AutowiredAnnotationBeanPostProcessor$AutowiredFieldElement.resolveFieldValue(AutowiredAnnotationBeanPostProcessor.java:788)
	at org.springframework.beans.factory.annotation.AutowiredAnnotationBeanPostProcessor$AutowiredFieldElement.inject(AutowiredAnnotationBeanPostProcessor.java:768)
	at org.springframework.beans.factory.annotation.InjectionMetadata.inject(InjectionMetadata.java:145)
	at org.springframework.beans.factory.annotation.AutowiredAnnotationBeanPostProcessor.postProcessProperties(AutowiredAnnotationBeanPostProcessor.java:509)
	at org.springframework.beans.factory.support.AbstractAutowireCapableBeanFactory.populateBean(AbstractAutowireCapableBeanFactory.java:1439)
	at org.springframework.beans.factory.support.AbstractAutowireCapableBeanFactory.doCreateBean(AbstractAutowireCapableBeanFactory.java:599)
	at org.springframework.beans.factory.support.AbstractAutowireCapableBeanFactory.createBean(AbstractAutowireCapableBeanFactory.java:522)
	at org.springframework.beans.factory.support.AbstractBeanFactory.lambda$doGetBean$0(AbstractBeanFactory.java:337)
	at org.springframework.beans.factory.support.DefaultSingletonBeanRegistry.getSingleton(DefaultSingletonBeanRegistry.java:234)
	at org.springframework.beans.factory.support.AbstractBeanFactory.doGetBean(AbstractBeanFactory.java:335)
	at org.springframework.beans.factory.support.AbstractBeanFactory.getBean(AbstractBeanFactory.java:200)
	at org.springframework.beans.factory.support.DefaultListableBeanFactory.preInstantiateSingletons(DefaultListableBeanFactory.java:975)
	at org.springframework.context.support.AbstractApplicationContext.finishBeanFactoryInitialization(AbstractApplicationContext.java:971)
	at org.springframework.context.support.AbstractApplicationContext.refresh(AbstractApplicationContext.java:625)
	at org.springframework.boot.web.servlet.context.ServletWebServerApplicationContext.refresh(ServletWebServerApplicationContext.java:146)
	at org.springframework.boot.SpringApplication.refresh(SpringApplication.java:754)
	at org.springframework.boot.SpringApplication.refreshContext(SpringApplication.java:456)
	at org.springframework.boot.SpringApplication.run(SpringApplication.java:335)
	at org.springframework.boot.SpringApplication.run(SpringApplication.java:1363)
	at org.springframework.boot.SpringApplication.run(SpringApplication.java:1352)
	at com.reservation.SpringBootMergeApplication.main(SpringBootMergeApplication.java:21)
	at java.base/jdk.internal.reflect.DirectMethodHandleAccessor.invoke(DirectMethodHandleAccessor.java:103)
	at java.base/java.lang.reflect.Method.invoke(Method.java:580)
	at org.springframework.boot.devtools.restart.RestartLauncher.run(RestartLauncher.java:50)
Caused by: org.springframework.beans.factory.BeanCreationException: Error creating bean with name 'appointmentService' defined in file [H:\2026\lesson-appointment\api\target\classes\com\reservation\service\AppointmentService.class]: Failed to instantiate [com.reservation.service.AppointmentService]: Constructor threw exception
	at org.springframework.beans.factory.support.AbstractAutowireCapableBeanFactory.instantiateBean(AbstractAutowireCapableBeanFactory.java:1337)
	at org.springframework.beans.factory.support.AbstractAutowireCapableBeanFactory.createBeanInstance(AbstractAutowireCapableBeanFactory.java:1222)
	at org.springframework.beans.factory.support.AbstractAutowireCapableBeanFactory.doCreateBean(AbstractAutowireCapableBeanFactory.java:562)
	at org.springframework.beans.factory.support.AbstractAutowireCapableBeanFactory.createBean(AbstractAutowireCapableBeanFactory.java:522)
	at org.springframework.beans.factory.support.AbstractBeanFactory.lambda$doGetBean$0(AbstractBeanFactory.java:337)
	at org.springframework.beans.factory.support.DefaultSingletonBeanRegistry.getSingleton(DefaultSingletonBeanRegistry.java:234)
	at org.springframework.beans.factory.support.AbstractBeanFactory.doGetBean(AbstractBeanFactory.java:335)
	at org.springframework.beans.factory.support.AbstractBeanFactory.getBean(AbstractBeanFactory.java:200)
	at org.springframework.beans.factory.config.DependencyDescriptor.resolveCandidate(DependencyDescriptor.java:254)
	at org.springframework.beans.factory.support.DefaultListableBeanFactory.doResolveDependency(DefaultListableBeanFactory.java:1443)
	at org.springframework.beans.factory.support.DefaultListableBeanFactory.resolveDependency(DefaultListableBeanFactory.java:1353)
	at org.springframework.beans.factory.annotation.AutowiredAnnotationBeanPostProcessor$AutowiredFieldElement.resolveFieldValue(AutowiredAnnotationBeanPostProcessor.java:785)
	... 23 common frames omitted
Caused by: org.springframework.beans.BeanInstantiationException: Failed to instantiate [com.reservation.service.AppointmentService]: Constructor threw exception
	at org.springframework.beans.BeanUtils.instantiateClass(BeanUtils.java:221)
	at org.springframework.beans.factory.support.SimpleInstantiationStrategy.instantiate(SimpleInstantiationStrategy.java:94)
	at org.springframework.beans.factory.support.AbstractAutowireCapableBeanFactory.instantiateBean(AbstractAutowireCapableBeanFactory.java:1331)
	... 34 common frames omitted
Caused by: java.lang.Error: Unresolved compilation problems: 
	The import jakarta.annotation cannot be resolved
	Resource cannot be resolved to a type

	at com.reservation.service.AppointmentService.<init>(AppointmentService.java:19)
	at java.base/jdk.internal.reflect.DirectConstructorHandleAccessor.newInstance(DirectConstructorHandleAccessor.java:62)
	at java.base/java.lang.reflect.Constructor.newInstanceWithCaller(Constructor.java:502)
	at java.base/java.lang.reflect.Constructor.newInstance(Constructor.java:486)
	at org.springframework.beans.BeanUtils.instantiateClass(BeanUtils.java:195)
	... 36 common frames omitted
2026-08-26T22:09:53.693+08:00 INFO  c.r.SpringBootMergeApplication : Starting SpringBootMergeApplication using Java 21.0.8 with PID 18980 (H:\2026\lesson-appointment\api\target\classes started by Administrator in H:\2026\lesson-appointment\api)
2026-08-26T22:09:53.702+08:00 INFO  c.r.SpringBootMergeApplication : No active profile set, falling back to 1 default profile: "default"
2026-08-26T22:09:54.361+08:00 INFO  o.s.b.w.e.tomcat.TomcatWebServer : Tomcat initialized with port 8081 (http)
2026-08-26T22:09:54.364+08:00 INFO  o.a.coyote.http11.Http11NioProtocol : Initializing ProtocolHandler ["http-nio-8081"]
2026-08-26T22:09:54.365+08:00 INFO  o.a.catalina.core.StandardService : Starting service [Tomcat]
2026-08-26T22:09:54.365+08:00 INFO  o.a.catalina.core.StandardEngine : Starting Servlet engine: [Apache Tomcat/10.1.31]
2026-08-26T22:09:54.398+08:00 INFO  o.a.c.c.C.[Tomcat-6].[localhost].[/] : Initializing Spring embedded WebApplicationContext
2026-08-26T22:09:54.399+08:00 INFO  o.s.b.w.s.c.ServletWebServerApplicationContext : Root WebApplicationContext: initialization completed in 690 ms
2026-08-26T22:09:54.504+08:00 WARN  c.b.m.core.injector.methods.Insert : [com.reservation.mapper.AuditLogMapper.insert] Has been loaded by XML or SqlProvider or Mybatis's Annotation, so ignoring this injection for [class com.baomidou.mybatisplus.core.injector.methods.Insert]
2026-08-26T22:09:54.538+08:00 WARN  c.b.m.c.injector.methods.SelectList : [com.reservation.mapper.BookingMapper.selectList] Has been loaded by XML or SqlProvider or Mybatis's Annotation, so ignoring this injection for [class com.baomidou.mybatisplus.core.injector.methods.SelectList]
2026-08-26T22:09:54.540+08:00 WARN  c.b.m.c.injector.methods.SelectById : [com.reservation.mapper.BookingMapper.selectById] Has been loaded by XML or SqlProvider or Mybatis's Annotation, so ignoring this injection for [class com.baomidou.mybatisplus.core.injector.methods.SelectById]
2026-08-26T22:09:54.577+08:00 WARN  c.b.m.core.injector.methods.Update : [com.reservation.mapper.CourseScheduleMapper.update] Has been loaded by XML or SqlProvider or Mybatis's Annotation, so ignoring this injection for [class com.baomidou.mybatisplus.core.injector.methods.Update]
2026-08-26T22:09:54.727+08:00 WARN  o.s.b.w.s.c.AnnotationConfigServletWebServerApplicationContext : Exception encountered during context initialization - cancelling refresh attempt: org.springframework.beans.factory.UnsatisfiedDependencyException: Error creating bean with name 'appointmentController': Unsatisfied dependency expressed through field 'appointmentService': Error creating bean with name 'appointmentService' defined in file [H:\2026\lesson-appointment\api\target\classes\com\reservation\service\AppointmentService.class]: Failed to instantiate [com.reservation.service.AppointmentService]: Constructor threw exception
2026-08-26T22:09:54.728+08:00 INFO  o.a.catalina.core.StandardService : Stopping service [Tomcat]
2026-08-26T22:09:54.734+08:00 INFO  o.s.b.a.l.ConditionEvaluationReportLogger : 

Error starting ApplicationContext. To display the condition evaluation report re-run your application with 'debug' enabled.
2026-08-26T22:09:54.742+08:00 ERROR o.s.boot.SpringApplication : Application run failed
org.springframework.beans.factory.UnsatisfiedDependencyException: Error creating bean with name 'appointmentController': Unsatisfied dependency expressed through field 'appointmentService': Error creating bean with name 'appointmentService' defined in file [H:\2026\lesson-appointment\api\target\classes\com\reservation\service\AppointmentService.class]: Failed to instantiate [com.reservation.service.AppointmentService]: Constructor threw exception
	at org.springframework.beans.factory.annotation.AutowiredAnnotationBeanPostProcessor$AutowiredFieldElement.resolveFieldValue(AutowiredAnnotationBeanPostProcessor.java:788)
	at org.springframework.beans.factory.annotation.AutowiredAnnotationBeanPostProcessor$AutowiredFieldElement.inject(AutowiredAnnotationBeanPostProcessor.java:768)
	at org.springframework.beans.factory.annotation.InjectionMetadata.inject(InjectionMetadata.java:145)
	at org.springframework.beans.factory.annotation.AutowiredAnnotationBeanPostProcessor.postProcessProperties(AutowiredAnnotationBeanPostProcessor.java:509)
	at org.springframework.beans.factory.support.AbstractAutowireCapableBeanFactory.populateBean(AbstractAutowireCapableBeanFactory.java:1439)
	at org.springframework.beans.factory.support.AbstractAutowireCapableBeanFactory.doCreateBean(AbstractAutowireCapableBeanFactory.java:599)
	at org.springframework.beans.factory.support.AbstractAutowireCapableBeanFactory.createBean(AbstractAutowireCapableBeanFactory.java:522)
	at org.springframework.beans.factory.support.AbstractBeanFactory.lambda$doGetBean$0(AbstractBeanFactory.java:337)
	at org.springframework.beans.factory.support.DefaultSingletonBeanRegistry.getSingleton(DefaultSingletonBeanRegistry.java:234)
	at org.springframework.beans.factory.support.AbstractBeanFactory.doGetBean(AbstractBeanFactory.java:335)
	at org.springframework.beans.factory.support.AbstractBeanFactory.getBean(AbstractBeanFactory.java:200)
	at org.springframework.beans.factory.support.DefaultListableBeanFactory.preInstantiateSingletons(DefaultListableBeanFactory.java:975)
	at org.springframework.context.support.AbstractApplicationContext.finishBeanFactoryInitialization(AbstractApplicationContext.java:971)
	at org.springframework.context.support.AbstractApplicationContext.refresh(AbstractApplicationContext.java:625)
	at org.springframework.boot.web.servlet.context.ServletWebServerApplicationContext.refresh(ServletWebServerApplicationContext.java:146)
	at org.springframework.boot.SpringApplication.refresh(SpringApplication.java:754)
	at org.springframework.boot.SpringApplication.refreshContext(SpringApplication.java:456)
	at org.springframework.boot.SpringApplication.run(SpringApplication.java:335)
	at org.springframework.boot.SpringApplication.run(SpringApplication.java:1363)
	at org.springframework.boot.SpringApplication.run(SpringApplication.java:1352)
	at com.reservation.SpringBootMergeApplication.main(SpringBootMergeApplication.java:21)
	at java.base/jdk.internal.reflect.DirectMethodHandleAccessor.invoke(DirectMethodHandleAccessor.java:103)
	at java.base/java.lang.reflect.Method.invoke(Method.java:580)
	at org.springframework.boot.devtools.restart.RestartLauncher.run(RestartLauncher.java:50)
Caused by: org.springframework.beans.factory.BeanCreationException: Error creating bean with name 'appointmentService' defined in file [H:\2026\lesson-appointment\api\target\classes\com\reservation\service\AppointmentService.class]: Failed to instantiate [com.reservation.service.AppointmentService]: Constructor threw exception
	at org.springframework.beans.factory.support.AbstractAutowireCapableBeanFactory.instantiateBean(AbstractAutowireCapableBeanFactory.java:1337)
	at org.springframework.beans.factory.support.AbstractAutowireCapableBeanFactory.createBeanInstance(AbstractAutowireCapableBeanFactory.java:1222)
	at org.springframework.beans.factory.support.AbstractAutowireCapableBeanFactory.doCreateBean(AbstractAutowireCapableBeanFactory.java:562)
	at org.springframework.beans.factory.support.AbstractAutowireCapableBeanFactory.createBean(AbstractAutowireCapableBeanFactory.java:522)
	at org.springframework.beans.factory.support.AbstractBeanFactory.lambda$doGetBean$0(AbstractBeanFactory.java:337)
	at org.springframework.beans.factory.support.DefaultSingletonBeanRegistry.getSingleton(DefaultSingletonBeanRegistry.java:234)
	at org.springframework.beans.factory.support.AbstractBeanFactory.doGetBean(AbstractBeanFactory.java:335)
	at org.springframework.beans.factory.support.AbstractBeanFactory.getBean(AbstractBeanFactory.java:200)
	at org.springframework.beans.factory.config.DependencyDescriptor.resolveCandidate(DependencyDescriptor.java:254)
	at org.springframework.beans.factory.support.DefaultListableBeanFactory.doResolveDependency(DefaultListableBeanFactory.java:1443)
	at org.springframework.beans.factory.support.DefaultListableBeanFactory.resolveDependency(DefaultListableBeanFactory.java:1353)
	at org.springframework.beans.factory.annotation.AutowiredAnnotationBeanPostProcessor$AutowiredFieldElement.resolveFieldValue(AutowiredAnnotationBeanPostProcessor.java:785)
	... 23 common frames omitted
Caused by: org.springframework.beans.BeanInstantiationException: Failed to instantiate [com.reservation.service.AppointmentService]: Constructor threw exception
	at org.springframework.beans.BeanUtils.instantiateClass(BeanUtils.java:221)
	at org.springframework.beans.factory.support.SimpleInstantiationStrategy.instantiate(SimpleInstantiationStrategy.java:94)
	at org.springframework.beans.factory.support.AbstractAutowireCapableBeanFactory.instantiateBean(AbstractAutowireCapableBeanFactory.java:1331)
	... 34 common frames omitted
Caused by: java.lang.Error: Unresolved compilation problems: 
	The import jakarta.annotation cannot be resolved
	Resource cannot be resolved to a type

	at com.reservation.service.AppointmentService.<init>(AppointmentService.java:19)
	at java.base/jdk.internal.reflect.DirectConstructorHandleAccessor.newInstance(DirectConstructorHandleAccessor.java:62)
	at java.base/java.lang.reflect.Constructor.newInstanceWithCaller(Constructor.java:502)
	at java.base/java.lang.reflect.Constructor.newInstance(Constructor.java:486)
	at org.springframework.beans.BeanUtils.instantiateClass(BeanUtils.java:195)
	... 36 common frames omitted
2026-08-26T22:10:30.161+08:00 INFO  c.r.SpringBootMergeApplication : Starting SpringBootMergeApplication using Java 21.0.8 with PID 18980 (H:\2026\lesson-appointment\api\target\classes started by Administrator in H:\2026\lesson-appointment\api)
2026-08-26T22:10:30.236+08:00 INFO  c.r.SpringBootMergeApplication : No active profile set, falling back to 1 default profile: "default"
2026-08-26T22:10:32.334+08:00 INFO  o.s.b.w.e.tomcat.TomcatWebServer : Tomcat initialized with port 8081 (http)
2026-08-26T22:10:32.342+08:00 INFO  o.a.coyote.http11.Http11NioProtocol : Initializing ProtocolHandler ["http-nio-8081"]
2026-08-26T22:10:32.346+08:00 INFO  o.a.catalina.core.StandardService : Starting service [Tomcat]
2026-08-26T22:10:32.352+08:00 INFO  o.a.catalina.core.StandardEngine : Starting Servlet engine: [Apache Tomcat/10.1.31]
2026-08-26T22:10:32.398+08:00 INFO  o.a.c.c.C.[Tomcat-7].[localhost].[/] : Initializing Spring embedded WebApplicationContext
2026-08-26T22:10:32.403+08:00 INFO  o.s.b.w.s.c.ServletWebServerApplicationContext : Root WebApplicationContext: initialization completed in 2083 ms
2026-08-26T22:10:32.554+08:00 WARN  c.b.m.core.injector.methods.Insert : [com.reservation.mapper.AuditLogMapper.insert] Has been loaded by XML or SqlProvider or Mybatis's Annotation, so ignoring this injection for [class com.baomidou.mybatisplus.core.injector.methods.Insert]
2026-08-26T22:10:32.590+08:00 WARN  c.b.m.c.injector.methods.SelectList : [com.reservation.mapper.BookingMapper.selectList] Has been loaded by XML or SqlProvider or Mybatis's Annotation, so ignoring this injection for [class com.baomidou.mybatisplus.core.injector.methods.SelectList]
2026-08-26T22:10:32.596+08:00 WARN  c.b.m.c.injector.methods.SelectById : [com.reservation.mapper.BookingMapper.selectById] Has been loaded by XML or SqlProvider or Mybatis's Annotation, so ignoring this injection for [class com.baomidou.mybatisplus.core.injector.methods.SelectById]
2026-08-26T22:10:32.663+08:00 WARN  c.b.m.core.injector.methods.Update : [com.reservation.mapper.CourseScheduleMapper.update] Has been loaded by XML or SqlProvider or Mybatis's Annotation, so ignoring this injection for [class com.baomidou.mybatisplus.core.injector.methods.Update]
2026-08-26T22:10:33.367+08:00 WARN  o.s.b.w.s.c.AnnotationConfigServletWebServerApplicationContext : Exception encountered during context initialization - cancelling refresh attempt: org.springframework.beans.factory.UnsatisfiedDependencyException: Error creating bean with name 'appointmentController': Unsatisfied dependency expressed through field 'appointmentService': Error creating bean with name 'appointmentService' defined in file [H:\2026\lesson-appointment\api\target\classes\com\reservation\service\AppointmentService.class]: Failed to instantiate [com.reservation.service.AppointmentService]: Constructor threw exception
2026-08-26T22:10:33.468+08:00 INFO  o.a.catalina.core.StandardService : Stopping service [Tomcat]
2026-08-26T22:10:33.538+08:00 INFO  o.s.b.a.l.ConditionEvaluationReportLogger : 

Error starting ApplicationContext. To display the condition evaluation report re-run your application with 'debug' enabled.
2026-08-26T22:10:33.551+08:00 ERROR o.s.boot.SpringApplication : Application run failed
org.springframework.beans.factory.UnsatisfiedDependencyException: Error creating bean with name 'appointmentController': Unsatisfied dependency expressed through field 'appointmentService': Error creating bean with name 'appointmentService' defined in file [H:\2026\lesson-appointment\api\target\classes\com\reservation\service\AppointmentService.class]: Failed to instantiate [com.reservation.service.AppointmentService]: Constructor threw exception
	at org.springframework.beans.factory.annotation.AutowiredAnnotationBeanPostProcessor$AutowiredFieldElement.resolveFieldValue(AutowiredAnnotationBeanPostProcessor.java:788)
	at org.springframework.beans.factory.annotation.AutowiredAnnotationBeanPostProcessor$AutowiredFieldElement.inject(AutowiredAnnotationBeanPostProcessor.java:768)
	at org.springframework.beans.factory.annotation.InjectionMetadata.inject(InjectionMetadata.java:145)
	at org.springframework.beans.factory.annotation.AutowiredAnnotationBeanPostProcessor.postProcessProperties(AutowiredAnnotationBeanPostProcessor.java:509)
	at org.springframework.beans.factory.support.AbstractAutowireCapableBeanFactory.populateBean(AbstractAutowireCapableBeanFactory.java:1439)
	at org.springframework.beans.factory.support.AbstractAutowireCapableBeanFactory.doCreateBean(AbstractAutowireCapableBeanFactory.java:599)
	at org.springframework.beans.factory.support.AbstractAutowireCapableBeanFactory.createBean(AbstractAutowireCapableBeanFactory.java:522)
	at org.springframework.beans.factory.support.AbstractBeanFactory.lambda$doGetBean$0(AbstractBeanFactory.java:337)
	at org.springframework.beans.factory.support.DefaultSingletonBeanRegistry.getSingleton(DefaultSingletonBeanRegistry.java:234)
	at org.springframework.beans.factory.support.AbstractBeanFactory.doGetBean(AbstractBeanFactory.java:335)
	at org.springframework.beans.factory.support.AbstractBeanFactory.getBean(AbstractBeanFactory.java:200)
	at org.springframework.beans.factory.support.DefaultListableBeanFactory.preInstantiateSingletons(DefaultListableBeanFactory.java:975)
	at org.springframework.context.support.AbstractApplicationContext.finishBeanFactoryInitialization(AbstractApplicationContext.java:971)
	at org.springframework.context.support.AbstractApplicationContext.refresh(AbstractApplicationContext.java:625)
	at org.springframework.boot.web.servlet.context.ServletWebServerApplicationContext.refresh(ServletWebServerApplicationContext.java:146)
	at org.springframework.boot.SpringApplication.refresh(SpringApplication.java:754)
	at org.springframework.boot.SpringApplication.refreshContext(SpringApplication.java:456)
	at org.springframework.boot.SpringApplication.run(SpringApplication.java:335)
	at org.springframework.boot.SpringApplication.run(SpringApplication.java:1363)
	at org.springframework.boot.SpringApplication.run(SpringApplication.java:1352)
	at com.reservation.SpringBootMergeApplication.main(SpringBootMergeApplication.java:21)
	at java.base/jdk.internal.reflect.DirectMethodHandleAccessor.invoke(DirectMethodHandleAccessor.java:103)
	at java.base/java.lang.reflect.Method.invoke(Method.java:580)
	at org.springframework.boot.devtools.restart.RestartLauncher.run(RestartLauncher.java:50)
Caused by: org.springframework.beans.factory.BeanCreationException: Error creating bean with name 'appointmentService' defined in file [H:\2026\lesson-appointment\api\target\classes\com\reservation\service\AppointmentService.class]: Failed to instantiate [com.reservation.service.AppointmentService]: Constructor threw exception
	at org.springframework.beans.factory.support.AbstractAutowireCapableBeanFactory.instantiateBean(AbstractAutowireCapableBeanFactory.java:1337)
	at org.springframework.beans.factory.support.AbstractAutowireCapableBeanFactory.createBeanInstance(AbstractAutowireCapableBeanFactory.java:1222)
	at org.springframework.beans.factory.support.AbstractAutowireCapableBeanFactory.doCreateBean(AbstractAutowireCapableBeanFactory.java:562)
	at org.springframework.beans.factory.support.AbstractAutowireCapableBeanFactory.createBean(AbstractAutowireCapableBeanFactory.java:522)
	at org.springframework.beans.factory.support.AbstractBeanFactory.lambda$doGetBean$0(AbstractBeanFactory.java:337)
	at org.springframework.beans.factory.support.DefaultSingletonBeanRegistry.getSingleton(DefaultSingletonBeanRegistry.java:234)
	at org.springframework.beans.factory.support.AbstractBeanFactory.doGetBean(AbstractBeanFactory.java:335)
	at org.springframework.beans.factory.support.AbstractBeanFactory.getBean(AbstractBeanFactory.java:200)
	at org.springframework.beans.factory.config.DependencyDescriptor.resolveCandidate(DependencyDescriptor.java:254)
	at org.springframework.beans.factory.support.DefaultListableBeanFactory.doResolveDependency(DefaultListableBeanFactory.java:1443)
	at org.springframework.beans.factory.support.DefaultListableBeanFactory.resolveDependency(DefaultListableBeanFactory.java:1353)
	at org.springframework.beans.factory.annotation.AutowiredAnnotationBeanPostProcessor$AutowiredFieldElement.resolveFieldValue(AutowiredAnnotationBeanPostProcessor.java:785)
	... 23 common frames omitted
Caused by: org.springframework.beans.BeanInstantiationException: Failed to instantiate [com.reservation.service.AppointmentService]: Constructor threw exception
	at org.springframework.beans.BeanUtils.instantiateClass(BeanUtils.java:221)
	at org.springframework.beans.factory.support.SimpleInstantiationStrategy.instantiate(SimpleInstantiationStrategy.java:94)
	at org.springframework.beans.factory.support.AbstractAutowireCapableBeanFactory.instantiateBean(AbstractAutowireCapableBeanFactory.java:1331)
	... 34 common frames omitted
Caused by: java.lang.Error: Unresolved compilation problems: 
	The import jakarta.annotation cannot be resolved
	Resource cannot be resolved to a type
	Syntax error on token "*", delete this token
	Syntax error on tokens, delete these tokens

	at com.reservation.service.AppointmentService.<init>(AppointmentService.java:19)
	at java.base/jdk.internal.reflect.DirectConstructorHandleAccessor.newInstance(DirectConstructorHandleAccessor.java:62)
	at java.base/java.lang.reflect.Constructor.newInstanceWithCaller(Constructor.java:502)
	at java.base/java.lang.reflect.Constructor.newInstance(Constructor.java:486)
	at org.springframework.beans.BeanUtils.instantiateClass(BeanUtils.java:195)
	... 36 common frames omitted
2026-08-26T22:10:36.449+08:00 INFO  c.r.SpringBootMergeApplication : Starting SpringBootMergeApplication using Java 21.0.8 with PID 18980 (H:\2026\lesson-appointment\api\target\classes started by Administrator in H:\2026\lesson-appointment\api)
2026-08-26T22:10:36.454+08:00 INFO  c.r.SpringBootMergeApplication : No active profile set, falling back to 1 default profile: "default"
2026-08-26T22:10:37.468+08:00 INFO  o.s.b.w.e.tomcat.TomcatWebServer : Tomcat initialized with port 8081 (http)
2026-08-26T22:10:37.514+08:00 INFO  o.a.coyote.http11.Http11NioProtocol : Initializing ProtocolHandler ["http-nio-8081"]
2026-08-26T22:10:37.515+08:00 INFO  o.a.catalina.core.StandardService : Starting service [Tomcat]
2026-08-26T22:10:37.539+08:00 INFO  o.a.catalina.core.StandardEngine : Starting Servlet engine: [Apache Tomcat/10.1.31]
2026-08-26T22:10:37.596+08:00 INFO  o.a.c.c.C.[Tomcat-8].[localhost].[/] : Initializing Spring embedded WebApplicationContext
2026-08-26T22:10:37.603+08:00 INFO  o.s.b.w.s.c.ServletWebServerApplicationContext : Root WebApplicationContext: initialization completed in 1126 ms
2026-08-26T22:10:38.215+08:00 WARN  c.b.m.core.injector.methods.Insert : [com.reservation.mapper.AuditLogMapper.insert] Has been loaded by XML or SqlProvider or Mybatis's Annotation, so ignoring this injection for [class com.baomidou.mybatisplus.core.injector.methods.Insert]
2026-08-26T22:10:38.321+08:00 WARN  c.b.m.c.injector.methods.SelectList : [com.reservation.mapper.BookingMapper.selectList] Has been loaded by XML or SqlProvider or Mybatis's Annotation, so ignoring this injection for [class com.baomidou.mybatisplus.core.injector.methods.SelectList]
2026-08-26T22:10:38.354+08:00 WARN  c.b.m.c.injector.methods.SelectById : [com.reservation.mapper.BookingMapper.selectById] Has been loaded by XML or SqlProvider or Mybatis's Annotation, so ignoring this injection for [class com.baomidou.mybatisplus.core.injector.methods.SelectById]
2026-08-26T22:10:38.558+08:00 WARN  c.b.m.core.injector.methods.Update : [com.reservation.mapper.CourseScheduleMapper.update] Has been loaded by XML or SqlProvider or Mybatis's Annotation, so ignoring this injection for [class com.baomidou.mybatisplus.core.injector.methods.Update]
2026-08-26T22:10:39.957+08:00 WARN  o.s.b.w.s.c.AnnotationConfigServletWebServerApplicationContext : Exception encountered during context initialization - cancelling refresh attempt: org.springframework.beans.factory.UnsatisfiedDependencyException: Error creating bean with name 'appointmentController': Unsatisfied dependency expressed through field 'appointmentService': Error creating bean with name 'appointmentService' defined in file [H:\2026\lesson-appointment\api\target\classes\com\reservation\service\AppointmentService.class]: Failed to instantiate [com.reservation.service.AppointmentService]: Constructor threw exception
2026-08-26T22:10:40.219+08:00 INFO  o.a.catalina.core.StandardService : Stopping service [Tomcat]
2026-08-26T22:10:40.333+08:00 INFO  o.s.b.a.l.ConditionEvaluationReportLogger : 

Error starting ApplicationContext. To display the condition evaluation report re-run your application with 'debug' enabled.
2026-08-26T22:10:40.487+08:00 ERROR o.s.boot.SpringApplication : Application run failed
org.springframework.beans.factory.UnsatisfiedDependencyException: Error creating bean with name 'appointmentController': Unsatisfied dependency expressed through field 'appointmentService': Error creating bean with name 'appointmentService' defined in file [H:\2026\lesson-appointment\api\target\classes\com\reservation\service\AppointmentService.class]: Failed to instantiate [com.reservation.service.AppointmentService]: Constructor threw exception
	at org.springframework.beans.factory.annotation.AutowiredAnnotationBeanPostProcessor$AutowiredFieldElement.resolveFieldValue(AutowiredAnnotationBeanPostProcessor.java:788)
	at org.springframework.beans.factory.annotation.AutowiredAnnotationBeanPostProcessor$AutowiredFieldElement.inject(AutowiredAnnotationBeanPostProcessor.java:768)
	at org.springframework.beans.factory.annotation.InjectionMetadata.inject(InjectionMetadata.java:145)
	at org.springframework.beans.factory.annotation.AutowiredAnnotationBeanPostProcessor.postProcessProperties(AutowiredAnnotationBeanPostProcessor.java:509)
	at org.springframework.beans.factory.support.AbstractAutowireCapableBeanFactory.populateBean(AbstractAutowireCapableBeanFactory.java:1439)
	at org.springframework.beans.factory.support.AbstractAutowireCapableBeanFactory.doCreateBean(AbstractAutowireCapableBeanFactory.java:599)
	at org.springframework.beans.factory.support.AbstractAutowireCapableBeanFactory.createBean(AbstractAutowireCapableBeanFactory.java:522)
	at org.springframework.beans.factory.support.AbstractBeanFactory.lambda$doGetBean$0(AbstractBeanFactory.java:337)
	at org.springframework.beans.factory.support.DefaultSingletonBeanRegistry.getSingleton(DefaultSingletonBeanRegistry.java:234)
	at org.springframework.beans.factory.support.AbstractBeanFactory.doGetBean(AbstractBeanFactory.java:335)
	at org.springframework.beans.factory.support.AbstractBeanFactory.getBean(AbstractBeanFactory.java:200)
	at org.springframework.beans.factory.support.DefaultListableBeanFactory.preInstantiateSingletons(DefaultListableBeanFactory.java:975)
	at org.springframework.context.support.AbstractApplicationContext.finishBeanFactoryInitialization(AbstractApplicationContext.java:971)
	at org.springframework.context.support.AbstractApplicationContext.refresh(AbstractApplicationContext.java:625)
	at org.springframework.boot.web.servlet.context.ServletWebServerApplicationContext.refresh(ServletWebServerApplicationContext.java:146)
	at org.springframework.boot.SpringApplication.refresh(SpringApplication.java:754)
	at org.springframework.boot.SpringApplication.refreshContext(SpringApplication.java:456)
	at org.springframework.boot.SpringApplication.run(SpringApplication.java:335)
	at org.springframework.boot.SpringApplication.run(SpringApplication.java:1363)
	at org.springframework.boot.SpringApplication.run(SpringApplication.java:1352)
	at com.reservation.SpringBootMergeApplication.main(SpringBootMergeApplication.java:21)
	at java.base/jdk.internal.reflect.DirectMethodHandleAccessor.invoke(DirectMethodHandleAccessor.java:103)
	at java.base/java.lang.reflect.Method.invoke(Method.java:580)
	at org.springframework.boot.devtools.restart.RestartLauncher.run(RestartLauncher.java:50)
Caused by: org.springframework.beans.factory.BeanCreationException: Error creating bean with name 'appointmentService' defined in file [H:\2026\lesson-appointment\api\target\classes\com\reservation\service\AppointmentService.class]: Failed to instantiate [com.reservation.service.AppointmentService]: Constructor threw exception
	at org.springframework.beans.factory.support.AbstractAutowireCapableBeanFactory.instantiateBean(AbstractAutowireCapableBeanFactory.java:1337)
	at org.springframework.beans.factory.support.AbstractAutowireCapableBeanFactory.createBeanInstance(AbstractAutowireCapableBeanFactory.java:1222)
	at org.springframework.beans.factory.support.AbstractAutowireCapableBeanFactory.doCreateBean(AbstractAutowireCapableBeanFactory.java:562)
	at org.springframework.beans.factory.support.AbstractAutowireCapableBeanFactory.createBean(AbstractAutowireCapableBeanFactory.java:522)
	at org.springframework.beans.factory.support.AbstractBeanFactory.lambda$doGetBean$0(AbstractBeanFactory.java:337)
	at org.springframework.beans.factory.support.DefaultSingletonBeanRegistry.getSingleton(DefaultSingletonBeanRegistry.java:234)
	at org.springframework.beans.factory.support.AbstractBeanFactory.doGetBean(AbstractBeanFactory.java:335)
	at org.springframework.beans.factory.support.AbstractBeanFactory.getBean(AbstractBeanFactory.java:200)
	at org.springframework.beans.factory.config.DependencyDescriptor.resolveCandidate(DependencyDescriptor.java:254)
	at org.springframework.beans.factory.support.DefaultListableBeanFactory.doResolveDependency(DefaultListableBeanFactory.java:1443)
	at org.springframework.beans.factory.support.DefaultListableBeanFactory.resolveDependency(DefaultListableBeanFactory.java:1353)
	at org.springframework.beans.factory.annotation.AutowiredAnnotationBeanPostProcessor$AutowiredFieldElement.resolveFieldValue(AutowiredAnnotationBeanPostProcessor.java:785)
	... 23 common frames omitted
Caused by: org.springframework.beans.BeanInstantiationException: Failed to instantiate [com.reservation.service.AppointmentService]: Constructor threw exception
	at org.springframework.beans.BeanUtils.instantiateClass(BeanUtils.java:221)
	at org.springframework.beans.factory.support.SimpleInstantiationStrategy.instantiate(SimpleInstantiationStrategy.java:94)
	at org.springframework.beans.factory.support.AbstractAutowireCapableBeanFactory.instantiateBean(AbstractAutowireCapableBeanFactory.java:1331)
	... 34 common frames omitted
Caused by: java.lang.Error: Unresolved compilation problems: 
	The import jakarta.annotation cannot be resolved
	Resource cannot be resolved to a type
	Syntax error on token "*", delete this token
	Syntax error, insert "}" to complete Block

	at com.reservation.service.AppointmentService.<init>(AppointmentService.java:19)
	at java.base/jdk.internal.reflect.DirectConstructorHandleAccessor.newInstance(DirectConstructorHandleAccessor.java:62)
	at java.base/java.lang.reflect.Constructor.newInstanceWithCaller(Constructor.java:502)
	at java.base/java.lang.reflect.Constructor.newInstance(Constructor.java:486)
	at org.springframework.beans.BeanUtils.instantiateClass(BeanUtils.java:195)
	... 36 common frames omitted
2026-08-26T22:10:43.555+08:00 INFO  c.r.SpringBootMergeApplication : Starting SpringBootMergeApplication using Java 21.0.8 with PID 18980 (H:\2026\lesson-appointment\api\target\classes started by Administrator in H:\2026\lesson-appointment\api)
2026-08-26T22:10:43.560+08:00 INFO  c.r.SpringBootMergeApplication : No active profile set, falling back to 1 default profile: "default"
2026-08-26T22:10:44.670+08:00 INFO  o.s.b.w.e.tomcat.TomcatWebServer : Tomcat initialized with port 8081 (http)
2026-08-26T22:10:44.745+08:00 INFO  o.a.coyote.http11.Http11NioProtocol : Initializing ProtocolHandler ["http-nio-8081"]
2026-08-26T22:10:44.816+08:00 INFO  o.a.catalina.core.StandardService : Starting service [Tomcat]
2026-08-26T22:10:44.873+08:00 INFO  o.a.catalina.core.StandardEngine : Starting Servlet engine: [Apache Tomcat/10.1.31]
2026-08-26T22:10:44.964+08:00 INFO  o.a.c.c.C.[Tomcat-9].[localhost].[/] : Initializing Spring embedded WebApplicationContext
2026-08-26T22:10:44.982+08:00 INFO  o.s.b.w.s.c.ServletWebServerApplicationContext : Root WebApplicationContext: initialization completed in 1410 ms
2026-08-26T22:10:45.145+08:00 WARN  c.b.m.core.injector.methods.Insert : [com.reservation.mapper.AuditLogMapper.insert] Has been loaded by XML or SqlProvider or Mybatis's Annotation, so ignoring this injection for [class com.baomidou.mybatisplus.core.injector.methods.Insert]
2026-08-26T22:10:45.193+08:00 WARN  c.b.m.c.injector.methods.SelectList : [com.reservation.mapper.BookingMapper.selectList] Has been loaded by XML or SqlProvider or Mybatis's Annotation, so ignoring this injection for [class com.baomidou.mybatisplus.core.injector.methods.SelectList]
2026-08-26T22:10:45.308+08:00 WARN  c.b.m.c.injector.methods.SelectById : [com.reservation.mapper.BookingMapper.selectById] Has been loaded by XML or SqlProvider or Mybatis's Annotation, so ignoring this injection for [class com.baomidou.mybatisplus.core.injector.methods.SelectById]
2026-08-26T22:10:45.458+08:00 WARN  c.b.m.core.injector.methods.Update : [com.reservation.mapper.CourseScheduleMapper.update] Has been loaded by XML or SqlProvider or Mybatis's Annotation, so ignoring this injection for [class com.baomidou.mybatisplus.core.injector.methods.Update]
2026-08-26T22:10:46.043+08:00 WARN  o.s.b.w.s.c.AnnotationConfigServletWebServerApplicationContext : Exception encountered during context initialization - cancelling refresh attempt: org.springframework.beans.factory.UnsatisfiedDependencyException: Error creating bean with name 'appointmentController': Unsatisfied dependency expressed through field 'appointmentService': Error creating bean with name 'appointmentService' defined in file [H:\2026\lesson-appointment\api\target\classes\com\reservation\service\AppointmentService.class]: Failed to instantiate [com.reservation.service.AppointmentService]: Constructor threw exception
2026-08-26T22:10:46.096+08:00 INFO  o.a.catalina.core.StandardService : Stopping service [Tomcat]
2026-08-26T22:10:46.239+08:00 INFO  o.s.b.a.l.ConditionEvaluationReportLogger : 

Error starting ApplicationContext. To display the condition evaluation report re-run your application with 'debug' enabled.
2026-08-26T22:10:46.376+08:00 ERROR o.s.boot.SpringApplication : Application run failed
org.springframework.beans.factory.UnsatisfiedDependencyException: Error creating bean with name 'appointmentController': Unsatisfied dependency expressed through field 'appointmentService': Error creating bean with name 'appointmentService' defined in file [H:\2026\lesson-appointment\api\target\classes\com\reservation\service\AppointmentService.class]: Failed to instantiate [com.reservation.service.AppointmentService]: Constructor threw exception
	at org.springframework.beans.factory.annotation.AutowiredAnnotationBeanPostProcessor$AutowiredFieldElement.resolveFieldValue(AutowiredAnnotationBeanPostProcessor.java:788)
	at org.springframework.beans.factory.annotation.AutowiredAnnotationBeanPostProcessor$AutowiredFieldElement.inject(AutowiredAnnotationBeanPostProcessor.java:768)
	at org.springframework.beans.factory.annotation.InjectionMetadata.inject(InjectionMetadata.java:145)
	at org.springframework.beans.factory.annotation.AutowiredAnnotationBeanPostProcessor.postProcessProperties(AutowiredAnnotationBeanPostProcessor.java:509)
	at org.springframework.beans.factory.support.AbstractAutowireCapableBeanFactory.populateBean(AbstractAutowireCapableBeanFactory.java:1439)
	at org.springframework.beans.factory.support.AbstractAutowireCapableBeanFactory.doCreateBean(AbstractAutowireCapableBeanFactory.java:599)
	at org.springframework.beans.factory.support.AbstractAutowireCapableBeanFactory.createBean(AbstractAutowireCapableBeanFactory.java:522)
	at org.springframework.beans.factory.support.AbstractBeanFactory.lambda$doGetBean$0(AbstractBeanFactory.java:337)
	at org.springframework.beans.factory.support.DefaultSingletonBeanRegistry.getSingleton(DefaultSingletonBeanRegistry.java:234)
	at org.springframework.beans.factory.support.AbstractBeanFactory.doGetBean(AbstractBeanFactory.java:335)
	at org.springframework.beans.factory.support.AbstractBeanFactory.getBean(AbstractBeanFactory.java:200)
	at org.springframework.beans.factory.support.DefaultListableBeanFactory.preInstantiateSingletons(DefaultListableBeanFactory.java:975)
	at org.springframework.context.support.AbstractApplicationContext.finishBeanFactoryInitialization(AbstractApplicationContext.java:971)
	at org.springframework.context.support.AbstractApplicationContext.refresh(AbstractApplicationContext.java:625)
	at org.springframework.boot.web.servlet.context.ServletWebServerApplicationContext.refresh(ServletWebServerApplicationContext.java:146)
	at org.springframework.boot.SpringApplication.refresh(SpringApplication.java:754)
	at org.springframework.boot.SpringApplication.refreshContext(SpringApplication.java:456)
	at org.springframework.boot.SpringApplication.run(SpringApplication.java:335)
	at org.springframework.boot.SpringApplication.run(SpringApplication.java:1363)
	at org.springframework.boot.SpringApplication.run(SpringApplication.java:1352)
	at com.reservation.SpringBootMergeApplication.main(SpringBootMergeApplication.java:21)
	at java.base/jdk.internal.reflect.DirectMethodHandleAccessor.invoke(DirectMethodHandleAccessor.java:103)
	at java.base/java.lang.reflect.Method.invoke(Method.java:580)
	at org.springframework.boot.devtools.restart.RestartLauncher.run(RestartLauncher.java:50)
Caused by: org.springframework.beans.factory.BeanCreationException: Error creating bean with name 'appointmentService' defined in file [H:\2026\lesson-appointment\api\target\classes\com\reservation\service\AppointmentService.class]: Failed to instantiate [com.reservation.service.AppointmentService]: Constructor threw exception
	at org.springframework.beans.factory.support.AbstractAutowireCapableBeanFactory.instantiateBean(AbstractAutowireCapableBeanFactory.java:1337)
	at org.springframework.beans.factory.support.AbstractAutowireCapableBeanFactory.createBeanInstance(AbstractAutowireCapableBeanFactory.java:1222)
	at org.springframework.beans.factory.support.AbstractAutowireCapableBeanFactory.doCreateBean(AbstractAutowireCapableBeanFactory.java:562)
	at org.springframework.beans.factory.support.AbstractAutowireCapableBeanFactory.createBean(AbstractAutowireCapableBeanFactory.java:522)
	at org.springframework.beans.factory.support.AbstractBeanFactory.lambda$doGetBean$0(AbstractBeanFactory.java:337)
	at org.springframework.beans.factory.support.DefaultSingletonBeanRegistry.getSingleton(DefaultSingletonBeanRegistry.java:234)
	at org.springframework.beans.factory.support.AbstractBeanFactory.doGetBean(AbstractBeanFactory.java:335)
	at org.springframework.beans.factory.support.AbstractBeanFactory.getBean(AbstractBeanFactory.java:200)
	at org.springframework.beans.factory.config.DependencyDescriptor.resolveCandidate(DependencyDescriptor.java:254)
	at org.springframework.beans.factory.support.DefaultListableBeanFactory.doResolveDependency(DefaultListableBeanFactory.java:1443)
	at org.springframework.beans.factory.support.DefaultListableBeanFactory.resolveDependency(DefaultListableBeanFactory.java:1353)
	at org.springframework.beans.factory.annotation.AutowiredAnnotationBeanPostProcessor$AutowiredFieldElement.resolveFieldValue(AutowiredAnnotationBeanPostProcessor.java:785)
	... 23 common frames omitted
Caused by: org.springframework.beans.BeanInstantiationException: Failed to instantiate [com.reservation.service.AppointmentService]: Constructor threw exception
	at org.springframework.beans.BeanUtils.instantiateClass(BeanUtils.java:221)
	at org.springframework.beans.factory.support.SimpleInstantiationStrategy.instantiate(SimpleInstantiationStrategy.java:94)
	at org.springframework.beans.factory.support.AbstractAutowireCapableBeanFactory.instantiateBean(AbstractAutowireCapableBeanFactory.java:1331)
	... 34 common frames omitted
Caused by: java.lang.Error: Unresolved compilation problems: 
	The import jakarta.annotation cannot be resolved
	Resource cannot be resolved to a type
	Syntax error on token "*", delete this token

	at com.reservation.service.AppointmentService.<init>(AppointmentService.java:19)
	at java.base/jdk.internal.reflect.DirectConstructorHandleAccessor.newInstance(DirectConstructorHandleAccessor.java:62)
	at java.base/java.lang.reflect.Constructor.newInstanceWithCaller(Constructor.java:502)
	at java.base/java.lang.reflect.Constructor.newInstance(Constructor.java:486)
	at org.springframework.beans.BeanUtils.instantiateClass(BeanUtils.java:195)
	... 36 common frames omitted
2026-08-26T22:10:49.097+08:00 INFO  c.r.SpringBootMergeApplication : Starting SpringBootMergeApplication using Java 21.0.8 with PID 18980 (H:\2026\lesson-appointment\api\target\classes started by Administrator in H:\2026\lesson-appointment\api)
2026-08-26T22:10:49.097+08:00 INFO  c.r.SpringBootMergeApplication : No active profile set, falling back to 1 default profile: "default"
2026-08-26T22:10:49.749+08:00 INFO  o.s.b.w.e.tomcat.TomcatWebServer : Tomcat initialized with port 8081 (http)
2026-08-26T22:10:49.805+08:00 INFO  o.a.coyote.http11.Http11NioProtocol : Initializing ProtocolHandler ["http-nio-8081"]
2026-08-26T22:10:49.856+08:00 INFO  o.a.catalina.core.StandardService : Starting service [Tomcat]
2026-08-26T22:10:49.963+08:00 INFO  o.a.catalina.core.StandardEngine : Starting Servlet engine: [Apache Tomcat/10.1.31]
2026-08-26T22:10:50.074+08:00 INFO  o.a.c.c.C.[.[localhost].[/] : Initializing Spring embedded WebApplicationContext
2026-08-26T22:10:50.187+08:00 INFO  o.s.b.w.s.c.ServletWebServerApplicationContext : Root WebApplicationContext: initialization completed in 1087 ms
2026-08-26T22:10:50.355+08:00 WARN  c.b.m.core.injector.methods.Insert : [com.reservation.mapper.AuditLogMapper.insert] Has been loaded by XML or SqlProvider or Mybatis's Annotation, so ignoring this injection for [class com.baomidou.mybatisplus.core.injector.methods.Insert]
2026-08-26T22:10:50.380+08:00 WARN  c.b.m.c.injector.methods.SelectList : [com.reservation.mapper.BookingMapper.selectList] Has been loaded by XML or SqlProvider or Mybatis's Annotation, so ignoring this injection for [class com.baomidou.mybatisplus.core.injector.methods.SelectList]
2026-08-26T22:10:50.383+08:00 WARN  c.b.m.c.injector.methods.SelectById : [com.reservation.mapper.BookingMapper.selectById] Has been loaded by XML or SqlProvider or Mybatis's Annotation, so ignoring this injection for [class com.baomidou.mybatisplus.core.injector.methods.SelectById]
2026-08-26T22:10:50.420+08:00 WARN  c.b.m.core.injector.methods.Update : [com.reservation.mapper.CourseScheduleMapper.update] Has been loaded by XML or SqlProvider or Mybatis's Annotation, so ignoring this injection for [class com.baomidou.mybatisplus.core.injector.methods.Update]
2026-08-26T22:10:50.587+08:00 WARN  o.s.b.w.s.c.AnnotationConfigServletWebServerApplicationContext : Exception encountered during context initialization - cancelling refresh attempt: org.springframework.beans.factory.UnsatisfiedDependencyException: Error creating bean with name 'appointmentController': Unsatisfied dependency expressed through field 'appointmentService': Error creating bean with name 'appointmentService' defined in file [H:\2026\lesson-appointment\api\target\classes\com\reservation\service\AppointmentService.class]: Failed to instantiate [com.reservation.service.AppointmentService]: Constructor threw exception
2026-08-26T22:10:50.588+08:00 INFO  o.a.catalina.core.StandardService : Stopping service [Tomcat]
2026-08-26T22:10:50.594+08:00 INFO  o.s.b.a.l.ConditionEvaluationReportLogger : 

Error starting ApplicationContext. To display the condition evaluation report re-run your application with 'debug' enabled.
2026-08-26T22:10:50.602+08:00 ERROR o.s.boot.SpringApplication : Application run failed
org.springframework.beans.factory.UnsatisfiedDependencyException: Error creating bean with name 'appointmentController': Unsatisfied dependency expressed through field 'appointmentService': Error creating bean with name 'appointmentService' defined in file [H:\2026\lesson-appointment\api\target\classes\com\reservation\service\AppointmentService.class]: Failed to instantiate [com.reservation.service.AppointmentService]: Constructor threw exception
	at org.springframework.beans.factory.annotation.AutowiredAnnotationBeanPostProcessor$AutowiredFieldElement.resolveFieldValue(AutowiredAnnotationBeanPostProcessor.java:788)
	at org.springframework.beans.factory.annotation.AutowiredAnnotationBeanPostProcessor$AutowiredFieldElement.inject(AutowiredAnnotationBeanPostProcessor.java:768)
	at org.springframework.beans.factory.annotation.InjectionMetadata.inject(InjectionMetadata.java:145)
	at org.springframework.beans.factory.annotation.AutowiredAnnotationBeanPostProcessor.postProcessProperties(AutowiredAnnotationBeanPostProcessor.java:509)
	at org.springframework.beans.factory.support.AbstractAutowireCapableBeanFactory.populateBean(AbstractAutowireCapableBeanFactory.java:1439)
	at org.springframework.beans.factory.support.AbstractAutowireCapableBeanFactory.doCreateBean(AbstractAutowireCapableBeanFactory.java:599)
	at org.springframework.beans.factory.support.AbstractAutowireCapableBeanFactory.createBean(AbstractAutowireCapableBeanFactory.java:522)
	at org.springframework.beans.factory.support.AbstractBeanFactory.lambda$doGetBean$0(AbstractBeanFactory.java:337)
	at org.springframework.beans.factory.support.DefaultSingletonBeanRegistry.getSingleton(DefaultSingletonBeanRegistry.java:234)
	at org.springframework.beans.factory.support.AbstractBeanFactory.doGetBean(AbstractBeanFactory.java:335)
	at org.springframework.beans.factory.support.AbstractBeanFactory.getBean(AbstractBeanFactory.java:200)
	at org.springframework.beans.factory.support.DefaultListableBeanFactory.preInstantiateSingletons(DefaultListableBeanFactory.java:975)
	at org.springframework.context.support.AbstractApplicationContext.finishBeanFactoryInitialization(AbstractApplicationContext.java:971)
	at org.springframework.context.support.AbstractApplicationContext.refresh(AbstractApplicationContext.java:625)
	at org.springframework.boot.web.servlet.context.ServletWebServerApplicationContext.refresh(ServletWebServerApplicationContext.java:146)
	at org.springframework.boot.SpringApplication.refresh(SpringApplication.java:754)
	at org.springframework.boot.SpringApplication.refreshContext(SpringApplication.java:456)
	at org.springframework.boot.SpringApplication.run(SpringApplication.java:335)
	at org.springframework.boot.SpringApplication.run(SpringApplication.java:1363)
	at org.springframework.boot.SpringApplication.run(SpringApplication.java:1352)
	at com.reservation.SpringBootMergeApplication.main(SpringBootMergeApplication.java:21)
	at java.base/jdk.internal.reflect.DirectMethodHandleAccessor.invoke(DirectMethodHandleAccessor.java:103)
	at java.base/java.lang.reflect.Method.invoke(Method.java:580)
	at org.springframework.boot.devtools.restart.RestartLauncher.run(RestartLauncher.java:50)
Caused by: org.springframework.beans.factory.BeanCreationException: Error creating bean with name 'appointmentService' defined in file [H:\2026\lesson-appointment\api\target\classes\com\reservation\service\AppointmentService.class]: Failed to instantiate [com.reservation.service.AppointmentService]: Constructor threw exception
	at org.springframework.beans.factory.support.AbstractAutowireCapableBeanFactory.instantiateBean(AbstractAutowireCapableBeanFactory.java:1337)
	at org.springframework.beans.factory.support.AbstractAutowireCapableBeanFactory.createBeanInstance(AbstractAutowireCapableBeanFactory.java:1222)
	at org.springframework.beans.factory.support.AbstractAutowireCapableBeanFactory.doCreateBean(AbstractAutowireCapableBeanFactory.java:562)
	at org.springframework.beans.factory.support.AbstractAutowireCapableBeanFactory.createBean(AbstractAutowireCapableBeanFactory.java:522)
	at org.springframework.beans.factory.support.AbstractBeanFactory.lambda$doGetBean$0(AbstractBeanFactory.java:337)
	at org.springframework.beans.factory.support.DefaultSingletonBeanRegistry.getSingleton(DefaultSingletonBeanRegistry.java:234)
	at org.springframework.beans.factory.support.AbstractBeanFactory.doGetBean(AbstractBeanFactory.java:335)
	at org.springframework.beans.factory.support.AbstractBeanFactory.getBean(AbstractBeanFactory.java:200)
	at org.springframework.beans.factory.config.DependencyDescriptor.resolveCandidate(DependencyDescriptor.java:254)
	at org.springframework.beans.factory.support.DefaultListableBeanFactory.doResolveDependency(DefaultListableBeanFactory.java:1443)
	at org.springframework.beans.factory.support.DefaultListableBeanFactory.resolveDependency(DefaultListableBeanFactory.java:1353)
	at org.springframework.beans.factory.annotation.AutowiredAnnotationBeanPostProcessor$AutowiredFieldElement.resolveFieldValue(AutowiredAnnotationBeanPostProcessor.java:785)
	... 23 common frames omitted
Caused by: org.springframework.beans.BeanInstantiationException: Failed to instantiate [com.reservation.service.AppointmentService]: Constructor threw exception
	at org.springframework.beans.BeanUtils.instantiateClass(BeanUtils.java:221)
	at org.springframework.beans.factory.support.SimpleInstantiationStrategy.instantiate(SimpleInstantiationStrategy.java:94)
	at org.springframework.beans.factory.support.AbstractAutowireCapableBeanFactory.instantiateBean(AbstractAutowireCapableBeanFactory.java:1331)
	... 34 common frames omitted
Caused by: java.lang.Error: Unresolved compilation problems: 
	The import jakarta.annotation cannot be resolved
	Resource cannot be resolved to a type

	at com.reservation.service.AppointmentService.<init>(AppointmentService.java:19)
	at java.base/jdk.internal.reflect.DirectConstructorHandleAccessor.newInstance(DirectConstructorHandleAccessor.java:62)
	at java.base/java.lang.reflect.Constructor.newInstanceWithCaller(Constructor.java:502)
	at java.base/java.lang.reflect.Constructor.newInstance(Constructor.java:486)
	at org.springframework.beans.BeanUtils.instantiateClass(BeanUtils.java:195)
	... 36 common frames omitted
2026-08-26T22:11:05.559+08:00 INFO  c.r.SpringBootMergeApplication : Starting SpringBootMergeApplication using Java 21.0.8 with PID 18980 (H:\2026\lesson-appointment\api\target\classes started by Administrator in H:\2026\lesson-appointment\api)
2026-08-26T22:11:05.592+08:00 INFO  c.r.SpringBootMergeApplication : No active profile set, falling back to 1 default profile: "default"
2026-08-26T22:11:07.461+08:00 INFO  o.s.b.w.e.tomcat.TomcatWebServer : Tomcat initialized with port 8081 (http)
2026-08-26T22:11:07.678+08:00 INFO  o.a.coyote.http11.Http11NioProtocol : Initializing ProtocolHandler ["http-nio-8081"]
2026-08-26T22:11:07.864+08:00 INFO  o.a.catalina.core.StandardService : Starting service [Tomcat]
2026-08-26T22:11:07.972+08:00 INFO  o.a.catalina.core.StandardEngine : Starting Servlet engine: [Apache Tomcat/10.1.31]
2026-08-26T22:11:08.175+08:00 INFO  o.a.c.c.C.[.[localhost].[/] : Initializing Spring embedded WebApplicationContext
2026-08-26T22:11:08.282+08:00 INFO  o.s.b.w.s.c.ServletWebServerApplicationContext : Root WebApplicationContext: initialization completed in 2628 ms
2026-08-26T22:11:08.659+08:00 WARN  c.b.m.core.injector.methods.Insert : [com.reservation.mapper.AuditLogMapper.insert] Has been loaded by XML or SqlProvider or Mybatis's Annotation, so ignoring this injection for [class com.baomidou.mybatisplus.core.injector.methods.Insert]
2026-08-26T22:11:08.788+08:00 WARN  c.b.m.c.injector.methods.SelectList : [com.reservation.mapper.BookingMapper.selectList] Has been loaded by XML or SqlProvider or Mybatis's Annotation, so ignoring this injection for [class com.baomidou.mybatisplus.core.injector.methods.SelectList]
2026-08-26T22:11:08.815+08:00 WARN  c.b.m.c.injector.methods.SelectById : [com.reservation.mapper.BookingMapper.selectById] Has been loaded by XML or SqlProvider or Mybatis's Annotation, so ignoring this injection for [class com.baomidou.mybatisplus.core.injector.methods.SelectById]
2026-08-26T22:11:08.918+08:00 WARN  c.b.m.core.injector.methods.Update : [com.reservation.mapper.CourseScheduleMapper.update] Has been loaded by XML or SqlProvider or Mybatis's Annotation, so ignoring this injection for [class com.baomidou.mybatisplus.core.injector.methods.Update]
2026-08-26T22:11:09.317+08:00 WARN  o.s.b.w.s.c.AnnotationConfigServletWebServerApplicationContext : Exception encountered during context initialization - cancelling refresh attempt: org.springframework.beans.factory.UnsatisfiedDependencyException: Error creating bean with name 'appointmentController': Unsatisfied dependency expressed through field 'appointmentService': Error creating bean with name 'appointmentService' defined in file [H:\2026\lesson-appointment\api\target\classes\com\reservation\service\AppointmentService.class]: Failed to instantiate [com.reservation.service.AppointmentService]: Constructor threw exception
2026-08-26T22:11:09.319+08:00 INFO  o.a.catalina.core.StandardService : Stopping service [Tomcat]
2026-08-26T22:11:09.363+08:00 INFO  o.s.b.a.l.ConditionEvaluationReportLogger : 

Error starting ApplicationContext. To display the condition evaluation report re-run your application with 'debug' enabled.
2026-08-26T22:11:09.370+08:00 ERROR o.s.boot.SpringApplication : Application run failed
org.springframework.beans.factory.UnsatisfiedDependencyException: Error creating bean with name 'appointmentController': Unsatisfied dependency expressed through field 'appointmentService': Error creating bean with name 'appointmentService' defined in file [H:\2026\lesson-appointment\api\target\classes\com\reservation\service\AppointmentService.class]: Failed to instantiate [com.reservation.service.AppointmentService]: Constructor threw exception
	at org.springframework.beans.factory.annotation.AutowiredAnnotationBeanPostProcessor$AutowiredFieldElement.resolveFieldValue(AutowiredAnnotationBeanPostProcessor.java:788)
	at org.springframework.beans.factory.annotation.AutowiredAnnotationBeanPostProcessor$AutowiredFieldElement.inject(AutowiredAnnotationBeanPostProcessor.java:768)
	at org.springframework.beans.factory.annotation.InjectionMetadata.inject(InjectionMetadata.java:145)
	at org.springframework.beans.factory.annotation.AutowiredAnnotationBeanPostProcessor.postProcessProperties(AutowiredAnnotationBeanPostProcessor.java:509)
	at org.springframework.beans.factory.support.AbstractAutowireCapableBeanFactory.populateBean(AbstractAutowireCapableBeanFactory.java:1439)
	at org.springframework.beans.factory.support.AbstractAutowireCapableBeanFactory.doCreateBean(AbstractAutowireCapableBeanFactory.java:599)
	at org.springframework.beans.factory.support.AbstractAutowireCapableBeanFactory.createBean(AbstractAutowireCapableBeanFactory.java:522)
	at org.springframework.beans.factory.support.AbstractBeanFactory.lambda$doGetBean$0(AbstractBeanFactory.java:337)
	at org.springframework.beans.factory.support.DefaultSingletonBeanRegistry.getSingleton(DefaultSingletonBeanRegistry.java:234)
	at org.springframework.beans.factory.support.AbstractBeanFactory.doGetBean(AbstractBeanFactory.java:335)
	at org.springframework.beans.factory.support.AbstractBeanFactory.getBean(AbstractBeanFactory.java:200)
	at org.springframework.beans.factory.support.DefaultListableBeanFactory.preInstantiateSingletons(DefaultListableBeanFactory.java:975)
	at org.springframework.context.support.AbstractApplicationContext.finishBeanFactoryInitialization(AbstractApplicationContext.java:971)
	at org.springframework.context.support.AbstractApplicationContext.refresh(AbstractApplicationContext.java:625)
	at org.springframework.boot.web.servlet.context.ServletWebServerApplicationContext.refresh(ServletWebServerApplicationContext.java:146)
	at org.springframework.boot.SpringApplication.refresh(SpringApplication.java:754)
	at org.springframework.boot.SpringApplication.refreshContext(SpringApplication.java:456)
	at org.springframework.boot.SpringApplication.run(SpringApplication.java:335)
	at org.springframework.boot.SpringApplication.run(SpringApplication.java:1363)
	at org.springframework.boot.SpringApplication.run(SpringApplication.java:1352)
	at com.reservation.SpringBootMergeApplication.main(SpringBootMergeApplication.java:21)
	at java.base/jdk.internal.reflect.DirectMethodHandleAccessor.invoke(DirectMethodHandleAccessor.java:103)
	at java.base/java.lang.reflect.Method.invoke(Method.java:580)
	at org.springframework.boot.devtools.restart.RestartLauncher.run(RestartLauncher.java:50)
Caused by: org.springframework.beans.factory.BeanCreationException: Error creating bean with name 'appointmentService' defined in file [H:\2026\lesson-appointment\api\target\classes\com\reservation\service\AppointmentService.class]: Failed to instantiate [com.reservation.service.AppointmentService]: Constructor threw exception
	at org.springframework.beans.factory.support.AbstractAutowireCapableBeanFactory.instantiateBean(AbstractAutowireCapableBeanFactory.java:1337)
	at org.springframework.beans.factory.support.AbstractAutowireCapableBeanFactory.createBeanInstance(AbstractAutowireCapableBeanFactory.java:1222)
	at org.springframework.beans.factory.support.AbstractAutowireCapableBeanFactory.doCreateBean(AbstractAutowireCapableBeanFactory.java:562)
	at org.springframework.beans.factory.support.AbstractAutowireCapableBeanFactory.createBean(AbstractAutowireCapableBeanFactory.java:522)
	at org.springframework.beans.factory.support.AbstractBeanFactory.lambda$doGetBean$0(AbstractBeanFactory.java:337)
	at org.springframework.beans.factory.support.DefaultSingletonBeanRegistry.getSingleton(DefaultSingletonBeanRegistry.java:234)
	at org.springframework.beans.factory.support.AbstractBeanFactory.doGetBean(AbstractBeanFactory.java:335)
	at org.springframework.beans.factory.support.AbstractBeanFactory.getBean(AbstractBeanFactory.java:200)
	at org.springframework.beans.factory.config.DependencyDescriptor.resolveCandidate(DependencyDescriptor.java:254)
	at org.springframework.beans.factory.support.DefaultListableBeanFactory.doResolveDependency(DefaultListableBeanFactory.java:1443)
	at org.springframework.beans.factory.support.DefaultListableBeanFactory.resolveDependency(DefaultListableBeanFactory.java:1353)
	at org.springframework.beans.factory.annotation.AutowiredAnnotationBeanPostProcessor$AutowiredFieldElement.resolveFieldValue(AutowiredAnnotationBeanPostProcessor.java:785)
	... 23 common frames omitted
Caused by: org.springframework.beans.BeanInstantiationException: Failed to instantiate [com.reservation.service.AppointmentService]: Constructor threw exception
	at org.springframework.beans.BeanUtils.instantiateClass(BeanUtils.java:221)
	at org.springframework.beans.factory.support.SimpleInstantiationStrategy.instantiate(SimpleInstantiationStrategy.java:94)
	at org.springframework.beans.factory.support.AbstractAutowireCapableBeanFactory.instantiateBean(AbstractAutowireCapableBeanFactory.java:1331)
	... 34 common frames omitted
Caused by: java.lang.Error: Unresolved compilation problems: 
	The import jakarta.annotation cannot be resolved
	Resource cannot be resolved to a type
	Syntax error, insert "VariableDeclarators" to complete LocalVariableDeclaration
	Syntax error, insert ";" to complete BlockStatements

	at com.reservation.service.AppointmentService.<init>(AppointmentService.java:19)
	at java.base/jdk.internal.reflect.DirectConstructorHandleAccessor.newInstance(DirectConstructorHandleAccessor.java:62)
	at java.base/java.lang.reflect.Constructor.newInstanceWithCaller(Constructor.java:502)
	at java.base/java.lang.reflect.Constructor.newInstance(Constructor.java:486)
	at org.springframework.beans.BeanUtils.instantiateClass(BeanUtils.java:195)
	... 36 common frames omitted
2026-08-26T22:11:15.879+08:00 INFO  c.r.SpringBootMergeApplication : Starting SpringBootMergeApplication using Java 21.0.8 with PID 18980 (H:\2026\lesson-appointment\api\target\classes started by Administrator in H:\2026\lesson-appointment\api)
2026-08-26T22:11:16.157+08:00 INFO  c.r.SpringBootMergeApplication : No active profile set, falling back to 1 default profile: "default"
2026-08-26T22:11:18.305+08:00 INFO  o.s.b.w.e.tomcat.TomcatWebServer : Tomcat initialized with port 8081 (http)
2026-08-26T22:11:18.308+08:00 INFO  o.a.coyote.http11.Http11NioProtocol : Initializing ProtocolHandler ["http-nio-8081"]
2026-08-26T22:11:18.311+08:00 INFO  o.a.catalina.core.StandardService : Starting service [Tomcat]
2026-08-26T22:11:18.316+08:00 INFO  o.a.catalina.core.StandardEngine : Starting Servlet engine: [Apache Tomcat/10.1.31]
2026-08-26T22:11:18.352+08:00 INFO  o.a.c.c.C.[.[localhost].[/] : Initializing Spring embedded WebApplicationContext
2026-08-26T22:11:18.356+08:00 INFO  o.s.b.w.s.c.ServletWebServerApplicationContext : Root WebApplicationContext: initialization completed in 1934 ms
2026-08-26T22:11:18.525+08:00 WARN  c.b.m.core.injector.methods.Insert : [com.reservation.mapper.AuditLogMapper.insert] Has been loaded by XML or SqlProvider or Mybatis's Annotation, so ignoring this injection for [class com.baomidou.mybatisplus.core.injector.methods.Insert]
2026-08-26T22:11:18.598+08:00 WARN  c.b.m.c.injector.methods.SelectList : [com.reservation.mapper.BookingMapper.selectList] Has been loaded by XML or SqlProvider or Mybatis's Annotation, so ignoring this injection for [class com.baomidou.mybatisplus.core.injector.methods.SelectList]
2026-08-26T22:11:18.621+08:00 WARN  c.b.m.c.injector.methods.SelectById : [com.reservation.mapper.BookingMapper.selectById] Has been loaded by XML or SqlProvider or Mybatis's Annotation, so ignoring this injection for [class com.baomidou.mybatisplus.core.injector.methods.SelectById]
2026-08-26T22:11:18.701+08:00 WARN  c.b.m.core.injector.methods.Update : [com.reservation.mapper.CourseScheduleMapper.update] Has been loaded by XML or SqlProvider or Mybatis's Annotation, so ignoring this injection for [class com.baomidou.mybatisplus.core.injector.methods.Update]
2026-08-26T22:11:18.962+08:00 WARN  o.s.b.w.s.c.AnnotationConfigServletWebServerApplicationContext : Exception encountered during context initialization - cancelling refresh attempt: org.springframework.beans.factory.UnsatisfiedDependencyException: Error creating bean with name 'appointmentController': Unsatisfied dependency expressed through field 'appointmentService': Error creating bean with name 'appointmentService' defined in file [H:\2026\lesson-appointment\api\target\classes\com\reservation\service\AppointmentService.class]: Failed to instantiate [com.reservation.service.AppointmentService]: Constructor threw exception
2026-08-26T22:11:18.971+08:00 INFO  o.a.catalina.core.StandardService : Stopping service [Tomcat]
2026-08-26T22:11:18.978+08:00 INFO  o.s.b.a.l.ConditionEvaluationReportLogger : 

Error starting ApplicationContext. To display the condition evaluation report re-run your application with 'debug' enabled.
2026-08-26T22:11:18.989+08:00 ERROR o.s.boot.SpringApplication : Application run failed
org.springframework.beans.factory.UnsatisfiedDependencyException: Error creating bean with name 'appointmentController': Unsatisfied dependency expressed through field 'appointmentService': Error creating bean with name 'appointmentService' defined in file [H:\2026\lesson-appointment\api\target\classes\com\reservation\service\AppointmentService.class]: Failed to instantiate [com.reservation.service.AppointmentService]: Constructor threw exception
	at org.springframework.beans.factory.annotation.AutowiredAnnotationBeanPostProcessor$AutowiredFieldElement.resolveFieldValue(AutowiredAnnotationBeanPostProcessor.java:788)
	at org.springframework.beans.factory.annotation.AutowiredAnnotationBeanPostProcessor$AutowiredFieldElement.inject(AutowiredAnnotationBeanPostProcessor.java:768)
	at org.springframework.beans.factory.annotation.InjectionMetadata.inject(InjectionMetadata.java:145)
	at org.springframework.beans.factory.annotation.AutowiredAnnotationBeanPostProcessor.postProcessProperties(AutowiredAnnotationBeanPostProcessor.java:509)
	at org.springframework.beans.factory.support.AbstractAutowireCapableBeanFactory.populateBean(AbstractAutowireCapableBeanFactory.java:1439)
	at org.springframework.beans.factory.support.AbstractAutowireCapableBeanFactory.doCreateBean(AbstractAutowireCapableBeanFactory.java:599)
	at org.springframework.beans.factory.support.AbstractAutowireCapableBeanFactory.createBean(AbstractAutowireCapableBeanFactory.java:522)
	at org.springframework.beans.factory.support.AbstractBeanFactory.lambda$doGetBean$0(AbstractBeanFactory.java:337)
	at org.springframework.beans.factory.support.DefaultSingletonBeanRegistry.getSingleton(DefaultSingletonBeanRegistry.java:234)
	at org.springframework.beans.factory.support.AbstractBeanFactory.doGetBean(AbstractBeanFactory.java:335)
	at org.springframework.beans.factory.support.AbstractBeanFactory.getBean(AbstractBeanFactory.java:200)
	at org.springframework.beans.factory.support.DefaultListableBeanFactory.preInstantiateSingletons(DefaultListableBeanFactory.java:975)
	at org.springframework.context.support.AbstractApplicationContext.finishBeanFactoryInitialization(AbstractApplicationContext.java:971)
	at org.springframework.context.support.AbstractApplicationContext.refresh(AbstractApplicationContext.java:625)
	at org.springframework.boot.web.servlet.context.ServletWebServerApplicationContext.refresh(ServletWebServerApplicationContext.java:146)
	at org.springframework.boot.SpringApplication.refresh(SpringApplication.java:754)
	at org.springframework.boot.SpringApplication.refreshContext(SpringApplication.java:456)
	at org.springframework.boot.SpringApplication.run(SpringApplication.java:335)
	at org.springframework.boot.SpringApplication.run(SpringApplication.java:1363)
	at org.springframework.boot.SpringApplication.run(SpringApplication.java:1352)
	at com.reservation.SpringBootMergeApplication.main(SpringBootMergeApplication.java:21)
	at java.base/jdk.internal.reflect.DirectMethodHandleAccessor.invoke(DirectMethodHandleAccessor.java:103)
	at java.base/java.lang.reflect.Method.invoke(Method.java:580)
	at org.springframework.boot.devtools.restart.RestartLauncher.run(RestartLauncher.java:50)
Caused by: org.springframework.beans.factory.BeanCreationException: Error creating bean with name 'appointmentService' defined in file [H:\2026\lesson-appointment\api\target\classes\com\reservation\service\AppointmentService.class]: Failed to instantiate [com.reservation.service.AppointmentService]: Constructor threw exception
	at org.springframework.beans.factory.support.AbstractAutowireCapableBeanFactory.instantiateBean(AbstractAutowireCapableBeanFactory.java:1337)
	at org.springframework.beans.factory.support.AbstractAutowireCapableBeanFactory.createBeanInstance(AbstractAutowireCapableBeanFactory.java:1222)
	at org.springframework.beans.factory.support.AbstractAutowireCapableBeanFactory.doCreateBean(AbstractAutowireCapableBeanFactory.java:562)
	at org.springframework.beans.factory.support.AbstractAutowireCapableBeanFactory.createBean(AbstractAutowireCapableBeanFactory.java:522)
	at org.springframework.beans.factory.support.AbstractBeanFactory.lambda$doGetBean$0(AbstractBeanFactory.java:337)
	at org.springframework.beans.factory.support.DefaultSingletonBeanRegistry.getSingleton(DefaultSingletonBeanRegistry.java:234)
	at org.springframework.beans.factory.support.AbstractBeanFactory.doGetBean(AbstractBeanFactory.java:335)
	at org.springframework.beans.factory.support.AbstractBeanFactory.getBean(AbstractBeanFactory.java:200)
	at org.springframework.beans.factory.config.DependencyDescriptor.resolveCandidate(DependencyDescriptor.java:254)
	at org.springframework.beans.factory.support.DefaultListableBeanFactory.doResolveDependency(DefaultListableBeanFactory.java:1443)
	at org.springframework.beans.factory.support.DefaultListableBeanFactory.resolveDependency(DefaultListableBeanFactory.java:1353)
	at org.springframework.beans.factory.annotation.AutowiredAnnotationBeanPostProcessor$AutowiredFieldElement.resolveFieldValue(AutowiredAnnotationBeanPostProcessor.java:785)
	... 23 common frames omitted
Caused by: org.springframework.beans.BeanInstantiationException: Failed to instantiate [com.reservation.service.AppointmentService]: Constructor threw exception
	at org.springframework.beans.BeanUtils.instantiateClass(BeanUtils.java:221)
	at org.springframework.beans.factory.support.SimpleInstantiationStrategy.instantiate(SimpleInstantiationStrategy.java:94)
	at org.springframework.beans.factory.support.AbstractAutowireCapableBeanFactory.instantiateBean(AbstractAutowireCapableBeanFactory.java:1331)
	... 34 common frames omitted
Caused by: java.lang.Error: Unresolved compilation problems: 
	The import jakarta.annotation cannot be resolved
	Resource cannot be resolved to a type
	The operator * is undefined for the argument type(s) int, LambdaQueryWrapper<Appointment>
	Syntax error on tokens, ( expected instead
	Syntax error, insert ")" to complete Expression
	Syntax error, insert ")" to complete Expression
	Syntax error, insert ")" to complete Expression
	Syntax error, insert "}" to complete Statement

	at com.reservation.service.AppointmentService.<init>(AppointmentService.java:19)
	at java.base/jdk.internal.reflect.DirectConstructorHandleAccessor.newInstance(DirectConstructorHandleAccessor.java:62)
	at java.base/java.lang.reflect.Constructor.newInstanceWithCaller(Constructor.java:502)
	at java.base/java.lang.reflect.Constructor.newInstance(Constructor.java:486)
	at org.springframework.beans.BeanUtils.instantiateClass(BeanUtils.java:195)
	... 36 common frames omitted
2026-08-26T22:11:27.816+08:00 INFO  c.r.SpringBootMergeApplication : Starting SpringBootMergeApplication using Java 21.0.8 with PID 18980 (H:\2026\lesson-appointment\api\target\classes started by Administrator in H:\2026\lesson-appointment\api)
2026-08-26T22:11:27.866+08:00 INFO  c.r.SpringBootMergeApplication : No active profile set, falling back to 1 default profile: "default"
2026-08-26T22:11:29.662+08:00 INFO  o.s.b.w.e.tomcat.TomcatWebServer : Tomcat initialized with port 8081 (http)
2026-08-26T22:11:29.837+08:00 INFO  o.a.coyote.http11.Http11NioProtocol : Initializing ProtocolHandler ["http-nio-8081"]
2026-08-26T22:11:29.986+08:00 INFO  o.a.catalina.core.StandardService : Starting service [Tomcat]
2026-08-26T22:11:30.073+08:00 INFO  o.a.catalina.core.StandardEngine : Starting Servlet engine: [Apache Tomcat/10.1.31]
2026-08-26T22:11:30.168+08:00 INFO  o.a.c.c.C.[.[localhost].[/] : Initializing Spring embedded WebApplicationContext
2026-08-26T22:11:30.183+08:00 INFO  o.s.b.w.s.c.ServletWebServerApplicationContext : Root WebApplicationContext: initialization completed in 2252 ms
2026-08-26T22:11:30.509+08:00 WARN  c.b.m.core.injector.methods.Insert : [com.reservation.mapper.AuditLogMapper.insert] Has been loaded by XML or SqlProvider or Mybatis's Annotation, so ignoring this injection for [class com.baomidou.mybatisplus.core.injector.methods.Insert]
2026-08-26T22:11:30.703+08:00 WARN  c.b.m.c.injector.methods.SelectList : [com.reservation.mapper.BookingMapper.selectList] Has been loaded by XML or SqlProvider or Mybatis's Annotation, so ignoring this injection for [class com.baomidou.mybatisplus.core.injector.methods.SelectList]
2026-08-26T22:11:30.928+08:00 WARN  c.b.m.c.injector.methods.SelectById : [com.reservation.mapper.BookingMapper.selectById] Has been loaded by XML or SqlProvider or Mybatis's Annotation, so ignoring this injection for [class com.baomidou.mybatisplus.core.injector.methods.SelectById]
2026-08-26T22:11:31.143+08:00 WARN  c.b.m.core.injector.methods.Update : [com.reservation.mapper.CourseScheduleMapper.update] Has been loaded by XML or SqlProvider or Mybatis's Annotation, so ignoring this injection for [class com.baomidou.mybatisplus.core.injector.methods.Update]
2026-08-26T22:11:31.878+08:00 WARN  o.s.b.w.s.c.AnnotationConfigServletWebServerApplicationContext : Exception encountered during context initialization - cancelling refresh attempt: org.springframework.beans.factory.UnsatisfiedDependencyException: Error creating bean with name 'appointmentController': Unsatisfied dependency expressed through field 'appointmentService': Error creating bean with name 'appointmentService' defined in file [H:\2026\lesson-appointment\api\target\classes\com\reservation\service\AppointmentService.class]: Failed to instantiate [com.reservation.service.AppointmentService]: Constructor threw exception
2026-08-26T22:11:31.894+08:00 INFO  o.a.catalina.core.StandardService : Stopping service [Tomcat]
2026-08-26T22:11:31.925+08:00 INFO  o.s.b.a.l.ConditionEvaluationReportLogger : 

Error starting ApplicationContext. To display the condition evaluation report re-run your application with 'debug' enabled.
2026-08-26T22:11:31.987+08:00 ERROR o.s.boot.SpringApplication : Application run failed
org.springframework.beans.factory.UnsatisfiedDependencyException: Error creating bean with name 'appointmentController': Unsatisfied dependency expressed through field 'appointmentService': Error creating bean with name 'appointmentService' defined in file [H:\2026\lesson-appointment\api\target\classes\com\reservation\service\AppointmentService.class]: Failed to instantiate [com.reservation.service.AppointmentService]: Constructor threw exception
	at org.springframework.beans.factory.annotation.AutowiredAnnotationBeanPostProcessor$AutowiredFieldElement.resolveFieldValue(AutowiredAnnotationBeanPostProcessor.java:788)
	at org.springframework.beans.factory.annotation.AutowiredAnnotationBeanPostProcessor$AutowiredFieldElement.inject(AutowiredAnnotationBeanPostProcessor.java:768)
	at org.springframework.beans.factory.annotation.InjectionMetadata.inject(InjectionMetadata.java:145)
	at org.springframework.beans.factory.annotation.AutowiredAnnotationBeanPostProcessor.postProcessProperties(AutowiredAnnotationBeanPostProcessor.java:509)
	at org.springframework.beans.factory.support.AbstractAutowireCapableBeanFactory.populateBean(AbstractAutowireCapableBeanFactory.java:1439)
	at org.springframework.beans.factory.support.AbstractAutowireCapableBeanFactory.doCreateBean(AbstractAutowireCapableBeanFactory.java:599)
	at org.springframework.beans.factory.support.AbstractAutowireCapableBeanFactory.createBean(AbstractAutowireCapableBeanFactory.java:522)
	at org.springframework.beans.factory.support.AbstractBeanFactory.lambda$doGetBean$0(AbstractBeanFactory.java:337)
	at org.springframework.beans.factory.support.DefaultSingletonBeanRegistry.getSingleton(DefaultSingletonBeanRegistry.java:234)
	at org.springframework.beans.factory.support.AbstractBeanFactory.doGetBean(AbstractBeanFactory.java:335)
	at org.springframework.beans.factory.support.AbstractBeanFactory.getBean(AbstractBeanFactory.java:200)
	at org.springframework.beans.factory.support.DefaultListableBeanFactory.preInstantiateSingletons(DefaultListableBeanFactory.java:975)
	at org.springframework.context.support.AbstractApplicationContext.finishBeanFactoryInitialization(AbstractApplicationContext.java:971)
	at org.springframework.context.support.AbstractApplicationContext.refresh(AbstractApplicationContext.java:625)
	at org.springframework.boot.web.servlet.context.ServletWebServerApplicationContext.refresh(ServletWebServerApplicationContext.java:146)
	at org.springframework.boot.SpringApplication.refresh(SpringApplication.java:754)
	at org.springframework.boot.SpringApplication.refreshContext(SpringApplication.java:456)
	at org.springframework.boot.SpringApplication.run(SpringApplication.java:335)
	at org.springframework.boot.SpringApplication.run(SpringApplication.java:1363)
	at org.springframework.boot.SpringApplication.run(SpringApplication.java:1352)
	at com.reservation.SpringBootMergeApplication.main(SpringBootMergeApplication.java:21)
	at java.base/jdk.internal.reflect.DirectMethodHandleAccessor.invoke(DirectMethodHandleAccessor.java:103)
	at java.base/java.lang.reflect.Method.invoke(Method.java:580)
	at org.springframework.boot.devtools.restart.RestartLauncher.run(RestartLauncher.java:50)
Caused by: org.springframework.beans.factory.BeanCreationException: Error creating bean with name 'appointmentService' defined in file [H:\2026\lesson-appointment\api\target\classes\com\reservation\service\AppointmentService.class]: Failed to instantiate [com.reservation.service.AppointmentService]: Constructor threw exception
	at org.springframework.beans.factory.support.AbstractAutowireCapableBeanFactory.instantiateBean(AbstractAutowireCapableBeanFactory.java:1337)
	at org.springframework.beans.factory.support.AbstractAutowireCapableBeanFactory.createBeanInstance(AbstractAutowireCapableBeanFactory.java:1222)
	at org.springframework.beans.factory.support.AbstractAutowireCapableBeanFactory.doCreateBean(AbstractAutowireCapableBeanFactory.java:562)
	at org.springframework.beans.factory.support.AbstractAutowireCapableBeanFactory.createBean(AbstractAutowireCapableBeanFactory.java:522)
	at org.springframework.beans.factory.support.AbstractBeanFactory.lambda$doGetBean$0(AbstractBeanFactory.java:337)
	at org.springframework.beans.factory.support.DefaultSingletonBeanRegistry.getSingleton(DefaultSingletonBeanRegistry.java:234)
	at org.springframework.beans.factory.support.AbstractBeanFactory.doGetBean(AbstractBeanFactory.java:335)
	at org.springframework.beans.factory.support.AbstractBeanFactory.getBean(AbstractBeanFactory.java:200)
	at org.springframework.beans.factory.config.DependencyDescriptor.resolveCandidate(DependencyDescriptor.java:254)
	at org.springframework.beans.factory.support.DefaultListableBeanFactory.doResolveDependency(DefaultListableBeanFactory.java:1443)
	at org.springframework.beans.factory.support.DefaultListableBeanFactory.resolveDependency(DefaultListableBeanFactory.java:1353)
	at org.springframework.beans.factory.annotation.AutowiredAnnotationBeanPostProcessor$AutowiredFieldElement.resolveFieldValue(AutowiredAnnotationBeanPostProcessor.java:785)
	... 23 common frames omitted
Caused by: org.springframework.beans.BeanInstantiationException: Failed to instantiate [com.reservation.service.AppointmentService]: Constructor threw exception
	at org.springframework.beans.BeanUtils.instantiateClass(BeanUtils.java:221)
	at org.springframework.beans.factory.support.SimpleInstantiationStrategy.instantiate(SimpleInstantiationStrategy.java:94)
	at org.springframework.beans.factory.support.AbstractAutowireCapableBeanFactory.instantiateBean(AbstractAutowireCapableBeanFactory.java:1331)
	... 34 common frames omitted
Caused by: java.lang.Error: Unresolved compilation problems: 
	The import jakarta.annotation cannot be resolved
	Resource cannot be resolved to a type

	at com.reservation.service.AppointmentService.<init>(AppointmentService.java:19)
	at java.base/jdk.internal.reflect.DirectConstructorHandleAccessor.newInstance(DirectConstructorHandleAccessor.java:62)
	at java.base/java.lang.reflect.Constructor.newInstanceWithCaller(Constructor.java:502)
	at java.base/java.lang.reflect.Constructor.newInstance(Constructor.java:486)
	at org.springframework.beans.BeanUtils.instantiateClass(BeanUtils.java:195)
	... 36 common frames omitted
2026-08-26T22:11:41.403+08:00 INFO  c.r.SpringBootMergeApplication : Starting SpringBootMergeApplication using Java 21.0.8 with PID 18980 (H:\2026\lesson-appointment\api\target\classes started by Administrator in H:\2026\lesson-appointment\api)
2026-08-26T22:11:41.421+08:00 INFO  c.r.SpringBootMergeApplication : No active profile set, falling back to 1 default profile: "default"
2026-08-26T22:11:43.050+08:00 INFO  o.s.b.w.e.tomcat.TomcatWebServer : Tomcat initialized with port 8081 (http)
2026-08-26T22:11:43.115+08:00 INFO  o.a.coyote.http11.Http11NioProtocol : Initializing ProtocolHandler ["http-nio-8081"]
2026-08-26T22:11:43.235+08:00 INFO  o.a.catalina.core.StandardService : Starting service [Tomcat]
2026-08-26T22:11:43.304+08:00 INFO  o.a.catalina.core.StandardEngine : Starting Servlet engine: [Apache Tomcat/10.1.31]
2026-08-26T22:11:43.431+08:00 INFO  o.a.c.c.C.[.[localhost].[/] : Initializing Spring embedded WebApplicationContext
2026-08-26T22:11:43.453+08:00 INFO  o.s.b.w.s.c.ServletWebServerApplicationContext : Root WebApplicationContext: initialization completed in 2022 ms
2026-08-26T22:11:44.047+08:00 WARN  c.b.m.core.injector.methods.Insert : [com.reservation.mapper.AuditLogMapper.insert] Has been loaded by XML or SqlProvider or Mybatis's Annotation, so ignoring this injection for [class com.baomidou.mybatisplus.core.injector.methods.Insert]
2026-08-26T22:11:44.223+08:00 WARN  c.b.m.c.injector.methods.SelectList : [com.reservation.mapper.BookingMapper.selectList] Has been loaded by XML or SqlProvider or Mybatis's Annotation, so ignoring this injection for [class com.baomidou.mybatisplus.core.injector.methods.SelectList]
2026-08-26T22:11:44.317+08:00 WARN  c.b.m.c.injector.methods.SelectById : [com.reservation.mapper.BookingMapper.selectById] Has been loaded by XML or SqlProvider or Mybatis's Annotation, so ignoring this injection for [class com.baomidou.mybatisplus.core.injector.methods.SelectById]
2026-08-26T22:11:44.376+08:00 WARN  c.b.m.core.injector.methods.Update : [com.reservation.mapper.CourseScheduleMapper.update] Has been loaded by XML or SqlProvider or Mybatis's Annotation, so ignoring this injection for [class com.baomidou.mybatisplus.core.injector.methods.Update]
2026-08-26T22:11:45.218+08:00 WARN  o.s.b.w.s.c.AnnotationConfigServletWebServerApplicationContext : Exception encountered during context initialization - cancelling refresh attempt: org.springframework.beans.factory.UnsatisfiedDependencyException: Error creating bean with name 'appointmentController': Unsatisfied dependency expressed through field 'appointmentService': Error creating bean with name 'appointmentService' defined in file [H:\2026\lesson-appointment\api\target\classes\com\reservation\service\AppointmentService.class]: Failed to instantiate [com.reservation.service.AppointmentService]: Constructor threw exception
2026-08-26T22:11:45.377+08:00 INFO  o.a.catalina.core.StandardService : Stopping service [Tomcat]
2026-08-26T22:11:45.497+08:00 INFO  o.s.b.a.l.ConditionEvaluationReportLogger : 

Error starting ApplicationContext. To display the condition evaluation report re-run your application with 'debug' enabled.
2026-08-26T22:11:45.520+08:00 ERROR o.s.boot.SpringApplication : Application run failed
org.springframework.beans.factory.UnsatisfiedDependencyException: Error creating bean with name 'appointmentController': Unsatisfied dependency expressed through field 'appointmentService': Error creating bean with name 'appointmentService' defined in file [H:\2026\lesson-appointment\api\target\classes\com\reservation\service\AppointmentService.class]: Failed to instantiate [com.reservation.service.AppointmentService]: Constructor threw exception
	at org.springframework.beans.factory.annotation.AutowiredAnnotationBeanPostProcessor$AutowiredFieldElement.resolveFieldValue(AutowiredAnnotationBeanPostProcessor.java:788)
	at org.springframework.beans.factory.annotation.AutowiredAnnotationBeanPostProcessor$AutowiredFieldElement.inject(AutowiredAnnotationBeanPostProcessor.java:768)
	at org.springframework.beans.factory.annotation.InjectionMetadata.inject(InjectionMetadata.java:145)
	at org.springframework.beans.factory.annotation.AutowiredAnnotationBeanPostProcessor.postProcessProperties(AutowiredAnnotationBeanPostProcessor.java:509)
	at org.springframework.beans.factory.support.AbstractAutowireCapableBeanFactory.populateBean(AbstractAutowireCapableBeanFactory.java:1439)
	at org.springframework.beans.factory.support.AbstractAutowireCapableBeanFactory.doCreateBean(AbstractAutowireCapableBeanFactory.java:599)
	at org.springframework.beans.factory.support.AbstractAutowireCapableBeanFactory.createBean(AbstractAutowireCapableBeanFactory.java:522)
	at org.springframework.beans.factory.support.AbstractBeanFactory.lambda$doGetBean$0(AbstractBeanFactory.java:337)
	at org.springframework.beans.factory.support.DefaultSingletonBeanRegistry.getSingleton(DefaultSingletonBeanRegistry.java:234)
	at org.springframework.beans.factory.support.AbstractBeanFactory.doGetBean(AbstractBeanFactory.java:335)
	at org.springframework.beans.factory.support.AbstractBeanFactory.getBean(AbstractBeanFactory.java:200)
	at org.springframework.beans.factory.support.DefaultListableBeanFactory.preInstantiateSingletons(DefaultListableBeanFactory.java:975)
	at org.springframework.context.support.AbstractApplicationContext.finishBeanFactoryInitialization(AbstractApplicationContext.java:971)
	at org.springframework.context.support.AbstractApplicationContext.refresh(AbstractApplicationContext.java:625)
	at org.springframework.boot.web.servlet.context.ServletWebServerApplicationContext.refresh(ServletWebServerApplicationContext.java:146)
	at org.springframework.boot.SpringApplication.refresh(SpringApplication.java:754)
	at org.springframework.boot.SpringApplication.refreshContext(SpringApplication.java:456)
	at org.springframework.boot.SpringApplication.run(SpringApplication.java:335)
	at org.springframework.boot.SpringApplication.run(SpringApplication.java:1363)
	at org.springframework.boot.SpringApplication.run(SpringApplication.java:1352)
	at com.reservation.SpringBootMergeApplication.main(SpringBootMergeApplication.java:21)
	at java.base/jdk.internal.reflect.DirectMethodHandleAccessor.invoke(DirectMethodHandleAccessor.java:103)
	at java.base/java.lang.reflect.Method.invoke(Method.java:580)
	at org.springframework.boot.devtools.restart.RestartLauncher.run(RestartLauncher.java:50)
Caused by: org.springframework.beans.factory.BeanCreationException: Error creating bean with name 'appointmentService' defined in file [H:\2026\lesson-appointment\api\target\classes\com\reservation\service\AppointmentService.class]: Failed to instantiate [com.reservation.service.AppointmentService]: Constructor threw exception
	at org.springframework.beans.factory.support.AbstractAutowireCapableBeanFactory.instantiateBean(AbstractAutowireCapableBeanFactory.java:1337)
	at org.springframework.beans.factory.support.AbstractAutowireCapableBeanFactory.createBeanInstance(AbstractAutowireCapableBeanFactory.java:1222)
	at org.springframework.beans.factory.support.AbstractAutowireCapableBeanFactory.doCreateBean(AbstractAutowireCapableBeanFactory.java:562)
	at org.springframework.beans.factory.support.AbstractAutowireCapableBeanFactory.createBean(AbstractAutowireCapableBeanFactory.java:522)
	at org.springframework.beans.factory.support.AbstractBeanFactory.lambda$doGetBean$0(AbstractBeanFactory.java:337)
	at org.springframework.beans.factory.support.DefaultSingletonBeanRegistry.getSingleton(DefaultSingletonBeanRegistry.java:234)
	at org.springframework.beans.factory.support.AbstractBeanFactory.doGetBean(AbstractBeanFactory.java:335)
	at org.springframework.beans.factory.support.AbstractBeanFactory.getBean(AbstractBeanFactory.java:200)
	at org.springframework.beans.factory.config.DependencyDescriptor.resolveCandidate(DependencyDescriptor.java:254)
	at org.springframework.beans.factory.support.DefaultListableBeanFactory.doResolveDependency(DefaultListableBeanFactory.java:1443)
	at org.springframework.beans.factory.support.DefaultListableBeanFactory.resolveDependency(DefaultListableBeanFactory.java:1353)
	at org.springframework.beans.factory.annotation.AutowiredAnnotationBeanPostProcessor$AutowiredFieldElement.resolveFieldValue(AutowiredAnnotationBeanPostProcessor.java:785)
	... 23 common frames omitted
Caused by: org.springframework.beans.BeanInstantiationException: Failed to instantiate [com.reservation.service.AppointmentService]: Constructor threw exception
	at org.springframework.beans.BeanUtils.instantiateClass(BeanUtils.java:221)
	at org.springframework.beans.factory.support.SimpleInstantiationStrategy.instantiate(SimpleInstantiationStrategy.java:94)
	at org.springframework.beans.factory.support.AbstractAutowireCapableBeanFactory.instantiateBean(AbstractAutowireCapableBeanFactory.java:1331)
	... 34 common frames omitted
Caused by: java.lang.Error: Unresolved compilation problems: 
	The import jakarta.annotation cannot be resolved
	Resource cannot be resolved to a type

	at com.reservation.service.AppointmentService.<init>(AppointmentService.java:19)
	at java.base/jdk.internal.reflect.DirectConstructorHandleAccessor.newInstance(DirectConstructorHandleAccessor.java:62)
	at java.base/java.lang.reflect.Constructor.newInstanceWithCaller(Constructor.java:502)
	at java.base/java.lang.reflect.Constructor.newInstance(Constructor.java:486)
	at org.springframework.beans.BeanUtils.instantiateClass(BeanUtils.java:195)
	... 36 common frames omitted
2026-08-26T22:11:49.016+08:00 INFO  c.r.SpringBootMergeApplication : Starting SpringBootMergeApplication using Java 21.0.8 with PID 18980 (H:\2026\lesson-appointment\api\target\classes started by Administrator in H:\2026\lesson-appointment\api)
2026-08-26T22:11:49.047+08:00 INFO  c.r.SpringBootMergeApplication : No active profile set, falling back to 1 default profile: "default"
2026-08-26T22:11:51.685+08:00 INFO  o.s.b.w.e.tomcat.TomcatWebServer : Tomcat initialized with port 8081 (http)
2026-08-26T22:11:51.943+08:00 INFO  o.a.coyote.http11.Http11NioProtocol : Initializing ProtocolHandler ["http-nio-8081"]
2026-08-26T22:11:52.166+08:00 INFO  o.a.catalina.core.StandardService : Starting service [Tomcat]
2026-08-26T22:11:52.339+08:00 INFO  o.a.catalina.core.StandardEngine : Starting Servlet engine: [Apache Tomcat/10.1.31]
2026-08-26T22:11:52.582+08:00 INFO  o.a.c.c.C.[.[localhost].[/] : Initializing Spring embedded WebApplicationContext
2026-08-26T22:11:52.607+08:00 INFO  o.s.b.w.s.c.ServletWebServerApplicationContext : Root WebApplicationContext: initialization completed in 3516 ms
2026-08-26T22:11:55.658+08:00 WARN  c.b.m.core.injector.methods.Insert : [com.reservation.mapper.AuditLogMapper.insert] Has been loaded by XML or SqlProvider or Mybatis's Annotation, so ignoring this injection for [class com.baomidou.mybatisplus.core.injector.methods.Insert]
2026-08-26T22:11:55.978+08:00 WARN  c.b.m.c.injector.methods.SelectList : [com.reservation.mapper.BookingMapper.selectList] Has been loaded by XML or SqlProvider or Mybatis's Annotation, so ignoring this injection for [class com.baomidou.mybatisplus.core.injector.methods.SelectList]
2026-08-26T22:11:56.114+08:00 WARN  c.b.m.c.injector.methods.SelectById : [com.reservation.mapper.BookingMapper.selectById] Has been loaded by XML or SqlProvider or Mybatis's Annotation, so ignoring this injection for [class com.baomidou.mybatisplus.core.injector.methods.SelectById]
2026-08-26T22:11:56.425+08:00 WARN  c.b.m.core.injector.methods.Update : [com.reservation.mapper.CourseScheduleMapper.update] Has been loaded by XML or SqlProvider or Mybatis's Annotation, so ignoring this injection for [class com.baomidou.mybatisplus.core.injector.methods.Update]
2026-08-26T22:11:58.328+08:00 WARN  o.s.b.w.s.c.AnnotationConfigServletWebServerApplicationContext : Exception encountered during context initialization - cancelling refresh attempt: org.springframework.beans.factory.UnsatisfiedDependencyException: Error creating bean with name 'appointmentController': Unsatisfied dependency expressed through field 'appointmentService': Error creating bean with name 'appointmentService' defined in file [H:\2026\lesson-appointment\api\target\classes\com\reservation\service\AppointmentService.class]: Failed to instantiate [com.reservation.service.AppointmentService]: Constructor threw exception
2026-08-26T22:11:58.401+08:00 INFO  o.a.catalina.core.StandardService : Stopping service [Tomcat]
2026-08-26T22:11:58.523+08:00 INFO  o.s.b.a.l.ConditionEvaluationReportLogger : 

Error starting ApplicationContext. To display the condition evaluation report re-run your application with 'debug' enabled.
2026-08-26T22:11:58.590+08:00 ERROR o.s.boot.SpringApplication : Application run failed
org.springframework.beans.factory.UnsatisfiedDependencyException: Error creating bean with name 'appointmentController': Unsatisfied dependency expressed through field 'appointmentService': Error creating bean with name 'appointmentService' defined in file [H:\2026\lesson-appointment\api\target\classes\com\reservation\service\AppointmentService.class]: Failed to instantiate [com.reservation.service.AppointmentService]: Constructor threw exception
	at org.springframework.beans.factory.annotation.AutowiredAnnotationBeanPostProcessor$AutowiredFieldElement.resolveFieldValue(AutowiredAnnotationBeanPostProcessor.java:788)
	at org.springframework.beans.factory.annotation.AutowiredAnnotationBeanPostProcessor$AutowiredFieldElement.inject(AutowiredAnnotationBeanPostProcessor.java:768)
	at org.springframework.beans.factory.annotation.InjectionMetadata.inject(InjectionMetadata.java:145)
	at org.springframework.beans.factory.annotation.AutowiredAnnotationBeanPostProcessor.postProcessProperties(AutowiredAnnotationBeanPostProcessor.java:509)
	at org.springframework.beans.factory.support.AbstractAutowireCapableBeanFactory.populateBean(AbstractAutowireCapableBeanFactory.java:1439)
	at org.springframework.beans.factory.support.AbstractAutowireCapableBeanFactory.doCreateBean(AbstractAutowireCapableBeanFactory.java:599)
	at org.springframework.beans.factory.support.AbstractAutowireCapableBeanFactory.createBean(AbstractAutowireCapableBeanFactory.java:522)
	at org.springframework.beans.factory.support.AbstractBeanFactory.lambda$doGetBean$0(AbstractBeanFactory.java:337)
	at org.springframework.beans.factory.support.DefaultSingletonBeanRegistry.getSingleton(DefaultSingletonBeanRegistry.java:234)
	at org.springframework.beans.factory.support.AbstractBeanFactory.doGetBean(AbstractBeanFactory.java:335)
	at org.springframework.beans.factory.support.AbstractBeanFactory.getBean(AbstractBeanFactory.java:200)
	at org.springframework.beans.factory.support.DefaultListableBeanFactory.preInstantiateSingletons(DefaultListableBeanFactory.java:975)
	at org.springframework.context.support.AbstractApplicationContext.finishBeanFactoryInitialization(AbstractApplicationContext.java:971)
	at org.springframework.context.support.AbstractApplicationContext.refresh(AbstractApplicationContext.java:625)
	at org.springframework.boot.web.servlet.context.ServletWebServerApplicationContext.refresh(ServletWebServerApplicationContext.java:146)
	at org.springframework.boot.SpringApplication.refresh(SpringApplication.java:754)
	at org.springframework.boot.SpringApplication.refreshContext(SpringApplication.java:456)
	at org.springframework.boot.SpringApplication.run(SpringApplication.java:335)
	at org.springframework.boot.SpringApplication.run(SpringApplication.java:1363)
	at org.springframework.boot.SpringApplication.run(SpringApplication.java:1352)
	at com.reservation.SpringBootMergeApplication.main(SpringBootMergeApplication.java:21)
	at java.base/jdk.internal.reflect.DirectMethodHandleAccessor.invoke(DirectMethodHandleAccessor.java:103)
	at java.base/java.lang.reflect.Method.invoke(Method.java:580)
	at org.springframework.boot.devtools.restart.RestartLauncher.run(RestartLauncher.java:50)
Caused by: org.springframework.beans.factory.BeanCreationException: Error creating bean with name 'appointmentService' defined in file [H:\2026\lesson-appointment\api\target\classes\com\reservation\service\AppointmentService.class]: Failed to instantiate [com.reservation.service.AppointmentService]: Constructor threw exception
	at org.springframework.beans.factory.support.AbstractAutowireCapableBeanFactory.instantiateBean(AbstractAutowireCapableBeanFactory.java:1337)
	at org.springframework.beans.factory.support.AbstractAutowireCapableBeanFactory.createBeanInstance(AbstractAutowireCapableBeanFactory.java:1222)
	at org.springframework.beans.factory.support.AbstractAutowireCapableBeanFactory.doCreateBean(AbstractAutowireCapableBeanFactory.java:562)
	at org.springframework.beans.factory.support.AbstractAutowireCapableBeanFactory.createBean(AbstractAutowireCapableBeanFactory.java:522)
	at org.springframework.beans.factory.support.AbstractBeanFactory.lambda$doGetBean$0(AbstractBeanFactory.java:337)
	at org.springframework.beans.factory.support.DefaultSingletonBeanRegistry.getSingleton(DefaultSingletonBeanRegistry.java:234)
	at org.springframework.beans.factory.support.AbstractBeanFactory.doGetBean(AbstractBeanFactory.java:335)
	at org.springframework.beans.factory.support.AbstractBeanFactory.getBean(AbstractBeanFactory.java:200)
	at org.springframework.beans.factory.config.DependencyDescriptor.resolveCandidate(DependencyDescriptor.java:254)
	at org.springframework.beans.factory.support.DefaultListableBeanFactory.doResolveDependency(DefaultListableBeanFactory.java:1443)
	at org.springframework.beans.factory.support.DefaultListableBeanFactory.resolveDependency(DefaultListableBeanFactory.java:1353)
	at org.springframework.beans.factory.annotation.AutowiredAnnotationBeanPostProcessor$AutowiredFieldElement.resolveFieldValue(AutowiredAnnotationBeanPostProcessor.java:785)
	... 23 common frames omitted
Caused by: org.springframework.beans.BeanInstantiationException: Failed to instantiate [com.reservation.service.AppointmentService]: Constructor threw exception
	at org.springframework.beans.BeanUtils.instantiateClass(BeanUtils.java:221)
	at org.springframework.beans.factory.support.SimpleInstantiationStrategy.instantiate(SimpleInstantiationStrategy.java:94)
	at org.springframework.beans.factory.support.AbstractAutowireCapableBeanFactory.instantiateBean(AbstractAutowireCapableBeanFactory.java:1331)
	... 34 common frames omitted
Caused by: java.lang.Error: Unresolved compilation problems: 
	The import jakarta.annotation cannot be resolved
	Resource cannot be resolved to a type

	at com.reservation.service.AppointmentService.<init>(AppointmentService.java:19)
	at java.base/jdk.internal.reflect.DirectConstructorHandleAccessor.newInstance(DirectConstructorHandleAccessor.java:62)
	at java.base/java.lang.reflect.Constructor.newInstanceWithCaller(Constructor.java:502)
	at java.base/java.lang.reflect.Constructor.newInstance(Constructor.java:486)
	at org.springframework.beans.BeanUtils.instantiateClass(BeanUtils.java:195)
	... 36 common frames omitted
2026-08-26T22:12:01.617+08:00 INFO  c.r.SpringBootMergeApplication : Starting SpringBootMergeApplication using Java 21.0.8 with PID 18980 (H:\2026\lesson-appointment\api\target\classes started by Administrator in H:\2026\lesson-appointment\api)
2026-08-26T22:12:01.617+08:00 INFO  c.r.SpringBootMergeApplication : No active profile set, falling back to 1 default profile: "default"
2026-08-26T22:12:02.732+08:00 INFO  o.s.b.w.e.tomcat.TomcatWebServer : Tomcat initialized with port 8081 (http)
2026-08-26T22:12:02.734+08:00 INFO  o.a.coyote.http11.Http11NioProtocol : Initializing ProtocolHandler ["http-nio-8081"]
2026-08-26T22:12:02.734+08:00 INFO  o.a.catalina.core.StandardService : Starting service [Tomcat]
2026-08-26T22:12:02.734+08:00 INFO  o.a.catalina.core.StandardEngine : Starting Servlet engine: [Apache Tomcat/10.1.31]
2026-08-26T22:12:02.761+08:00 INFO  o.a.c.c.C.[.[localhost].[/] : Initializing Spring embedded WebApplicationContext
2026-08-26T22:12:02.762+08:00 INFO  o.s.b.w.s.c.ServletWebServerApplicationContext : Root WebApplicationContext: initialization completed in 1142 ms
2026-08-26T22:12:02.894+08:00 WARN  c.b.m.core.injector.methods.Insert : [com.reservation.mapper.AuditLogMapper.insert] Has been loaded by XML or SqlProvider or Mybatis's Annotation, so ignoring this injection for [class com.baomidou.mybatisplus.core.injector.methods.Insert]
2026-08-26T22:12:02.938+08:00 WARN  c.b.m.c.injector.methods.SelectList : [com.reservation.mapper.BookingMapper.selectList] Has been loaded by XML or SqlProvider or Mybatis's Annotation, so ignoring this injection for [class com.baomidou.mybatisplus.core.injector.methods.SelectList]
2026-08-26T22:12:02.946+08:00 WARN  c.b.m.c.injector.methods.SelectById : [com.reservation.mapper.BookingMapper.selectById] Has been loaded by XML or SqlProvider or Mybatis's Annotation, so ignoring this injection for [class com.baomidou.mybatisplus.core.injector.methods.SelectById]
2026-08-26T22:12:03.003+08:00 WARN  c.b.m.core.injector.methods.Update : [com.reservation.mapper.CourseScheduleMapper.update] Has been loaded by XML or SqlProvider or Mybatis's Annotation, so ignoring this injection for [class com.baomidou.mybatisplus.core.injector.methods.Update]
2026-08-26T22:12:03.457+08:00 WARN  o.s.b.w.s.c.AnnotationConfigServletWebServerApplicationContext : Exception encountered during context initialization - cancelling refresh attempt: org.springframework.beans.factory.UnsatisfiedDependencyException: Error creating bean with name 'appointmentController': Unsatisfied dependency expressed through field 'appointmentService': Error creating bean with name 'appointmentService' defined in file [H:\2026\lesson-appointment\api\target\classes\com\reservation\service\AppointmentService.class]: Failed to instantiate [com.reservation.service.AppointmentService]: Constructor threw exception
2026-08-26T22:12:03.644+08:00 INFO  o.a.catalina.core.StandardService : Stopping service [Tomcat]
2026-08-26T22:12:03.886+08:00 INFO  o.s.b.a.l.ConditionEvaluationReportLogger : 

Error starting ApplicationContext. To display the condition evaluation report re-run your application with 'debug' enabled.
2026-08-26T22:12:04.160+08:00 ERROR o.s.boot.SpringApplication : Application run failed
org.springframework.beans.factory.UnsatisfiedDependencyException: Error creating bean with name 'appointmentController': Unsatisfied dependency expressed through field 'appointmentService': Error creating bean with name 'appointmentService' defined in file [H:\2026\lesson-appointment\api\target\classes\com\reservation\service\AppointmentService.class]: Failed to instantiate [com.reservation.service.AppointmentService]: Constructor threw exception
	at org.springframework.beans.factory.annotation.AutowiredAnnotationBeanPostProcessor$AutowiredFieldElement.resolveFieldValue(AutowiredAnnotationBeanPostProcessor.java:788)
	at org.springframework.beans.factory.annotation.AutowiredAnnotationBeanPostProcessor$AutowiredFieldElement.inject(AutowiredAnnotationBeanPostProcessor.java:768)
	at org.springframework.beans.factory.annotation.InjectionMetadata.inject(InjectionMetadata.java:145)
	at org.springframework.beans.factory.annotation.AutowiredAnnotationBeanPostProcessor.postProcessProperties(AutowiredAnnotationBeanPostProcessor.java:509)
	at org.springframework.beans.factory.support.AbstractAutowireCapableBeanFactory.populateBean(AbstractAutowireCapableBeanFactory.java:1439)
	at org.springframework.beans.factory.support.AbstractAutowireCapableBeanFactory.doCreateBean(AbstractAutowireCapableBeanFactory.java:599)
	at org.springframework.beans.factory.support.AbstractAutowireCapableBeanFactory.createBean(AbstractAutowireCapableBeanFactory.java:522)
	at org.springframework.beans.factory.support.AbstractBeanFactory.lambda$doGetBean$0(AbstractBeanFactory.java:337)
	at org.springframework.beans.factory.support.DefaultSingletonBeanRegistry.getSingleton(DefaultSingletonBeanRegistry.java:234)
	at org.springframework.beans.factory.support.AbstractBeanFactory.doGetBean(AbstractBeanFactory.java:335)
	at org.springframework.beans.factory.support.AbstractBeanFactory.getBean(AbstractBeanFactory.java:200)
	at org.springframework.beans.factory.support.DefaultListableBeanFactory.preInstantiateSingletons(DefaultListableBeanFactory.java:975)
	at org.springframework.context.support.AbstractApplicationContext.finishBeanFactoryInitialization(AbstractApplicationContext.java:971)
	at org.springframework.context.support.AbstractApplicationContext.refresh(AbstractApplicationContext.java:625)
	at org.springframework.boot.web.servlet.context.ServletWebServerApplicationContext.refresh(ServletWebServerApplicationContext.java:146)
	at org.springframework.boot.SpringApplication.refresh(SpringApplication.java:754)
	at org.springframework.boot.SpringApplication.refreshContext(SpringApplication.java:456)
	at org.springframework.boot.SpringApplication.run(SpringApplication.java:335)
	at org.springframework.boot.SpringApplication.run(SpringApplication.java:1363)
	at org.springframework.boot.SpringApplication.run(SpringApplication.java:1352)
	at com.reservation.SpringBootMergeApplication.main(SpringBootMergeApplication.java:21)
	at java.base/jdk.internal.reflect.DirectMethodHandleAccessor.invoke(DirectMethodHandleAccessor.java:103)
	at java.base/java.lang.reflect.Method.invoke(Method.java:580)
	at org.springframework.boot.devtools.restart.RestartLauncher.run(RestartLauncher.java:50)
Caused by: org.springframework.beans.factory.BeanCreationException: Error creating bean with name 'appointmentService' defined in file [H:\2026\lesson-appointment\api\target\classes\com\reservation\service\AppointmentService.class]: Failed to instantiate [com.reservation.service.AppointmentService]: Constructor threw exception
	at org.springframework.beans.factory.support.AbstractAutowireCapableBeanFactory.instantiateBean(AbstractAutowireCapableBeanFactory.java:1337)
	at org.springframework.beans.factory.support.AbstractAutowireCapableBeanFactory.createBeanInstance(AbstractAutowireCapableBeanFactory.java:1222)
	at org.springframework.beans.factory.support.AbstractAutowireCapableBeanFactory.doCreateBean(AbstractAutowireCapableBeanFactory.java:562)
	at org.springframework.beans.factory.support.AbstractAutowireCapableBeanFactory.createBean(AbstractAutowireCapableBeanFactory.java:522)
	at org.springframework.beans.factory.support.AbstractBeanFactory.lambda$doGetBean$0(AbstractBeanFactory.java:337)
	at org.springframework.beans.factory.support.DefaultSingletonBeanRegistry.getSingleton(DefaultSingletonBeanRegistry.java:234)
	at org.springframework.beans.factory.support.AbstractBeanFactory.doGetBean(AbstractBeanFactory.java:335)
	at org.springframework.beans.factory.support.AbstractBeanFactory.getBean(AbstractBeanFactory.java:200)
	at org.springframework.beans.factory.config.DependencyDescriptor.resolveCandidate(DependencyDescriptor.java:254)
	at org.springframework.beans.factory.support.DefaultListableBeanFactory.doResolveDependency(DefaultListableBeanFactory.java:1443)
	at org.springframework.beans.factory.support.DefaultListableBeanFactory.resolveDependency(DefaultListableBeanFactory.java:1353)
	at org.springframework.beans.factory.annotation.AutowiredAnnotationBeanPostProcessor$AutowiredFieldElement.resolveFieldValue(AutowiredAnnotationBeanPostProcessor.java:785)
	... 23 common frames omitted
Caused by: org.springframework.beans.BeanInstantiationException: Failed to instantiate [com.reservation.service.AppointmentService]: Constructor threw exception
	at org.springframework.beans.BeanUtils.instantiateClass(BeanUtils.java:221)
	at org.springframework.beans.factory.support.SimpleInstantiationStrategy.instantiate(SimpleInstantiationStrategy.java:94)
	at org.springframework.beans.factory.support.AbstractAutowireCapableBeanFactory.instantiateBean(AbstractAutowireCapableBeanFactory.java:1331)
	... 34 common frames omitted
Caused by: java.lang.Error: Unresolved compilation problems: 
	The import jakarta.annotation cannot be resolved
	Resource cannot be resolved to a type

	at com.reservation.service.AppointmentService.<init>(AppointmentService.java:19)
	at java.base/jdk.internal.reflect.DirectConstructorHandleAccessor.newInstance(DirectConstructorHandleAccessor.java:62)
	at java.base/java.lang.reflect.Constructor.newInstanceWithCaller(Constructor.java:502)
	at java.base/java.lang.reflect.Constructor.newInstance(Constructor.java:486)
	at org.springframework.beans.BeanUtils.instantiateClass(BeanUtils.java:195)
	... 36 common frames omitted
2026-08-26T22:12:07.545+08:00 INFO  c.r.SpringBootMergeApplication : Starting SpringBootMergeApplication using Java 21.0.8 with PID 18980 (H:\2026\lesson-appointment\api\target\classes started by Administrator in H:\2026\lesson-appointment\api)
2026-08-26T22:12:07.590+08:00 INFO  c.r.SpringBootMergeApplication : No active profile set, falling back to 1 default profile: "default"
2026-08-26T22:12:09.155+08:00 INFO  o.s.b.w.e.tomcat.TomcatWebServer : Tomcat initialized with port 8081 (http)
2026-08-26T22:12:09.182+08:00 INFO  o.a.coyote.http11.Http11NioProtocol : Initializing ProtocolHandler ["http-nio-8081"]
2026-08-26T22:12:09.199+08:00 INFO  o.a.catalina.core.StandardService : Starting service [Tomcat]
2026-08-26T22:12:09.231+08:00 INFO  o.a.catalina.core.StandardEngine : Starting Servlet engine: [Apache Tomcat/10.1.31]
2026-08-26T22:12:09.308+08:00 INFO  o.a.c.c.C.[.[localhost].[/] : Initializing Spring embedded WebApplicationContext
2026-08-26T22:12:09.382+08:00 INFO  o.s.b.w.s.c.ServletWebServerApplicationContext : Root WebApplicationContext: initialization completed in 1735 ms
2026-08-26T22:12:09.785+08:00 WARN  c.b.m.core.injector.methods.Insert : [com.reservation.mapper.AuditLogMapper.insert] Has been loaded by XML or SqlProvider or Mybatis's Annotation, so ignoring this injection for [class com.baomidou.mybatisplus.core.injector.methods.Insert]
2026-08-26T22:12:09.891+08:00 WARN  c.b.m.c.injector.methods.SelectList : [com.reservation.mapper.BookingMapper.selectList] Has been loaded by XML or SqlProvider or Mybatis's Annotation, so ignoring this injection for [class com.baomidou.mybatisplus.core.injector.methods.SelectList]
2026-08-26T22:12:09.916+08:00 WARN  c.b.m.c.injector.methods.SelectById : [com.reservation.mapper.BookingMapper.selectById] Has been loaded by XML or SqlProvider or Mybatis's Annotation, so ignoring this injection for [class com.baomidou.mybatisplus.core.injector.methods.SelectById]
2026-08-26T22:12:10.118+08:00 WARN  c.b.m.core.injector.methods.Update : [com.reservation.mapper.CourseScheduleMapper.update] Has been loaded by XML or SqlProvider or Mybatis's Annotation, so ignoring this injection for [class com.baomidou.mybatisplus.core.injector.methods.Update]
2026-08-26T22:12:10.723+08:00 WARN  o.s.b.w.s.c.AnnotationConfigServletWebServerApplicationContext : Exception encountered during context initialization - cancelling refresh attempt: org.springframework.beans.factory.UnsatisfiedDependencyException: Error creating bean with name 'appointmentController': Unsatisfied dependency expressed through field 'appointmentService': Error creating bean with name 'appointmentService' defined in file [H:\2026\lesson-appointment\api\target\classes\com\reservation\service\AppointmentService.class]: Failed to instantiate [com.reservation.service.AppointmentService]: Constructor threw exception
2026-08-26T22:12:10.749+08:00 INFO  o.a.catalina.core.StandardService : Stopping service [Tomcat]
2026-08-26T22:12:10.784+08:00 INFO  o.s.b.a.l.ConditionEvaluationReportLogger : 

Error starting ApplicationContext. To display the condition evaluation report re-run your application with 'debug' enabled.
2026-08-26T22:12:10.852+08:00 ERROR o.s.boot.SpringApplication : Application run failed
org.springframework.beans.factory.UnsatisfiedDependencyException: Error creating bean with name 'appointmentController': Unsatisfied dependency expressed through field 'appointmentService': Error creating bean with name 'appointmentService' defined in file [H:\2026\lesson-appointment\api\target\classes\com\reservation\service\AppointmentService.class]: Failed to instantiate [com.reservation.service.AppointmentService]: Constructor threw exception
	at org.springframework.beans.factory.annotation.AutowiredAnnotationBeanPostProcessor$AutowiredFieldElement.resolveFieldValue(AutowiredAnnotationBeanPostProcessor.java:788)
	at org.springframework.beans.factory.annotation.AutowiredAnnotationBeanPostProcessor$AutowiredFieldElement.inject(AutowiredAnnotationBeanPostProcessor.java:768)
	at org.springframework.beans.factory.annotation.InjectionMetadata.inject(InjectionMetadata.java:145)
	at org.springframework.beans.factory.annotation.AutowiredAnnotationBeanPostProcessor.postProcessProperties(AutowiredAnnotationBeanPostProcessor.java:509)
	at org.springframework.beans.factory.support.AbstractAutowireCapableBeanFactory.populateBean(AbstractAutowireCapableBeanFactory.java:1439)
	at org.springframework.beans.factory.support.AbstractAutowireCapableBeanFactory.doCreateBean(AbstractAutowireCapableBeanFactory.java:599)
	at org.springframework.beans.factory.support.AbstractAutowireCapableBeanFactory.createBean(AbstractAutowireCapableBeanFactory.java:522)
	at org.springframework.beans.factory.support.AbstractBeanFactory.lambda$doGetBean$0(AbstractBeanFactory.java:337)
	at org.springframework.beans.factory.support.DefaultSingletonBeanRegistry.getSingleton(DefaultSingletonBeanRegistry.java:234)
	at org.springframework.beans.factory.support.AbstractBeanFactory.doGetBean(AbstractBeanFactory.java:335)
	at org.springframework.beans.factory.support.AbstractBeanFactory.getBean(AbstractBeanFactory.java:200)
	at org.springframework.beans.factory.support.DefaultListableBeanFactory.preInstantiateSingletons(DefaultListableBeanFactory.java:975)
	at org.springframework.context.support.AbstractApplicationContext.finishBeanFactoryInitialization(AbstractApplicationContext.java:971)
	at org.springframework.context.support.AbstractApplicationContext.refresh(AbstractApplicationContext.java:625)
	at org.springframework.boot.web.servlet.context.ServletWebServerApplicationContext.refresh(ServletWebServerApplicationContext.java:146)
	at org.springframework.boot.SpringApplication.refresh(SpringApplication.java:754)
	at org.springframework.boot.SpringApplication.refreshContext(SpringApplication.java:456)
	at org.springframework.boot.SpringApplication.run(SpringApplication.java:335)
	at org.springframework.boot.SpringApplication.run(SpringApplication.java:1363)
	at org.springframework.boot.SpringApplication.run(SpringApplication.java:1352)
	at com.reservation.SpringBootMergeApplication.main(SpringBootMergeApplication.java:21)
	at java.base/jdk.internal.reflect.DirectMethodHandleAccessor.invoke(DirectMethodHandleAccessor.java:103)
	at java.base/java.lang.reflect.Method.invoke(Method.java:580)
	at org.springframework.boot.devtools.restart.RestartLauncher.run(RestartLauncher.java:50)
Caused by: org.springframework.beans.factory.BeanCreationException: Error creating bean with name 'appointmentService' defined in file [H:\2026\lesson-appointment\api\target\classes\com\reservation\service\AppointmentService.class]: Failed to instantiate [com.reservation.service.AppointmentService]: Constructor threw exception
	at org.springframework.beans.factory.support.AbstractAutowireCapableBeanFactory.instantiateBean(AbstractAutowireCapableBeanFactory.java:1337)
	at org.springframework.beans.factory.support.AbstractAutowireCapableBeanFactory.createBeanInstance(AbstractAutowireCapableBeanFactory.java:1222)
	at org.springframework.beans.factory.support.AbstractAutowireCapableBeanFactory.doCreateBean(AbstractAutowireCapableBeanFactory.java:562)
	at org.springframework.beans.factory.support.AbstractAutowireCapableBeanFactory.createBean(AbstractAutowireCapableBeanFactory.java:522)
	at org.springframework.beans.factory.support.AbstractBeanFactory.lambda$doGetBean$0(AbstractBeanFactory.java:337)
	at org.springframework.beans.factory.support.DefaultSingletonBeanRegistry.getSingleton(DefaultSingletonBeanRegistry.java:234)
	at org.springframework.beans.factory.support.AbstractBeanFactory.doGetBean(AbstractBeanFactory.java:335)
	at org.springframework.beans.factory.support.AbstractBeanFactory.getBean(AbstractBeanFactory.java:200)
	at org.springframework.beans.factory.config.DependencyDescriptor.resolveCandidate(DependencyDescriptor.java:254)
	at org.springframework.beans.factory.support.DefaultListableBeanFactory.doResolveDependency(DefaultListableBeanFactory.java:1443)
	at org.springframework.beans.factory.support.DefaultListableBeanFactory.resolveDependency(DefaultListableBeanFactory.java:1353)
	at org.springframework.beans.factory.annotation.AutowiredAnnotationBeanPostProcessor$AutowiredFieldElement.resolveFieldValue(AutowiredAnnotationBeanPostProcessor.java:785)
	... 23 common frames omitted
Caused by: org.springframework.beans.BeanInstantiationException: Failed to instantiate [com.reservation.service.AppointmentService]: Constructor threw exception
	at org.springframework.beans.BeanUtils.instantiateClass(BeanUtils.java:221)
	at org.springframework.beans.factory.support.SimpleInstantiationStrategy.instantiate(SimpleInstantiationStrategy.java:94)
	at org.springframework.beans.factory.support.AbstractAutowireCapableBeanFactory.instantiateBean(AbstractAutowireCapableBeanFactory.java:1331)
	... 34 common frames omitted
Caused by: java.lang.Error: Unresolved compilation problems: 
	The import jakarta.annotation cannot be resolved
	Resource cannot be resolved to a type

	at com.reservation.service.AppointmentService.<init>(AppointmentService.java:19)
	at java.base/jdk.internal.reflect.DirectConstructorHandleAccessor.newInstance(DirectConstructorHandleAccessor.java:62)
	at java.base/java.lang.reflect.Constructor.newInstanceWithCaller(Constructor.java:502)
	at java.base/java.lang.reflect.Constructor.newInstance(Constructor.java:486)
	at org.springframework.beans.BeanUtils.instantiateClass(BeanUtils.java:195)
	... 36 common frames omitted
2026-08-26T22:12:16.604+08:00 INFO  c.r.SpringBootMergeApplication : Starting SpringBootMergeApplication using Java 21.0.8 with PID 18980 (H:\2026\lesson-appointment\api\target\classes started by Administrator in H:\2026\lesson-appointment\api)
2026-08-26T22:12:16.622+08:00 INFO  c.r.SpringBootMergeApplication : No active profile set, falling back to 1 default profile: "default"
2026-08-26T22:12:17.544+08:00 INFO  o.s.b.w.e.tomcat.TomcatWebServer : Tomcat initialized with port 8081 (http)
2026-08-26T22:12:17.559+08:00 INFO  o.a.coyote.http11.Http11NioProtocol : Initializing ProtocolHandler ["http-nio-8081"]
2026-08-26T22:12:17.561+08:00 INFO  o.a.catalina.core.StandardService : Starting service [Tomcat]
2026-08-26T22:12:17.568+08:00 INFO  o.a.catalina.core.StandardEngine : Starting Servlet engine: [Apache Tomcat/10.1.31]
2026-08-26T22:12:17.586+08:00 INFO  o.a.c.c.C.[.[localhost].[/] : Initializing Spring embedded WebApplicationContext
2026-08-26T22:12:17.592+08:00 INFO  o.s.b.w.s.c.ServletWebServerApplicationContext : Root WebApplicationContext: initialization completed in 967 ms
2026-08-26T22:12:17.824+08:00 WARN  c.b.m.core.injector.methods.Insert : [com.reservation.mapper.AuditLogMapper.insert] Has been loaded by XML or SqlProvider or Mybatis's Annotation, so ignoring this injection for [class com.baomidou.mybatisplus.core.injector.methods.Insert]
2026-08-26T22:12:17.866+08:00 WARN  c.b.m.c.injector.methods.SelectList : [com.reservation.mapper.BookingMapper.selectList] Has been loaded by XML or SqlProvider or Mybatis's Annotation, so ignoring this injection for [class com.baomidou.mybatisplus.core.injector.methods.SelectList]
2026-08-26T22:12:17.869+08:00 WARN  c.b.m.c.injector.methods.SelectById : [com.reservation.mapper.BookingMapper.selectById] Has been loaded by XML or SqlProvider or Mybatis's Annotation, so ignoring this injection for [class com.baomidou.mybatisplus.core.injector.methods.SelectById]
2026-08-26T22:12:17.919+08:00 WARN  c.b.m.core.injector.methods.Update : [com.reservation.mapper.CourseScheduleMapper.update] Has been loaded by XML or SqlProvider or Mybatis's Annotation, so ignoring this injection for [class com.baomidou.mybatisplus.core.injector.methods.Update]
2026-08-26T22:12:18.515+08:00 WARN  o.s.b.w.s.c.AnnotationConfigServletWebServerApplicationContext : Exception encountered during context initialization - cancelling refresh attempt: org.springframework.beans.factory.UnsatisfiedDependencyException: Error creating bean with name 'appointmentController': Unsatisfied dependency expressed through field 'appointmentService': Error creating bean with name 'appointmentService' defined in file [H:\2026\lesson-appointment\api\target\classes\com\reservation\service\AppointmentService.class]: Failed to instantiate [com.reservation.service.AppointmentService]: Constructor threw exception
2026-08-26T22:12:18.578+08:00 INFO  o.a.catalina.core.StandardService : Stopping service [Tomcat]
2026-08-26T22:12:18.654+08:00 INFO  o.s.b.a.l.ConditionEvaluationReportLogger : 

Error starting ApplicationContext. To display the condition evaluation report re-run your application with 'debug' enabled.
2026-08-26T22:12:18.678+08:00 ERROR o.s.boot.SpringApplication : Application run failed
org.springframework.beans.factory.UnsatisfiedDependencyException: Error creating bean with name 'appointmentController': Unsatisfied dependency expressed through field 'appointmentService': Error creating bean with name 'appointmentService' defined in file [H:\2026\lesson-appointment\api\target\classes\com\reservation\service\AppointmentService.class]: Failed to instantiate [com.reservation.service.AppointmentService]: Constructor threw exception
	at org.springframework.beans.factory.annotation.AutowiredAnnotationBeanPostProcessor$AutowiredFieldElement.resolveFieldValue(AutowiredAnnotationBeanPostProcessor.java:788)
	at org.springframework.beans.factory.annotation.AutowiredAnnotationBeanPostProcessor$AutowiredFieldElement.inject(AutowiredAnnotationBeanPostProcessor.java:768)
	at org.springframework.beans.factory.annotation.InjectionMetadata.inject(InjectionMetadata.java:145)
	at org.springframework.beans.factory.annotation.AutowiredAnnotationBeanPostProcessor.postProcessProperties(AutowiredAnnotationBeanPostProcessor.java:509)
	at org.springframework.beans.factory.support.AbstractAutowireCapableBeanFactory.populateBean(AbstractAutowireCapableBeanFactory.java:1439)
	at org.springframework.beans.factory.support.AbstractAutowireCapableBeanFactory.doCreateBean(AbstractAutowireCapableBeanFactory.java:599)
	at org.springframework.beans.factory.support.AbstractAutowireCapableBeanFactory.createBean(AbstractAutowireCapableBeanFactory.java:522)
	at org.springframework.beans.factory.support.AbstractBeanFactory.lambda$doGetBean$0(AbstractBeanFactory.java:337)
	at org.springframework.beans.factory.support.DefaultSingletonBeanRegistry.getSingleton(DefaultSingletonBeanRegistry.java:234)
	at org.springframework.beans.factory.support.AbstractBeanFactory.doGetBean(AbstractBeanFactory.java:335)
	at org.springframework.beans.factory.support.AbstractBeanFactory.getBean(AbstractBeanFactory.java:200)
	at org.springframework.beans.factory.support.DefaultListableBeanFactory.preInstantiateSingletons(DefaultListableBeanFactory.java:975)
	at org.springframework.context.support.AbstractApplicationContext.finishBeanFactoryInitialization(AbstractApplicationContext.java:971)
	at org.springframework.context.support.AbstractApplicationContext.refresh(AbstractApplicationContext.java:625)
	at org.springframework.boot.web.servlet.context.ServletWebServerApplicationContext.refresh(ServletWebServerApplicationContext.java:146)
	at org.springframework.boot.SpringApplication.refresh(SpringApplication.java:754)
	at org.springframework.boot.SpringApplication.refreshContext(SpringApplication.java:456)
	at org.springframework.boot.SpringApplication.run(SpringApplication.java:335)
	at org.springframework.boot.SpringApplication.run(SpringApplication.java:1363)
	at org.springframework.boot.SpringApplication.run(SpringApplication.java:1352)
	at com.reservation.SpringBootMergeApplication.main(SpringBootMergeApplication.java:21)
	at java.base/jdk.internal.reflect.DirectMethodHandleAccessor.invoke(DirectMethodHandleAccessor.java:103)
	at java.base/java.lang.reflect.Method.invoke(Method.java:580)
	at org.springframework.boot.devtools.restart.RestartLauncher.run(RestartLauncher.java:50)
Caused by: org.springframework.beans.factory.BeanCreationException: Error creating bean with name 'appointmentService' defined in file [H:\2026\lesson-appointment\api\target\classes\com\reservation\service\AppointmentService.class]: Failed to instantiate [com.reservation.service.AppointmentService]: Constructor threw exception
	at org.springframework.beans.factory.support.AbstractAutowireCapableBeanFactory.instantiateBean(AbstractAutowireCapableBeanFactory.java:1337)
	at org.springframework.beans.factory.support.AbstractAutowireCapableBeanFactory.createBeanInstance(AbstractAutowireCapableBeanFactory.java:1222)
	at org.springframework.beans.factory.support.AbstractAutowireCapableBeanFactory.doCreateBean(AbstractAutowireCapableBeanFactory.java:562)
	at org.springframework.beans.factory.support.AbstractAutowireCapableBeanFactory.createBean(AbstractAutowireCapableBeanFactory.java:522)
	at org.springframework.beans.factory.support.AbstractBeanFactory.lambda$doGetBean$0(AbstractBeanFactory.java:337)
	at org.springframework.beans.factory.support.DefaultSingletonBeanRegistry.getSingleton(DefaultSingletonBeanRegistry.java:234)
	at org.springframework.beans.factory.support.AbstractBeanFactory.doGetBean(AbstractBeanFactory.java:335)
	at org.springframework.beans.factory.support.AbstractBeanFactory.getBean(AbstractBeanFactory.java:200)
	at org.springframework.beans.factory.config.DependencyDescriptor.resolveCandidate(DependencyDescriptor.java:254)
	at org.springframework.beans.factory.support.DefaultListableBeanFactory.doResolveDependency(DefaultListableBeanFactory.java:1443)
	at org.springframework.beans.factory.support.DefaultListableBeanFactory.resolveDependency(DefaultListableBeanFactory.java:1353)
	at org.springframework.beans.factory.annotation.AutowiredAnnotationBeanPostProcessor$AutowiredFieldElement.resolveFieldValue(AutowiredAnnotationBeanPostProcessor.java:785)
	... 23 common frames omitted
Caused by: org.springframework.beans.BeanInstantiationException: Failed to instantiate [com.reservation.service.AppointmentService]: Constructor threw exception
	at org.springframework.beans.BeanUtils.instantiateClass(BeanUtils.java:221)
	at org.springframework.beans.factory.support.SimpleInstantiationStrategy.instantiate(SimpleInstantiationStrategy.java:94)
	at org.springframework.beans.factory.support.AbstractAutowireCapableBeanFactory.instantiateBean(AbstractAutowireCapableBeanFactory.java:1331)
	... 34 common frames omitted
Caused by: java.lang.Error: Unresolved compilation problems: 
	The import jakarta.annotation cannot be resolved
	Resource cannot be resolved to a type

	at com.reservation.service.AppointmentService.<init>(AppointmentService.java:19)
	at java.base/jdk.internal.reflect.DirectConstructorHandleAccessor.newInstance(DirectConstructorHandleAccessor.java:62)
	at java.base/java.lang.reflect.Constructor.newInstanceWithCaller(Constructor.java:502)
	at java.base/java.lang.reflect.Constructor.newInstance(Constructor.java:486)
	at org.springframework.beans.BeanUtils.instantiateClass(BeanUtils.java:195)
	... 36 common frames omitted
2026-08-26T22:12:43.381+08:00 INFO  c.r.SpringBootMergeApplication : Starting SpringBootMergeApplication using Java 21.0.8 with PID 18980 (H:\2026\lesson-appointment\api\target\classes started by Administrator in H:\2026\lesson-appointment\api)
2026-08-26T22:12:43.384+08:00 INFO  c.r.SpringBootMergeApplication : No active profile set, falling back to 1 default profile: "default"
2026-08-26T22:12:45.567+08:00 INFO  o.s.b.w.e.tomcat.TomcatWebServer : Tomcat initialized with port 8081 (http)
2026-08-26T22:12:45.797+08:00 INFO  o.a.coyote.http11.Http11NioProtocol : Initializing ProtocolHandler ["http-nio-8081"]
2026-08-26T22:12:46.032+08:00 INFO  o.a.catalina.core.StandardService : Starting service [Tomcat]
2026-08-26T22:12:46.228+08:00 INFO  o.a.catalina.core.StandardEngine : Starting Servlet engine: [Apache Tomcat/10.1.31]
2026-08-26T22:12:46.535+08:00 INFO  o.a.c.c.C.[.[localhost].[/] : Initializing Spring embedded WebApplicationContext
2026-08-26T22:12:46.660+08:00 INFO  o.s.b.w.s.c.ServletWebServerApplicationContext : Root WebApplicationContext: initialization completed in 3271 ms
2026-08-26T22:12:50.139+08:00 WARN  c.b.m.core.injector.methods.Insert : [com.reservation.mapper.AuditLogMapper.insert] Has been loaded by XML or SqlProvider or Mybatis's Annotation, so ignoring this injection for [class com.baomidou.mybatisplus.core.injector.methods.Insert]
2026-08-26T22:12:50.419+08:00 WARN  c.b.m.c.injector.methods.SelectList : [com.reservation.mapper.BookingMapper.selectList] Has been loaded by XML or SqlProvider or Mybatis's Annotation, so ignoring this injection for [class com.baomidou.mybatisplus.core.injector.methods.SelectList]
2026-08-26T22:12:50.579+08:00 WARN  c.b.m.c.injector.methods.SelectById : [com.reservation.mapper.BookingMapper.selectById] Has been loaded by XML or SqlProvider or Mybatis's Annotation, so ignoring this injection for [class com.baomidou.mybatisplus.core.injector.methods.SelectById]
2026-08-26T22:12:50.687+08:00 WARN  c.b.m.core.injector.methods.Update : [com.reservation.mapper.CourseScheduleMapper.update] Has been loaded by XML or SqlProvider or Mybatis's Annotation, so ignoring this injection for [class com.baomidou.mybatisplus.core.injector.methods.Update]
2026-08-26T22:12:51.104+08:00 WARN  o.s.b.w.s.c.AnnotationConfigServletWebServerApplicationContext : Exception encountered during context initialization - cancelling refresh attempt: org.springframework.beans.factory.UnsatisfiedDependencyException: Error creating bean with name 'appointmentController': Unsatisfied dependency expressed through field 'appointmentService': Error creating bean with name 'appointmentService' defined in file [H:\2026\lesson-appointment\api\target\classes\com\reservation\service\AppointmentService.class]: Failed to instantiate [com.reservation.service.AppointmentService]: Constructor threw exception
2026-08-26T22:12:51.331+08:00 INFO  o.a.catalina.core.StandardService : Stopping service [Tomcat]
2026-08-26T22:12:51.492+08:00 INFO  o.s.b.a.l.ConditionEvaluationReportLogger : 

Error starting ApplicationContext. To display the condition evaluation report re-run your application with 'debug' enabled.
2026-08-26T22:12:51.790+08:00 ERROR o.s.boot.SpringApplication : Application run failed
org.springframework.beans.factory.UnsatisfiedDependencyException: Error creating bean with name 'appointmentController': Unsatisfied dependency expressed through field 'appointmentService': Error creating bean with name 'appointmentService' defined in file [H:\2026\lesson-appointment\api\target\classes\com\reservation\service\AppointmentService.class]: Failed to instantiate [com.reservation.service.AppointmentService]: Constructor threw exception
	at org.springframework.beans.factory.annotation.AutowiredAnnotationBeanPostProcessor$AutowiredFieldElement.resolveFieldValue(AutowiredAnnotationBeanPostProcessor.java:788)
	at org.springframework.beans.factory.annotation.AutowiredAnnotationBeanPostProcessor$AutowiredFieldElement.inject(AutowiredAnnotationBeanPostProcessor.java:768)
	at org.springframework.beans.factory.annotation.InjectionMetadata.inject(InjectionMetadata.java:145)
	at org.springframework.beans.factory.annotation.AutowiredAnnotationBeanPostProcessor.postProcessProperties(AutowiredAnnotationBeanPostProcessor.java:509)
	at org.springframework.beans.factory.support.AbstractAutowireCapableBeanFactory.populateBean(AbstractAutowireCapableBeanFactory.java:1439)
	at org.springframework.beans.factory.support.AbstractAutowireCapableBeanFactory.doCreateBean(AbstractAutowireCapableBeanFactory.java:599)
	at org.springframework.beans.factory.support.AbstractAutowireCapableBeanFactory.createBean(AbstractAutowireCapableBeanFactory.java:522)
	at org.springframework.beans.factory.support.AbstractBeanFactory.lambda$doGetBean$0(AbstractBeanFactory.java:337)
	at org.springframework.beans.factory.support.DefaultSingletonBeanRegistry.getSingleton(DefaultSingletonBeanRegistry.java:234)
	at org.springframework.beans.factory.support.AbstractBeanFactory.doGetBean(AbstractBeanFactory.java:335)
	at org.springframework.beans.factory.support.AbstractBeanFactory.getBean(AbstractBeanFactory.java:200)
	at org.springframework.beans.factory.support.DefaultListableBeanFactory.preInstantiateSingletons(DefaultListableBeanFactory.java:975)
	at org.springframework.context.support.AbstractApplicationContext.finishBeanFactoryInitialization(AbstractApplicationContext.java:971)
	at org.springframework.context.support.AbstractApplicationContext.refresh(AbstractApplicationContext.java:625)
	at org.springframework.boot.web.servlet.context.ServletWebServerApplicationContext.refresh(ServletWebServerApplicationContext.java:146)
	at org.springframework.boot.SpringApplication.refresh(SpringApplication.java:754)
	at org.springframework.boot.SpringApplication.refreshContext(SpringApplication.java:456)
	at org.springframework.boot.SpringApplication.run(SpringApplication.java:335)
	at org.springframework.boot.SpringApplication.run(SpringApplication.java:1363)
	at org.springframework.boot.SpringApplication.run(SpringApplication.java:1352)
	at com.reservation.SpringBootMergeApplication.main(SpringBootMergeApplication.java:21)
	at java.base/jdk.internal.reflect.DirectMethodHandleAccessor.invoke(DirectMethodHandleAccessor.java:103)
	at java.base/java.lang.reflect.Method.invoke(Method.java:580)
	at org.springframework.boot.devtools.restart.RestartLauncher.run(RestartLauncher.java:50)
Caused by: org.springframework.beans.factory.BeanCreationException: Error creating bean with name 'appointmentService' defined in file [H:\2026\lesson-appointment\api\target\classes\com\reservation\service\AppointmentService.class]: Failed to instantiate [com.reservation.service.AppointmentService]: Constructor threw exception
	at org.springframework.beans.factory.support.AbstractAutowireCapableBeanFactory.instantiateBean(AbstractAutowireCapableBeanFactory.java:1337)
	at org.springframework.beans.factory.support.AbstractAutowireCapableBeanFactory.createBeanInstance(AbstractAutowireCapableBeanFactory.java:1222)
	at org.springframework.beans.factory.support.AbstractAutowireCapableBeanFactory.doCreateBean(AbstractAutowireCapableBeanFactory.java:562)
	at org.springframework.beans.factory.support.AbstractAutowireCapableBeanFactory.createBean(AbstractAutowireCapableBeanFactory.java:522)
	at org.springframework.beans.factory.support.AbstractBeanFactory.lambda$doGetBean$0(AbstractBeanFactory.java:337)
	at org.springframework.beans.factory.support.DefaultSingletonBeanRegistry.getSingleton(DefaultSingletonBeanRegistry.java:234)
	at org.springframework.beans.factory.support.AbstractBeanFactory.doGetBean(AbstractBeanFactory.java:335)
	at org.springframework.beans.factory.support.AbstractBeanFactory.getBean(AbstractBeanFactory.java:200)
	at org.springframework.beans.factory.config.DependencyDescriptor.resolveCandidate(DependencyDescriptor.java:254)
	at org.springframework.beans.factory.support.DefaultListableBeanFactory.doResolveDependency(DefaultListableBeanFactory.java:1443)
	at org.springframework.beans.factory.support.DefaultListableBeanFactory.resolveDependency(DefaultListableBeanFactory.java:1353)
	at org.springframework.beans.factory.annotation.AutowiredAnnotationBeanPostProcessor$AutowiredFieldElement.resolveFieldValue(AutowiredAnnotationBeanPostProcessor.java:785)
	... 23 common frames omitted
Caused by: org.springframework.beans.BeanInstantiationException: Failed to instantiate [com.reservation.service.AppointmentService]: Constructor threw exception
	at org.springframework.beans.BeanUtils.instantiateClass(BeanUtils.java:221)
	at org.springframework.beans.factory.support.SimpleInstantiationStrategy.instantiate(SimpleInstantiationStrategy.java:94)
	at org.springframework.beans.factory.support.AbstractAutowireCapableBeanFactory.instantiateBean(AbstractAutowireCapableBeanFactory.java:1331)
	... 34 common frames omitted
Caused by: java.lang.Error: Unresolved compilation problems: 
	The import jakarta.annotation cannot be resolved
	Resource cannot be resolved to a type

	at com.reservation.service.AppointmentService.<init>(AppointmentService.java:19)
	at java.base/jdk.internal.reflect.DirectConstructorHandleAccessor.newInstance(DirectConstructorHandleAccessor.java:62)
	at java.base/java.lang.reflect.Constructor.newInstanceWithCaller(Constructor.java:502)
	at java.base/java.lang.reflect.Constructor.newInstance(Constructor.java:486)
	at org.springframework.beans.BeanUtils.instantiateClass(BeanUtils.java:195)
	... 36 common frames omitted
2026-08-26T22:12:58.557+08:00 INFO  c.r.SpringBootMergeApplication : Starting SpringBootMergeApplication using Java 21.0.8 with PID 18980 (H:\2026\lesson-appointment\api\target\classes started by Administrator in H:\2026\lesson-appointment\api)
2026-08-26T22:12:58.689+08:00 INFO  c.r.SpringBootMergeApplication : No active profile set, falling back to 1 default profile: "default"
2026-08-26T22:13:00.952+08:00 INFO  o.s.b.w.e.tomcat.TomcatWebServer : Tomcat initialized with port 8081 (http)
2026-08-26T22:13:01.116+08:00 INFO  o.a.coyote.http11.Http11NioProtocol : Initializing ProtocolHandler ["http-nio-8081"]
2026-08-26T22:13:01.257+08:00 INFO  o.a.catalina.core.StandardService : Starting service [Tomcat]
2026-08-26T22:13:01.511+08:00 INFO  o.a.catalina.core.StandardEngine : Starting Servlet engine: [Apache Tomcat/10.1.31]
2026-08-26T22:13:01.892+08:00 INFO  o.a.c.c.C.[.[localhost].[/] : Initializing Spring embedded WebApplicationContext
2026-08-26T22:13:02.110+08:00 INFO  o.s.b.w.s.c.ServletWebServerApplicationContext : Root WebApplicationContext: initialization completed in 3266 ms
2026-08-26T22:13:02.760+08:00 WARN  c.b.m.core.injector.methods.Insert : [com.reservation.mapper.AuditLogMapper.insert] Has been loaded by XML or SqlProvider or Mybatis's Annotation, so ignoring this injection for [class com.baomidou.mybatisplus.core.injector.methods.Insert]
2026-08-26T22:13:04.595+08:00 WARN  c.b.m.c.injector.methods.SelectList : [com.reservation.mapper.BookingMapper.selectList] Has been loaded by XML or SqlProvider or Mybatis's Annotation, so ignoring this injection for [class com.baomidou.mybatisplus.core.injector.methods.SelectList]
2026-08-26T22:13:05.300+08:00 WARN  c.b.m.c.injector.methods.SelectById : [com.reservation.mapper.BookingMapper.selectById] Has been loaded by XML or SqlProvider or Mybatis's Annotation, so ignoring this injection for [class com.baomidou.mybatisplus.core.injector.methods.SelectById]
2026-08-26T22:13:05.573+08:00 WARN  c.b.m.core.injector.methods.Update : [com.reservation.mapper.CourseScheduleMapper.update] Has been loaded by XML or SqlProvider or Mybatis's Annotation, so ignoring this injection for [class com.baomidou.mybatisplus.core.injector.methods.Update]
2026-08-26T22:13:07.325+08:00 WARN  o.s.b.w.s.c.AnnotationConfigServletWebServerApplicationContext : Exception encountered during context initialization - cancelling refresh attempt: org.springframework.beans.factory.UnsatisfiedDependencyException: Error creating bean with name 'appointmentController': Unsatisfied dependency expressed through field 'appointmentService': Error creating bean with name 'appointmentService' defined in file [H:\2026\lesson-appointment\api\target\classes\com\reservation\service\AppointmentService.class]: Failed to instantiate [com.reservation.service.AppointmentService]: Constructor threw exception
2026-08-26T22:13:07.531+08:00 INFO  o.a.catalina.core.StandardService : Stopping service [Tomcat]
2026-08-26T22:13:07.776+08:00 INFO  o.s.b.a.l.ConditionEvaluationReportLogger : 

Error starting ApplicationContext. To display the condition evaluation report re-run your application with 'debug' enabled.
2026-08-26T22:13:08.009+08:00 ERROR o.s.boot.SpringApplication : Application run failed
org.springframework.beans.factory.UnsatisfiedDependencyException: Error creating bean with name 'appointmentController': Unsatisfied dependency expressed through field 'appointmentService': Error creating bean with name 'appointmentService' defined in file [H:\2026\lesson-appointment\api\target\classes\com\reservation\service\AppointmentService.class]: Failed to instantiate [com.reservation.service.AppointmentService]: Constructor threw exception
	at org.springframework.beans.factory.annotation.AutowiredAnnotationBeanPostProcessor$AutowiredFieldElement.resolveFieldValue(AutowiredAnnotationBeanPostProcessor.java:788)
	at org.springframework.beans.factory.annotation.AutowiredAnnotationBeanPostProcessor$AutowiredFieldElement.inject(AutowiredAnnotationBeanPostProcessor.java:768)
	at org.springframework.beans.factory.annotation.InjectionMetadata.inject(InjectionMetadata.java:145)
	at org.springframework.beans.factory.annotation.AutowiredAnnotationBeanPostProcessor.postProcessProperties(AutowiredAnnotationBeanPostProcessor.java:509)
	at org.springframework.beans.factory.support.AbstractAutowireCapableBeanFactory.populateBean(AbstractAutowireCapableBeanFactory.java:1439)
	at org.springframework.beans.factory.support.AbstractAutowireCapableBeanFactory.doCreateBean(AbstractAutowireCapableBeanFactory.java:599)
	at org.springframework.beans.factory.support.AbstractAutowireCapableBeanFactory.createBean(AbstractAutowireCapableBeanFactory.java:522)
	at org.springframework.beans.factory.support.AbstractBeanFactory.lambda$doGetBean$0(AbstractBeanFactory.java:337)
	at org.springframework.beans.factory.support.DefaultSingletonBeanRegistry.getSingleton(DefaultSingletonBeanRegistry.java:234)
	at org.springframework.beans.factory.support.AbstractBeanFactory.doGetBean(AbstractBeanFactory.java:335)
	at org.springframework.beans.factory.support.AbstractBeanFactory.getBean(AbstractBeanFactory.java:200)
	at org.springframework.beans.factory.support.DefaultListableBeanFactory.preInstantiateSingletons(DefaultListableBeanFactory.java:975)
	at org.springframework.context.support.AbstractApplicationContext.finishBeanFactoryInitialization(AbstractApplicationContext.java:971)
	at org.springframework.context.support.AbstractApplicationContext.refresh(AbstractApplicationContext.java:625)
	at org.springframework.boot.web.servlet.context.ServletWebServerApplicationContext.refresh(ServletWebServerApplicationContext.java:146)
	at org.springframework.boot.SpringApplication.refresh(SpringApplication.java:754)
	at org.springframework.boot.SpringApplication.refreshContext(SpringApplication.java:456)
	at org.springframework.boot.SpringApplication.run(SpringApplication.java:335)
	at org.springframework.boot.SpringApplication.run(SpringApplication.java:1363)
	at org.springframework.boot.SpringApplication.run(SpringApplication.java:1352)
	at com.reservation.SpringBootMergeApplication.main(SpringBootMergeApplication.java:21)
	at java.base/jdk.internal.reflect.DirectMethodHandleAccessor.invoke(DirectMethodHandleAccessor.java:103)
	at java.base/java.lang.reflect.Method.invoke(Method.java:580)
	at org.springframework.boot.devtools.restart.RestartLauncher.run(RestartLauncher.java:50)
Caused by: org.springframework.beans.factory.BeanCreationException: Error creating bean with name 'appointmentService' defined in file [H:\2026\lesson-appointment\api\target\classes\com\reservation\service\AppointmentService.class]: Failed to instantiate [com.reservation.service.AppointmentService]: Constructor threw exception
	at org.springframework.beans.factory.support.AbstractAutowireCapableBeanFactory.instantiateBean(AbstractAutowireCapableBeanFactory.java:1337)
	at org.springframework.beans.factory.support.AbstractAutowireCapableBeanFactory.createBeanInstance(AbstractAutowireCapableBeanFactory.java:1222)
	at org.springframework.beans.factory.support.AbstractAutowireCapableBeanFactory.doCreateBean(AbstractAutowireCapableBeanFactory.java:562)
	at org.springframework.beans.factory.support.AbstractAutowireCapableBeanFactory.createBean(AbstractAutowireCapableBeanFactory.java:522)
	at org.springframework.beans.factory.support.AbstractBeanFactory.lambda$doGetBean$0(AbstractBeanFactory.java:337)
	at org.springframework.beans.factory.support.DefaultSingletonBeanRegistry.getSingleton(DefaultSingletonBeanRegistry.java:234)
	at org.springframework.beans.factory.support.AbstractBeanFactory.doGetBean(AbstractBeanFactory.java:335)
	at org.springframework.beans.factory.support.AbstractBeanFactory.getBean(AbstractBeanFactory.java:200)
	at org.springframework.beans.factory.config.DependencyDescriptor.resolveCandidate(DependencyDescriptor.java:254)
	at org.springframework.beans.factory.support.DefaultListableBeanFactory.doResolveDependency(DefaultListableBeanFactory.java:1443)
	at org.springframework.beans.factory.support.DefaultListableBeanFactory.resolveDependency(DefaultListableBeanFactory.java:1353)
	at org.springframework.beans.factory.annotation.AutowiredAnnotationBeanPostProcessor$AutowiredFieldElement.resolveFieldValue(AutowiredAnnotationBeanPostProcessor.java:785)
	... 23 common frames omitted
Caused by: org.springframework.beans.BeanInstantiationException: Failed to instantiate [com.reservation.service.AppointmentService]: Constructor threw exception
	at org.springframework.beans.BeanUtils.instantiateClass(BeanUtils.java:221)
	at org.springframework.beans.factory.support.SimpleInstantiationStrategy.instantiate(SimpleInstantiationStrategy.java:94)
	at org.springframework.beans.factory.support.AbstractAutowireCapableBeanFactory.instantiateBean(AbstractAutowireCapableBeanFactory.java:1331)
	... 34 common frames omitted
Caused by: java.lang.Error: Unresolved compilation problems: 
	The import jakarta.annotation cannot be resolved
	Resource cannot be resolved to a type
	nodata cannot be resolved to a variable
	Syntax error on token "Invalid Character", ; expected

	at com.reservation.service.AppointmentService.<init>(AppointmentService.java:19)
	at java.base/jdk.internal.reflect.DirectConstructorHandleAccessor.newInstance(DirectConstructorHandleAccessor.java:62)
	at java.base/java.lang.reflect.Constructor.newInstanceWithCaller(Constructor.java:502)
	at java.base/java.lang.reflect.Constructor.newInstance(Constructor.java:486)
	at org.springframework.beans.BeanUtils.instantiateClass(BeanUtils.java:195)
	... 36 common frames omitted
2026-08-26T22:13:22.873+08:00 INFO  c.r.SpringBootMergeApplication : Starting SpringBootMergeApplication using Java 21.0.8 with PID 18980 (H:\2026\lesson-appointment\api\target\classes started by Administrator in H:\2026\lesson-appointment\api)
2026-08-26T22:13:23.113+08:00 INFO  c.r.SpringBootMergeApplication : No active profile set, falling back to 1 default profile: "default"
2026-08-26T22:13:25.435+08:00 INFO  o.s.b.w.e.tomcat.TomcatWebServer : Tomcat initialized with port 8081 (http)
2026-08-26T22:13:25.510+08:00 INFO  o.a.coyote.http11.Http11NioProtocol : Initializing ProtocolHandler ["http-nio-8081"]
2026-08-26T22:13:25.534+08:00 INFO  o.a.catalina.core.StandardService : Starting service [Tomcat]
2026-08-26T22:13:25.546+08:00 INFO  o.a.catalina.core.StandardEngine : Starting Servlet engine: [Apache Tomcat/10.1.31]
2026-08-26T22:13:25.619+08:00 INFO  o.a.c.c.C.[.[localhost].[/] : Initializing Spring embedded WebApplicationContext
2026-08-26T22:13:25.630+08:00 INFO  o.s.b.w.s.c.ServletWebServerApplicationContext : Root WebApplicationContext: initialization completed in 2395 ms
2026-08-26T22:13:25.750+08:00 WARN  c.b.m.core.injector.methods.Insert : [com.reservation.mapper.AuditLogMapper.insert] Has been loaded by XML or SqlProvider or Mybatis's Annotation, so ignoring this injection for [class com.baomidou.mybatisplus.core.injector.methods.Insert]
2026-08-26T22:13:25.834+08:00 WARN  c.b.m.c.injector.methods.SelectList : [com.reservation.mapper.BookingMapper.selectList] Has been loaded by XML or SqlProvider or Mybatis's Annotation, so ignoring this injection for [class com.baomidou.mybatisplus.core.injector.methods.SelectList]
2026-08-26T22:13:25.844+08:00 WARN  c.b.m.c.injector.methods.SelectById : [com.reservation.mapper.BookingMapper.selectById] Has been loaded by XML or SqlProvider or Mybatis's Annotation, so ignoring this injection for [class com.baomidou.mybatisplus.core.injector.methods.SelectById]
2026-08-26T22:13:25.988+08:00 WARN  c.b.m.core.injector.methods.Update : [com.reservation.mapper.CourseScheduleMapper.update] Has been loaded by XML or SqlProvider or Mybatis's Annotation, so ignoring this injection for [class com.baomidou.mybatisplus.core.injector.methods.Update]
2026-08-26T22:13:26.876+08:00 WARN  o.s.b.w.s.c.AnnotationConfigServletWebServerApplicationContext : Exception encountered during context initialization - cancelling refresh attempt: org.springframework.beans.factory.UnsatisfiedDependencyException: Error creating bean with name 'appointmentController': Unsatisfied dependency expressed through field 'appointmentService': Error creating bean with name 'appointmentService' defined in file [H:\2026\lesson-appointment\api\target\classes\com\reservation\service\AppointmentService.class]: Failed to instantiate [com.reservation.service.AppointmentService]: Constructor threw exception
2026-08-26T22:13:27.001+08:00 INFO  o.a.catalina.core.StandardService : Stopping service [Tomcat]
2026-08-26T22:13:27.073+08:00 INFO  o.s.b.a.l.ConditionEvaluationReportLogger : 

Error starting ApplicationContext. To display the condition evaluation report re-run your application with 'debug' enabled.
2026-08-26T22:13:27.088+08:00 ERROR o.s.boot.SpringApplication : Application run failed
org.springframework.beans.factory.UnsatisfiedDependencyException: Error creating bean with name 'appointmentController': Unsatisfied dependency expressed through field 'appointmentService': Error creating bean with name 'appointmentService' defined in file [H:\2026\lesson-appointment\api\target\classes\com\reservation\service\AppointmentService.class]: Failed to instantiate [com.reservation.service.AppointmentService]: Constructor threw exception
	at org.springframework.beans.factory.annotation.AutowiredAnnotationBeanPostProcessor$AutowiredFieldElement.resolveFieldValue(AutowiredAnnotationBeanPostProcessor.java:788)
	at org.springframework.beans.factory.annotation.AutowiredAnnotationBeanPostProcessor$AutowiredFieldElement.inject(AutowiredAnnotationBeanPostProcessor.java:768)
	at org.springframework.beans.factory.annotation.InjectionMetadata.inject(InjectionMetadata.java:145)
	at org.springframework.beans.factory.annotation.AutowiredAnnotationBeanPostProcessor.postProcessProperties(AutowiredAnnotationBeanPostProcessor.java:509)
	at org.springframework.beans.factory.support.AbstractAutowireCapableBeanFactory.populateBean(AbstractAutowireCapableBeanFactory.java:1439)
	at org.springframework.beans.factory.support.AbstractAutowireCapableBeanFactory.doCreateBean(AbstractAutowireCapableBeanFactory.java:599)
	at org.springframework.beans.factory.support.AbstractAutowireCapableBeanFactory.createBean(AbstractAutowireCapableBeanFactory.java:522)
	at org.springframework.beans.factory.support.AbstractBeanFactory.lambda$doGetBean$0(AbstractBeanFactory.java:337)
	at org.springframework.beans.factory.support.DefaultSingletonBeanRegistry.getSingleton(DefaultSingletonBeanRegistry.java:234)
	at org.springframework.beans.factory.support.AbstractBeanFactory.doGetBean(AbstractBeanFactory.java:335)
	at org.springframework.beans.factory.support.AbstractBeanFactory.getBean(AbstractBeanFactory.java:200)
	at org.springframework.beans.factory.support.DefaultListableBeanFactory.preInstantiateSingletons(DefaultListableBeanFactory.java:975)
	at org.springframework.context.support.AbstractApplicationContext.finishBeanFactoryInitialization(AbstractApplicationContext.java:971)
	at org.springframework.context.support.AbstractApplicationContext.refresh(AbstractApplicationContext.java:625)
	at org.springframework.boot.web.servlet.context.ServletWebServerApplicationContext.refresh(ServletWebServerApplicationContext.java:146)
	at org.springframework.boot.SpringApplication.refresh(SpringApplication.java:754)
	at org.springframework.boot.SpringApplication.refreshContext(SpringApplication.java:456)
	at org.springframework.boot.SpringApplication.run(SpringApplication.java:335)
	at org.springframework.boot.SpringApplication.run(SpringApplication.java:1363)
	at org.springframework.boot.SpringApplication.run(SpringApplication.java:1352)
	at com.reservation.SpringBootMergeApplication.main(SpringBootMergeApplication.java:21)
	at java.base/jdk.internal.reflect.DirectMethodHandleAccessor.invoke(DirectMethodHandleAccessor.java:103)
	at java.base/java.lang.reflect.Method.invoke(Method.java:580)
	at org.springframework.boot.devtools.restart.RestartLauncher.run(RestartLauncher.java:50)
Caused by: org.springframework.beans.factory.BeanCreationException: Error creating bean with name 'appointmentService' defined in file [H:\2026\lesson-appointment\api\target\classes\com\reservation\service\AppointmentService.class]: Failed to instantiate [com.reservation.service.AppointmentService]: Constructor threw exception
	at org.springframework.beans.factory.support.AbstractAutowireCapableBeanFactory.instantiateBean(AbstractAutowireCapableBeanFactory.java:1337)
	at org.springframework.beans.factory.support.AbstractAutowireCapableBeanFactory.createBeanInstance(AbstractAutowireCapableBeanFactory.java:1222)
	at org.springframework.beans.factory.support.AbstractAutowireCapableBeanFactory.doCreateBean(AbstractAutowireCapableBeanFactory.java:562)
	at org.springframework.beans.factory.support.AbstractAutowireCapableBeanFactory.createBean(AbstractAutowireCapableBeanFactory.java:522)
	at org.springframework.beans.factory.support.AbstractBeanFactory.lambda$doGetBean$0(AbstractBeanFactory.java:337)
	at org.springframework.beans.factory.support.DefaultSingletonBeanRegistry.getSingleton(DefaultSingletonBeanRegistry.java:234)
	at org.springframework.beans.factory.support.AbstractBeanFactory.doGetBean(AbstractBeanFactory.java:335)
	at org.springframework.beans.factory.support.AbstractBeanFactory.getBean(AbstractBeanFactory.java:200)
	at org.springframework.beans.factory.config.DependencyDescriptor.resolveCandidate(DependencyDescriptor.java:254)
	at org.springframework.beans.factory.support.DefaultListableBeanFactory.doResolveDependency(DefaultListableBeanFactory.java:1443)
	at org.springframework.beans.factory.support.DefaultListableBeanFactory.resolveDependency(DefaultListableBeanFactory.java:1353)
	at org.springframework.beans.factory.annotation.AutowiredAnnotationBeanPostProcessor$AutowiredFieldElement.resolveFieldValue(AutowiredAnnotationBeanPostProcessor.java:785)
	... 23 common frames omitted
Caused by: org.springframework.beans.BeanInstantiationException: Failed to instantiate [com.reservation.service.AppointmentService]: Constructor threw exception
	at org.springframework.beans.BeanUtils.instantiateClass(BeanUtils.java:221)
	at org.springframework.beans.factory.support.SimpleInstantiationStrategy.instantiate(SimpleInstantiationStrategy.java:94)
	at org.springframework.beans.factory.support.AbstractAutowireCapableBeanFactory.instantiateBean(AbstractAutowireCapableBeanFactory.java:1331)
	... 34 common frames omitted
Caused by: java.lang.Error: Unresolved compilation problems: 
	The import jakarta.annotation cannot be resolved
	Resource cannot be resolved to a type
	nodata cannot be resolved to a variable

	at com.reservation.service.AppointmentService.<init>(AppointmentService.java:19)
	at java.base/jdk.internal.reflect.DirectConstructorHandleAccessor.newInstance(DirectConstructorHandleAccessor.java:62)
	at java.base/java.lang.reflect.Constructor.newInstanceWithCaller(Constructor.java:502)
	at java.base/java.lang.reflect.Constructor.newInstance(Constructor.java:486)
	at org.springframework.beans.BeanUtils.instantiateClass(BeanUtils.java:195)
	... 36 common frames omitted
2026-08-26T22:13:40.593+08:00 INFO  c.r.SpringBootMergeApplication : Starting SpringBootMergeApplication using Java 21.0.8 with PID 18980 (H:\2026\lesson-appointment\api\target\classes started by Administrator in H:\2026\lesson-appointment\api)
2026-08-26T22:13:40.784+08:00 INFO  c.r.SpringBootMergeApplication : No active profile set, falling back to 1 default profile: "default"
2026-08-26T22:13:43.929+08:00 INFO  o.s.b.w.e.tomcat.TomcatWebServer : Tomcat initialized with port 8081 (http)
2026-08-26T22:13:44.008+08:00 INFO  o.a.coyote.http11.Http11NioProtocol : Initializing ProtocolHandler ["http-nio-8081"]
2026-08-26T22:13:44.144+08:00 INFO  o.a.catalina.core.StandardService : Starting service [Tomcat]
2026-08-26T22:13:44.247+08:00 INFO  o.a.catalina.core.StandardEngine : Starting Servlet engine: [Apache Tomcat/10.1.31]
2026-08-26T22:13:44.424+08:00 INFO  o.a.c.c.C.[.[localhost].[/] : Initializing Spring embedded WebApplicationContext
2026-08-26T22:13:44.623+08:00 INFO  o.s.b.w.s.c.ServletWebServerApplicationContext : Root WebApplicationContext: initialization completed in 3663 ms
2026-08-26T22:13:44.964+08:00 WARN  c.b.m.core.injector.methods.Insert : [com.reservation.mapper.AuditLogMapper.insert] Has been loaded by XML or SqlProvider or Mybatis's Annotation, so ignoring this injection for [class com.baomidou.mybatisplus.core.injector.methods.Insert]
2026-08-26T22:13:46.029+08:00 WARN  c.b.m.c.injector.methods.SelectList : [com.reservation.mapper.BookingMapper.selectList] Has been loaded by XML or SqlProvider or Mybatis's Annotation, so ignoring this injection for [class com.baomidou.mybatisplus.core.injector.methods.SelectList]
2026-08-26T22:13:46.284+08:00 WARN  c.b.m.c.injector.methods.SelectById : [com.reservation.mapper.BookingMapper.selectById] Has been loaded by XML or SqlProvider or Mybatis's Annotation, so ignoring this injection for [class com.baomidou.mybatisplus.core.injector.methods.SelectById]
2026-08-26T22:13:46.503+08:00 WARN  c.b.m.core.injector.methods.Update : [com.reservation.mapper.CourseScheduleMapper.update] Has been loaded by XML or SqlProvider or Mybatis's Annotation, so ignoring this injection for [class com.baomidou.mybatisplus.core.injector.methods.Update]
2026-08-26T22:13:47.360+08:00 WARN  o.s.b.w.s.c.AnnotationConfigServletWebServerApplicationContext : Exception encountered during context initialization - cancelling refresh attempt: org.springframework.beans.factory.UnsatisfiedDependencyException: Error creating bean with name 'appointmentController': Unsatisfied dependency expressed through field 'appointmentService': Error creating bean with name 'appointmentService' defined in file [H:\2026\lesson-appointment\api\target\classes\com\reservation\service\AppointmentService.class]: Failed to instantiate [com.reservation.service.AppointmentService]: Constructor threw exception
2026-08-26T22:13:47.616+08:00 INFO  o.a.catalina.core.StandardService : Stopping service [Tomcat]
2026-08-26T22:13:47.867+08:00 INFO  o.s.b.a.l.ConditionEvaluationReportLogger : 

Error starting ApplicationContext. To display the condition evaluation report re-run your application with 'debug' enabled.
2026-08-26T22:13:48.051+08:00 ERROR o.s.boot.SpringApplication : Application run failed
org.springframework.beans.factory.UnsatisfiedDependencyException: Error creating bean with name 'appointmentController': Unsatisfied dependency expressed through field 'appointmentService': Error creating bean with name 'appointmentService' defined in file [H:\2026\lesson-appointment\api\target\classes\com\reservation\service\AppointmentService.class]: Failed to instantiate [com.reservation.service.AppointmentService]: Constructor threw exception
	at org.springframework.beans.factory.annotation.AutowiredAnnotationBeanPostProcessor$AutowiredFieldElement.resolveFieldValue(AutowiredAnnotationBeanPostProcessor.java:788)
	at org.springframework.beans.factory.annotation.AutowiredAnnotationBeanPostProcessor$AutowiredFieldElement.inject(AutowiredAnnotationBeanPostProcessor.java:768)
	at org.springframework.beans.factory.annotation.InjectionMetadata.inject(InjectionMetadata.java:145)
	at org.springframework.beans.factory.annotation.AutowiredAnnotationBeanPostProcessor.postProcessProperties(AutowiredAnnotationBeanPostProcessor.java:509)
	at org.springframework.beans.factory.support.AbstractAutowireCapableBeanFactory.populateBean(AbstractAutowireCapableBeanFactory.java:1439)
	at org.springframework.beans.factory.support.AbstractAutowireCapableBeanFactory.doCreateBean(AbstractAutowireCapableBeanFactory.java:599)
	at org.springframework.beans.factory.support.AbstractAutowireCapableBeanFactory.createBean(AbstractAutowireCapableBeanFactory.java:522)
	at org.springframework.beans.factory.support.AbstractBeanFactory.lambda$doGetBean$0(AbstractBeanFactory.java:337)
	at org.springframework.beans.factory.support.DefaultSingletonBeanRegistry.getSingleton(DefaultSingletonBeanRegistry.java:234)
	at org.springframework.beans.factory.support.AbstractBeanFactory.doGetBean(AbstractBeanFactory.java:335)
	at org.springframework.beans.factory.support.AbstractBeanFactory.getBean(AbstractBeanFactory.java:200)
	at org.springframework.beans.factory.support.DefaultListableBeanFactory.preInstantiateSingletons(DefaultListableBeanFactory.java:975)
	at org.springframework.context.support.AbstractApplicationContext.finishBeanFactoryInitialization(AbstractApplicationContext.java:971)
	at org.springframework.context.support.AbstractApplicationContext.refresh(AbstractApplicationContext.java:625)
	at org.springframework.boot.web.servlet.context.ServletWebServerApplicationContext.refresh(ServletWebServerApplicationContext.java:146)
	at org.springframework.boot.SpringApplication.refresh(SpringApplication.java:754)
	at org.springframework.boot.SpringApplication.refreshContext(SpringApplication.java:456)
	at org.springframework.boot.SpringApplication.run(SpringApplication.java:335)
	at org.springframework.boot.SpringApplication.run(SpringApplication.java:1363)
	at org.springframework.boot.SpringApplication.run(SpringApplication.java:1352)
	at com.reservation.SpringBootMergeApplication.main(SpringBootMergeApplication.java:21)
	at java.base/jdk.internal.reflect.DirectMethodHandleAccessor.invoke(DirectMethodHandleAccessor.java:103)
	at java.base/java.lang.reflect.Method.invoke(Method.java:580)
	at org.springframework.boot.devtools.restart.RestartLauncher.run(RestartLauncher.java:50)
Caused by: org.springframework.beans.factory.BeanCreationException: Error creating bean with name 'appointmentService' defined in file [H:\2026\lesson-appointment\api\target\classes\com\reservation\service\AppointmentService.class]: Failed to instantiate [com.reservation.service.AppointmentService]: Constructor threw exception
	at org.springframework.beans.factory.support.AbstractAutowireCapableBeanFactory.instantiateBean(AbstractAutowireCapableBeanFactory.java:1337)
	at org.springframework.beans.factory.support.AbstractAutowireCapableBeanFactory.createBeanInstance(AbstractAutowireCapableBeanFactory.java:1222)
	at org.springframework.beans.factory.support.AbstractAutowireCapableBeanFactory.doCreateBean(AbstractAutowireCapableBeanFactory.java:562)
	at org.springframework.beans.factory.support.AbstractAutowireCapableBeanFactory.createBean(AbstractAutowireCapableBeanFactory.java:522)
	at org.springframework.beans.factory.support.AbstractBeanFactory.lambda$doGetBean$0(AbstractBeanFactory.java:337)
	at org.springframework.beans.factory.support.DefaultSingletonBeanRegistry.getSingleton(DefaultSingletonBeanRegistry.java:234)
	at org.springframework.beans.factory.support.AbstractBeanFactory.doGetBean(AbstractBeanFactory.java:335)
	at org.springframework.beans.factory.support.AbstractBeanFactory.getBean(AbstractBeanFactory.java:200)
	at org.springframework.beans.factory.config.DependencyDescriptor.resolveCandidate(DependencyDescriptor.java:254)
	at org.springframework.beans.factory.support.DefaultListableBeanFactory.doResolveDependency(DefaultListableBeanFactory.java:1443)
	at org.springframework.beans.factory.support.DefaultListableBeanFactory.resolveDependency(DefaultListableBeanFactory.java:1353)
	at org.springframework.beans.factory.annotation.AutowiredAnnotationBeanPostProcessor$AutowiredFieldElement.resolveFieldValue(AutowiredAnnotationBeanPostProcessor.java:785)
	... 23 common frames omitted
Caused by: org.springframework.beans.BeanInstantiationException: Failed to instantiate [com.reservation.service.AppointmentService]: Constructor threw exception
	at org.springframework.beans.BeanUtils.instantiateClass(BeanUtils.java:221)
	at org.springframework.beans.factory.support.SimpleInstantiationStrategy.instantiate(SimpleInstantiationStrategy.java:94)
	at org.springframework.beans.factory.support.AbstractAutowireCapableBeanFactory.instantiateBean(AbstractAutowireCapableBeanFactory.java:1331)
	... 34 common frames omitted
Caused by: java.lang.Error: Unresolved compilation problems: 
	The import jakarta.annotation cannot be resolved
	Resource cannot be resolved to a type
	Syntax error, insert "VariableDeclarators" to complete LocalVariableDeclaration
	Syntax error, insert ";" to complete LocalVariableDeclarationStatement
	boo cannot be resolved
	nodata cannot be resolved to a variable

	at com.reservation.service.AppointmentService.<init>(AppointmentService.java:19)
	at java.base/jdk.internal.reflect.DirectConstructorHandleAccessor.newInstance(DirectConstructorHandleAccessor.java:62)
	at java.base/java.lang.reflect.Constructor.newInstanceWithCaller(Constructor.java:502)
	at java.base/java.lang.reflect.Constructor.newInstance(Constructor.java:486)
	at org.springframework.beans.BeanUtils.instantiateClass(BeanUtils.java:195)
	... 36 common frames omitted
2026-08-26T22:13:51.577+08:00 INFO  c.r.SpringBootMergeApplication : Starting SpringBootMergeApplication using Java 21.0.8 with PID 18980 (H:\2026\lesson-appointment\api\target\classes started by Administrator in H:\2026\lesson-appointment\api)
2026-08-26T22:13:51.617+08:00 INFO  c.r.SpringBootMergeApplication : No active profile set, falling back to 1 default profile: "default"
2026-08-26T22:13:53.285+08:00 INFO  o.s.b.w.e.tomcat.TomcatWebServer : Tomcat initialized with port 8081 (http)
2026-08-26T22:13:53.286+08:00 INFO  o.a.coyote.http11.Http11NioProtocol : Initializing ProtocolHandler ["http-nio-8081"]
2026-08-26T22:13:53.287+08:00 INFO  o.a.catalina.core.StandardService : Starting service [Tomcat]
2026-08-26T22:13:53.287+08:00 INFO  o.a.catalina.core.StandardEngine : Starting Servlet engine: [Apache Tomcat/10.1.31]
2026-08-26T22:13:53.306+08:00 INFO  o.a.c.c.C.[.[localhost].[/] : Initializing Spring embedded WebApplicationContext
2026-08-26T22:13:53.309+08:00 INFO  o.s.b.w.s.c.ServletWebServerApplicationContext : Root WebApplicationContext: initialization completed in 1664 ms
2026-08-26T22:13:53.443+08:00 WARN  c.b.m.core.injector.methods.Insert : [com.reservation.mapper.AuditLogMapper.insert] Has been loaded by XML or SqlProvider or Mybatis's Annotation, so ignoring this injection for [class com.baomidou.mybatisplus.core.injector.methods.Insert]
2026-08-26T22:13:53.495+08:00 WARN  c.b.m.c.injector.methods.SelectList : [com.reservation.mapper.BookingMapper.selectList] Has been loaded by XML or SqlProvider or Mybatis's Annotation, so ignoring this injection for [class com.baomidou.mybatisplus.core.injector.methods.SelectList]
2026-08-26T22:13:53.499+08:00 WARN  c.b.m.c.injector.methods.SelectById : [com.reservation.mapper.BookingMapper.selectById] Has been loaded by XML or SqlProvider or Mybatis's Annotation, so ignoring this injection for [class com.baomidou.mybatisplus.core.injector.methods.SelectById]
2026-08-26T22:13:53.552+08:00 WARN  c.b.m.core.injector.methods.Update : [com.reservation.mapper.CourseScheduleMapper.update] Has been loaded by XML or SqlProvider or Mybatis's Annotation, so ignoring this injection for [class com.baomidou.mybatisplus.core.injector.methods.Update]
2026-08-26T22:13:53.939+08:00 WARN  o.s.b.w.s.c.AnnotationConfigServletWebServerApplicationContext : Exception encountered during context initialization - cancelling refresh attempt: org.springframework.beans.factory.UnsatisfiedDependencyException: Error creating bean with name 'appointmentController': Unsatisfied dependency expressed through field 'appointmentService': Error creating bean with name 'appointmentService' defined in file [H:\2026\lesson-appointment\api\target\classes\com\reservation\service\AppointmentService.class]: Failed to instantiate [com.reservation.service.AppointmentService]: Constructor threw exception
2026-08-26T22:13:53.990+08:00 INFO  o.a.catalina.core.StandardService : Stopping service [Tomcat]
2026-08-26T22:13:54.057+08:00 INFO  o.s.b.a.l.ConditionEvaluationReportLogger : 

Error starting ApplicationContext. To display the condition evaluation report re-run your application with 'debug' enabled.
2026-08-26T22:13:54.145+08:00 ERROR o.s.boot.SpringApplication : Application run failed
org.springframework.beans.factory.UnsatisfiedDependencyException: Error creating bean with name 'appointmentController': Unsatisfied dependency expressed through field 'appointmentService': Error creating bean with name 'appointmentService' defined in file [H:\2026\lesson-appointment\api\target\classes\com\reservation\service\AppointmentService.class]: Failed to instantiate [com.reservation.service.AppointmentService]: Constructor threw exception
	at org.springframework.beans.factory.annotation.AutowiredAnnotationBeanPostProcessor$AutowiredFieldElement.resolveFieldValue(AutowiredAnnotationBeanPostProcessor.java:788)
	at org.springframework.beans.factory.annotation.AutowiredAnnotationBeanPostProcessor$AutowiredFieldElement.inject(AutowiredAnnotationBeanPostProcessor.java:768)
	at org.springframework.beans.factory.annotation.InjectionMetadata.inject(InjectionMetadata.java:145)
	at org.springframework.beans.factory.annotation.AutowiredAnnotationBeanPostProcessor.postProcessProperties(AutowiredAnnotationBeanPostProcessor.java:509)
	at org.springframework.beans.factory.support.AbstractAutowireCapableBeanFactory.populateBean(AbstractAutowireCapableBeanFactory.java:1439)
	at org.springframework.beans.factory.support.AbstractAutowireCapableBeanFactory.doCreateBean(AbstractAutowireCapableBeanFactory.java:599)
	at org.springframework.beans.factory.support.AbstractAutowireCapableBeanFactory.createBean(AbstractAutowireCapableBeanFactory.java:522)
	at org.springframework.beans.factory.support.AbstractBeanFactory.lambda$doGetBean$0(AbstractBeanFactory.java:337)
	at org.springframework.beans.factory.support.DefaultSingletonBeanRegistry.getSingleton(DefaultSingletonBeanRegistry.java:234)
	at org.springframework.beans.factory.support.AbstractBeanFactory.doGetBean(AbstractBeanFactory.java:335)
	at org.springframework.beans.factory.support.AbstractBeanFactory.getBean(AbstractBeanFactory.java:200)
	at org.springframework.beans.factory.support.DefaultListableBeanFactory.preInstantiateSingletons(DefaultListableBeanFactory.java:975)
	at org.springframework.context.support.AbstractApplicationContext.finishBeanFactoryInitialization(AbstractApplicationContext.java:971)
	at org.springframework.context.support.AbstractApplicationContext.refresh(AbstractApplicationContext.java:625)
	at org.springframework.boot.web.servlet.context.ServletWebServerApplicationContext.refresh(ServletWebServerApplicationContext.java:146)
	at org.springframework.boot.SpringApplication.refresh(SpringApplication.java:754)
	at org.springframework.boot.SpringApplication.refreshContext(SpringApplication.java:456)
	at org.springframework.boot.SpringApplication.run(SpringApplication.java:335)
	at org.springframework.boot.SpringApplication.run(SpringApplication.java:1363)
	at org.springframework.boot.SpringApplication.run(SpringApplication.java:1352)
	at com.reservation.SpringBootMergeApplication.main(SpringBootMergeApplication.java:21)
	at java.base/jdk.internal.reflect.DirectMethodHandleAccessor.invoke(DirectMethodHandleAccessor.java:103)
	at java.base/java.lang.reflect.Method.invoke(Method.java:580)
	at org.springframework.boot.devtools.restart.RestartLauncher.run(RestartLauncher.java:50)
Caused by: org.springframework.beans.factory.BeanCreationException: Error creating bean with name 'appointmentService' defined in file [H:\2026\lesson-appointment\api\target\classes\com\reservation\service\AppointmentService.class]: Failed to instantiate [com.reservation.service.AppointmentService]: Constructor threw exception
	at org.springframework.beans.factory.support.AbstractAutowireCapableBeanFactory.instantiateBean(AbstractAutowireCapableBeanFactory.java:1337)
	at org.springframework.beans.factory.support.AbstractAutowireCapableBeanFactory.createBeanInstance(AbstractAutowireCapableBeanFactory.java:1222)
	at org.springframework.beans.factory.support.AbstractAutowireCapableBeanFactory.doCreateBean(AbstractAutowireCapableBeanFactory.java:562)
	at org.springframework.beans.factory.support.AbstractAutowireCapableBeanFactory.createBean(AbstractAutowireCapableBeanFactory.java:522)
	at org.springframework.beans.factory.support.AbstractBeanFactory.lambda$doGetBean$0(AbstractBeanFactory.java:337)
	at org.springframework.beans.factory.support.DefaultSingletonBeanRegistry.getSingleton(DefaultSingletonBeanRegistry.java:234)
	at org.springframework.beans.factory.support.AbstractBeanFactory.doGetBean(AbstractBeanFactory.java:335)
	at org.springframework.beans.factory.support.AbstractBeanFactory.getBean(AbstractBeanFactory.java:200)
	at org.springframework.beans.factory.config.DependencyDescriptor.resolveCandidate(DependencyDescriptor.java:254)
	at org.springframework.beans.factory.support.DefaultListableBeanFactory.doResolveDependency(DefaultListableBeanFactory.java:1443)
	at org.springframework.beans.factory.support.DefaultListableBeanFactory.resolveDependency(DefaultListableBeanFactory.java:1353)
	at org.springframework.beans.factory.annotation.AutowiredAnnotationBeanPostProcessor$AutowiredFieldElement.resolveFieldValue(AutowiredAnnotationBeanPostProcessor.java:785)
	... 23 common frames omitted
Caused by: org.springframework.beans.BeanInstantiationException: Failed to instantiate [com.reservation.service.AppointmentService]: Constructor threw exception
	at org.springframework.beans.BeanUtils.instantiateClass(BeanUtils.java:221)
	at org.springframework.beans.factory.support.SimpleInstantiationStrategy.instantiate(SimpleInstantiationStrategy.java:94)
	at org.springframework.beans.factory.support.AbstractAutowireCapableBeanFactory.instantiateBean(AbstractAutowireCapableBeanFactory.java:1331)
	... 34 common frames omitted
Caused by: java.lang.Error: Unresolved compilation problems: 
	The import jakarta.annotation cannot be resolved
	Resource cannot be resolved to a type
	nodata cannot be resolved to a variable

	at com.reservation.service.AppointmentService.<init>(AppointmentService.java:19)
	at java.base/jdk.internal.reflect.DirectConstructorHandleAccessor.newInstance(DirectConstructorHandleAccessor.java:62)
	at java.base/java.lang.reflect.Constructor.newInstanceWithCaller(Constructor.java:502)
	at java.base/java.lang.reflect.Constructor.newInstance(Constructor.java:486)
	at org.springframework.beans.BeanUtils.instantiateClass(BeanUtils.java:195)
	... 36 common frames omitted
2026-08-26T22:14:38.236+08:00 INFO  c.r.SpringBootMergeApplication : Starting SpringBootMergeApplication using Java 21.0.8 with PID 18980 (H:\2026\lesson-appointment\api\target\classes started by Administrator in H:\2026\lesson-appointment\api)
2026-08-26T22:14:38.417+08:00 INFO  c.r.SpringBootMergeApplication : No active profile set, falling back to 1 default profile: "default"
2026-08-26T22:14:41.961+08:00 INFO  o.s.b.w.e.tomcat.TomcatWebServer : Tomcat initialized with port 8081 (http)
2026-08-26T22:14:42.102+08:00 INFO  o.a.coyote.http11.Http11NioProtocol : Initializing ProtocolHandler ["http-nio-8081"]
2026-08-26T22:14:42.243+08:00 INFO  o.a.catalina.core.StandardService : Starting service [Tomcat]
2026-08-26T22:14:42.343+08:00 INFO  o.a.catalina.core.StandardEngine : Starting Servlet engine: [Apache Tomcat/10.1.31]
2026-08-26T22:14:42.472+08:00 INFO  o.a.c.c.C.[.[localhost].[/] : Initializing Spring embedded WebApplicationContext
2026-08-26T22:14:42.536+08:00 INFO  o.s.b.w.s.c.ServletWebServerApplicationContext : Root WebApplicationContext: initialization completed in 3739 ms
2026-08-26T22:14:42.770+08:00 WARN  c.b.m.core.injector.methods.Insert : [com.reservation.mapper.AuditLogMapper.insert] Has been loaded by XML or SqlProvider or Mybatis's Annotation, so ignoring this injection for [class com.baomidou.mybatisplus.core.injector.methods.Insert]
2026-08-26T22:14:44.657+08:00 WARN  c.b.m.c.injector.methods.SelectList : [com.reservation.mapper.BookingMapper.selectList] Has been loaded by XML or SqlProvider or Mybatis's Annotation, so ignoring this injection for [class com.baomidou.mybatisplus.core.injector.methods.SelectList]
2026-08-26T22:14:44.945+08:00 WARN  c.b.m.c.injector.methods.SelectById : [com.reservation.mapper.BookingMapper.selectById] Has been loaded by XML or SqlProvider or Mybatis's Annotation, so ignoring this injection for [class com.baomidou.mybatisplus.core.injector.methods.SelectById]
2026-08-26T22:14:45.206+08:00 WARN  c.b.m.core.injector.methods.Update : [com.reservation.mapper.CourseScheduleMapper.update] Has been loaded by XML or SqlProvider or Mybatis's Annotation, so ignoring this injection for [class com.baomidou.mybatisplus.core.injector.methods.Update]
2026-08-26T22:14:47.740+08:00 WARN  o.s.b.w.s.c.AnnotationConfigServletWebServerApplicationContext : Exception encountered during context initialization - cancelling refresh attempt: org.springframework.beans.factory.UnsatisfiedDependencyException: Error creating bean with name 'appointmentController': Unsatisfied dependency expressed through field 'appointmentService': Error creating bean with name 'appointmentService' defined in file [H:\2026\lesson-appointment\api\target\classes\com\reservation\service\AppointmentService.class]: Failed to instantiate [com.reservation.service.AppointmentService]: Constructor threw exception
2026-08-26T22:14:47.895+08:00 INFO  o.a.catalina.core.StandardService : Stopping service [Tomcat]
2026-08-26T22:14:48.235+08:00 INFO  o.s.b.a.l.ConditionEvaluationReportLogger : 

Error starting ApplicationContext. To display the condition evaluation report re-run your application with 'debug' enabled.
2026-08-26T22:14:48.470+08:00 ERROR o.s.boot.SpringApplication : Application run failed
org.springframework.beans.factory.UnsatisfiedDependencyException: Error creating bean with name 'appointmentController': Unsatisfied dependency expressed through field 'appointmentService': Error creating bean with name 'appointmentService' defined in file [H:\2026\lesson-appointment\api\target\classes\com\reservation\service\AppointmentService.class]: Failed to instantiate [com.reservation.service.AppointmentService]: Constructor threw exception
	at org.springframework.beans.factory.annotation.AutowiredAnnotationBeanPostProcessor$AutowiredFieldElement.resolveFieldValue(AutowiredAnnotationBeanPostProcessor.java:788)
	at org.springframework.beans.factory.annotation.AutowiredAnnotationBeanPostProcessor$AutowiredFieldElement.inject(AutowiredAnnotationBeanPostProcessor.java:768)
	at org.springframework.beans.factory.annotation.InjectionMetadata.inject(InjectionMetadata.java:145)
	at org.springframework.beans.factory.annotation.AutowiredAnnotationBeanPostProcessor.postProcessProperties(AutowiredAnnotationBeanPostProcessor.java:509)
	at org.springframework.beans.factory.support.AbstractAutowireCapableBeanFactory.populateBean(AbstractAutowireCapableBeanFactory.java:1439)
	at org.springframework.beans.factory.support.AbstractAutowireCapableBeanFactory.doCreateBean(AbstractAutowireCapableBeanFactory.java:599)
	at org.springframework.beans.factory.support.AbstractAutowireCapableBeanFactory.createBean(AbstractAutowireCapableBeanFactory.java:522)
	at org.springframework.beans.factory.support.AbstractBeanFactory.lambda$doGetBean$0(AbstractBeanFactory.java:337)
	at org.springframework.beans.factory.support.DefaultSingletonBeanRegistry.getSingleton(DefaultSingletonBeanRegistry.java:234)
	at org.springframework.beans.factory.support.AbstractBeanFactory.doGetBean(AbstractBeanFactory.java:335)
	at org.springframework.beans.factory.support.AbstractBeanFactory.getBean(AbstractBeanFactory.java:200)
	at org.springframework.beans.factory.support.DefaultListableBeanFactory.preInstantiateSingletons(DefaultListableBeanFactory.java:975)
	at org.springframework.context.support.AbstractApplicationContext.finishBeanFactoryInitialization(AbstractApplicationContext.java:971)
	at org.springframework.context.support.AbstractApplicationContext.refresh(AbstractApplicationContext.java:625)
	at org.springframework.boot.web.servlet.context.ServletWebServerApplicationContext.refresh(ServletWebServerApplicationContext.java:146)
	at org.springframework.boot.SpringApplication.refresh(SpringApplication.java:754)
	at org.springframework.boot.SpringApplication.refreshContext(SpringApplication.java:456)
	at org.springframework.boot.SpringApplication.run(SpringApplication.java:335)
	at org.springframework.boot.SpringApplication.run(SpringApplication.java:1363)
	at org.springframework.boot.SpringApplication.run(SpringApplication.java:1352)
	at com.reservation.SpringBootMergeApplication.main(SpringBootMergeApplication.java:21)
	at java.base/jdk.internal.reflect.DirectMethodHandleAccessor.invoke(DirectMethodHandleAccessor.java:103)
	at java.base/java.lang.reflect.Method.invoke(Method.java:580)
	at org.springframework.boot.devtools.restart.RestartLauncher.run(RestartLauncher.java:50)
Caused by: org.springframework.beans.factory.BeanCreationException: Error creating bean with name 'appointmentService' defined in file [H:\2026\lesson-appointment\api\target\classes\com\reservation\service\AppointmentService.class]: Failed to instantiate [com.reservation.service.AppointmentService]: Constructor threw exception
	at org.springframework.beans.factory.support.AbstractAutowireCapableBeanFactory.instantiateBean(AbstractAutowireCapableBeanFactory.java:1337)
	at org.springframework.beans.factory.support.AbstractAutowireCapableBeanFactory.createBeanInstance(AbstractAutowireCapableBeanFactory.java:1222)
	at org.springframework.beans.factory.support.AbstractAutowireCapableBeanFactory.doCreateBean(AbstractAutowireCapableBeanFactory.java:562)
	at org.springframework.beans.factory.support.AbstractAutowireCapableBeanFactory.createBean(AbstractAutowireCapableBeanFactory.java:522)
	at org.springframework.beans.factory.support.AbstractBeanFactory.lambda$doGetBean$0(AbstractBeanFactory.java:337)
	at org.springframework.beans.factory.support.DefaultSingletonBeanRegistry.getSingleton(DefaultSingletonBeanRegistry.java:234)
	at org.springframework.beans.factory.support.AbstractBeanFactory.doGetBean(AbstractBeanFactory.java:335)
	at org.springframework.beans.factory.support.AbstractBeanFactory.getBean(AbstractBeanFactory.java:200)
	at org.springframework.beans.factory.config.DependencyDescriptor.resolveCandidate(DependencyDescriptor.java:254)
	at org.springframework.beans.factory.support.DefaultListableBeanFactory.doResolveDependency(DefaultListableBeanFactory.java:1443)
	at org.springframework.beans.factory.support.DefaultListableBeanFactory.resolveDependency(DefaultListableBeanFactory.java:1353)
	at org.springframework.beans.factory.annotation.AutowiredAnnotationBeanPostProcessor$AutowiredFieldElement.resolveFieldValue(AutowiredAnnotationBeanPostProcessor.java:785)
	... 23 common frames omitted
Caused by: org.springframework.beans.BeanInstantiationException: Failed to instantiate [com.reservation.service.AppointmentService]: Constructor threw exception
	at org.springframework.beans.BeanUtils.instantiateClass(BeanUtils.java:221)
	at org.springframework.beans.factory.support.SimpleInstantiationStrategy.instantiate(SimpleInstantiationStrategy.java:94)
	at org.springframework.beans.factory.support.AbstractAutowireCapableBeanFactory.instantiateBean(AbstractAutowireCapableBeanFactory.java:1331)
	... 34 common frames omitted
Caused by: java.lang.Error: Unresolved compilation problems: 
	The import jakarta.annotation cannot be resolved
	Resource cannot be resolved to a type
	nodata cannot be resolved to a variable

	at com.reservation.service.AppointmentService.<init>(AppointmentService.java:19)
	at java.base/jdk.internal.reflect.DirectConstructorHandleAccessor.newInstance(DirectConstructorHandleAccessor.java:62)
	at java.base/java.lang.reflect.Constructor.newInstanceWithCaller(Constructor.java:502)
	at java.base/java.lang.reflect.Constructor.newInstance(Constructor.java:486)
	at org.springframework.beans.BeanUtils.instantiateClass(BeanUtils.java:195)
	... 36 common frames omitted
2026-08-26T22:14:54.295+08:00 INFO  c.r.SpringBootMergeApplication : Starting SpringBootMergeApplication using Java 21.0.8 with PID 18980 (H:\2026\lesson-appointment\api\target\classes started by Administrator in H:\2026\lesson-appointment\api)
2026-08-26T22:14:54.451+08:00 INFO  c.r.SpringBootMergeApplication : No active profile set, falling back to 1 default profile: "default"
2026-08-26T22:14:56.517+08:00 INFO  o.s.b.w.e.tomcat.TomcatWebServer : Tomcat initialized with port 8081 (http)
2026-08-26T22:14:56.744+08:00 INFO  o.a.coyote.http11.Http11NioProtocol : Initializing ProtocolHandler ["http-nio-8081"]
2026-08-26T22:14:56.868+08:00 INFO  o.a.catalina.core.StandardService : Starting service [Tomcat]
2026-08-26T22:14:57.027+08:00 INFO  o.a.catalina.core.StandardEngine : Starting Servlet engine: [Apache Tomcat/10.1.31]
2026-08-26T22:14:57.183+08:00 INFO  o.a.c.c.C.[.[localhost].[/] : Initializing Spring embedded WebApplicationContext
2026-08-26T22:14:57.249+08:00 INFO  o.s.b.w.s.c.ServletWebServerApplicationContext : Root WebApplicationContext: initialization completed in 2605 ms
2026-08-26T22:14:57.436+08:00 WARN  c.b.m.core.injector.methods.Insert : [com.reservation.mapper.AuditLogMapper.insert] Has been loaded by XML or SqlProvider or Mybatis's Annotation, so ignoring this injection for [class com.baomidou.mybatisplus.core.injector.methods.Insert]
2026-08-26T22:14:57.517+08:00 WARN  c.b.m.c.injector.methods.SelectList : [com.reservation.mapper.BookingMapper.selectList] Has been loaded by XML or SqlProvider or Mybatis's Annotation, so ignoring this injection for [class com.baomidou.mybatisplus.core.injector.methods.SelectList]
2026-08-26T22:14:57.523+08:00 WARN  c.b.m.c.injector.methods.SelectById : [com.reservation.mapper.BookingMapper.selectById] Has been loaded by XML or SqlProvider or Mybatis's Annotation, so ignoring this injection for [class com.baomidou.mybatisplus.core.injector.methods.SelectById]
2026-08-26T22:14:57.614+08:00 WARN  c.b.m.core.injector.methods.Update : [com.reservation.mapper.CourseScheduleMapper.update] Has been loaded by XML or SqlProvider or Mybatis's Annotation, so ignoring this injection for [class com.baomidou.mybatisplus.core.injector.methods.Update]
2026-08-26T22:14:57.889+08:00 WARN  o.s.b.w.s.c.AnnotationConfigServletWebServerApplicationContext : Exception encountered during context initialization - cancelling refresh attempt: org.springframework.beans.factory.UnsatisfiedDependencyException: Error creating bean with name 'appointmentController': Unsatisfied dependency expressed through field 'appointmentService': Error creating bean with name 'appointmentService' defined in file [H:\2026\lesson-appointment\api\target\classes\com\reservation\service\AppointmentService.class]: Failed to instantiate [com.reservation.service.AppointmentService]: Constructor threw exception
2026-08-26T22:14:59.108+08:00 INFO  o.a.catalina.core.StandardService : Stopping service [Tomcat]
2026-08-26T22:14:59.114+08:00 INFO  o.s.b.a.l.ConditionEvaluationReportLogger : 

Error starting ApplicationContext. To display the condition evaluation report re-run your application with 'debug' enabled.
2026-08-26T22:14:59.126+08:00 ERROR o.s.boot.SpringApplication : Application run failed
org.springframework.beans.factory.UnsatisfiedDependencyException: Error creating bean with name 'appointmentController': Unsatisfied dependency expressed through field 'appointmentService': Error creating bean with name 'appointmentService' defined in file [H:\2026\lesson-appointment\api\target\classes\com\reservation\service\AppointmentService.class]: Failed to instantiate [com.reservation.service.AppointmentService]: Constructor threw exception
	at org.springframework.beans.factory.annotation.AutowiredAnnotationBeanPostProcessor$AutowiredFieldElement.resolveFieldValue(AutowiredAnnotationBeanPostProcessor.java:788)
	at org.springframework.beans.factory.annotation.AutowiredAnnotationBeanPostProcessor$AutowiredFieldElement.inject(AutowiredAnnotationBeanPostProcessor.java:768)
	at org.springframework.beans.factory.annotation.InjectionMetadata.inject(InjectionMetadata.java:145)
	at org.springframework.beans.factory.annotation.AutowiredAnnotationBeanPostProcessor.postProcessProperties(AutowiredAnnotationBeanPostProcessor.java:509)
	at org.springframework.beans.factory.support.AbstractAutowireCapableBeanFactory.populateBean(AbstractAutowireCapableBeanFactory.java:1439)
	at org.springframework.beans.factory.support.AbstractAutowireCapableBeanFactory.doCreateBean(AbstractAutowireCapableBeanFactory.java:599)
	at org.springframework.beans.factory.support.AbstractAutowireCapableBeanFactory.createBean(AbstractAutowireCapableBeanFactory.java:522)
	at org.springframework.beans.factory.support.AbstractBeanFactory.lambda$doGetBean$0(AbstractBeanFactory.java:337)
	at org.springframework.beans.factory.support.DefaultSingletonBeanRegistry.getSingleton(DefaultSingletonBeanRegistry.java:234)
	at org.springframework.beans.factory.support.AbstractBeanFactory.doGetBean(AbstractBeanFactory.java:335)
	at org.springframework.beans.factory.support.AbstractBeanFactory.getBean(AbstractBeanFactory.java:200)
	at org.springframework.beans.factory.support.DefaultListableBeanFactory.preInstantiateSingletons(DefaultListableBeanFactory.java:975)
	at org.springframework.context.support.AbstractApplicationContext.finishBeanFactoryInitialization(AbstractApplicationContext.java:971)
	at org.springframework.context.support.AbstractApplicationContext.refresh(AbstractApplicationContext.java:625)
	at org.springframework.boot.web.servlet.context.ServletWebServerApplicationContext.refresh(ServletWebServerApplicationContext.java:146)
	at org.springframework.boot.SpringApplication.refresh(SpringApplication.java:754)
	at org.springframework.boot.SpringApplication.refreshContext(SpringApplication.java:456)
	at org.springframework.boot.SpringApplication.run(SpringApplication.java:335)
	at org.springframework.boot.SpringApplication.run(SpringApplication.java:1363)
	at org.springframework.boot.SpringApplication.run(SpringApplication.java:1352)
	at com.reservation.SpringBootMergeApplication.main(SpringBootMergeApplication.java:21)
	at java.base/jdk.internal.reflect.DirectMethodHandleAccessor.invoke(DirectMethodHandleAccessor.java:103)
	at java.base/java.lang.reflect.Method.invoke(Method.java:580)
	at org.springframework.boot.devtools.restart.RestartLauncher.run(RestartLauncher.java:50)
Caused by: org.springframework.beans.factory.BeanCreationException: Error creating bean with name 'appointmentService' defined in file [H:\2026\lesson-appointment\api\target\classes\com\reservation\service\AppointmentService.class]: Failed to instantiate [com.reservation.service.AppointmentService]: Constructor threw exception
	at org.springframework.beans.factory.support.AbstractAutowireCapableBeanFactory.instantiateBean(AbstractAutowireCapableBeanFactory.java:1337)
	at org.springframework.beans.factory.support.AbstractAutowireCapableBeanFactory.createBeanInstance(AbstractAutowireCapableBeanFactory.java:1222)
	at org.springframework.beans.factory.support.AbstractAutowireCapableBeanFactory.doCreateBean(AbstractAutowireCapableBeanFactory.java:562)
	at org.springframework.beans.factory.support.AbstractAutowireCapableBeanFactory.createBean(AbstractAutowireCapableBeanFactory.java:522)
	at org.springframework.beans.factory.support.AbstractBeanFactory.lambda$doGetBean$0(AbstractBeanFactory.java:337)
	at org.springframework.beans.factory.support.DefaultSingletonBeanRegistry.getSingleton(DefaultSingletonBeanRegistry.java:234)
	at org.springframework.beans.factory.support.AbstractBeanFactory.doGetBean(AbstractBeanFactory.java:335)
	at org.springframework.beans.factory.support.AbstractBeanFactory.getBean(AbstractBeanFactory.java:200)
	at org.springframework.beans.factory.config.DependencyDescriptor.resolveCandidate(DependencyDescriptor.java:254)
	at org.springframework.beans.factory.support.DefaultListableBeanFactory.doResolveDependency(DefaultListableBeanFactory.java:1443)
	at org.springframework.beans.factory.support.DefaultListableBeanFactory.resolveDependency(DefaultListableBeanFactory.java:1353)
	at org.springframework.beans.factory.annotation.AutowiredAnnotationBeanPostProcessor$AutowiredFieldElement.resolveFieldValue(AutowiredAnnotationBeanPostProcessor.java:785)
	... 23 common frames omitted
Caused by: org.springframework.beans.BeanInstantiationException: Failed to instantiate [com.reservation.service.AppointmentService]: Constructor threw exception
	at org.springframework.beans.BeanUtils.instantiateClass(BeanUtils.java:221)
	at org.springframework.beans.factory.support.SimpleInstantiationStrategy.instantiate(SimpleInstantiationStrategy.java:94)
	at org.springframework.beans.factory.support.AbstractAutowireCapableBeanFactory.instantiateBean(AbstractAutowireCapableBeanFactory.java:1331)
	... 34 common frames omitted
Caused by: java.lang.Error: Unresolved compilation problems: 
	The import jakarta.annotation cannot be resolved
	Resource cannot be resolved to a type
	nodata cannot be resolved to a variable

	at com.reservation.service.AppointmentService.<init>(AppointmentService.java:19)
	at java.base/jdk.internal.reflect.DirectConstructorHandleAccessor.newInstance(DirectConstructorHandleAccessor.java:62)
	at java.base/java.lang.reflect.Constructor.newInstanceWithCaller(Constructor.java:502)
	at java.base/java.lang.reflect.Constructor.newInstance(Constructor.java:486)
	at org.springframework.beans.BeanUtils.instantiateClass(BeanUtils.java:195)
	... 36 common frames omitted
2026-08-26T22:15:05.360+08:00 INFO  c.r.SpringBootMergeApplication : Starting SpringBootMergeApplication using Java 21.0.8 with PID 18980 (H:\2026\lesson-appointment\api\target\classes started by Administrator in H:\2026\lesson-appointment\api)
2026-08-26T22:15:05.527+08:00 INFO  c.r.SpringBootMergeApplication : No active profile set, falling back to 1 default profile: "default"
2026-08-26T22:15:09.897+08:00 INFO  o.s.b.w.e.tomcat.TomcatWebServer : Tomcat initialized with port 8081 (http)
2026-08-26T22:15:10.188+08:00 INFO  o.a.coyote.http11.Http11NioProtocol : Initializing ProtocolHandler ["http-nio-8081"]
2026-08-26T22:15:10.433+08:00 INFO  o.a.catalina.core.StandardService : Starting service [Tomcat]
2026-08-26T22:15:10.569+08:00 INFO  o.a.catalina.core.StandardEngine : Starting Servlet engine: [Apache Tomcat/10.1.31]
2026-08-26T22:15:10.777+08:00 INFO  o.a.c.c.C.[.[localhost].[/] : Initializing Spring embedded WebApplicationContext
2026-08-26T22:15:10.906+08:00 INFO  o.s.b.w.s.c.ServletWebServerApplicationContext : Root WebApplicationContext: initialization completed in 5249 ms
2026-08-26T22:15:11.982+08:00 WARN  c.b.m.core.injector.methods.Insert : [com.reservation.mapper.AuditLogMapper.insert] Has been loaded by XML or SqlProvider or Mybatis's Annotation, so ignoring this injection for [class com.baomidou.mybatisplus.core.injector.methods.Insert]
2026-08-26T22:15:12.171+08:00 WARN  c.b.m.c.injector.methods.SelectList : [com.reservation.mapper.BookingMapper.selectList] Has been loaded by XML or SqlProvider or Mybatis's Annotation, so ignoring this injection for [class com.baomidou.mybatisplus.core.injector.methods.SelectList]
2026-08-26T22:15:12.369+08:00 WARN  c.b.m.c.injector.methods.SelectById : [com.reservation.mapper.BookingMapper.selectById] Has been loaded by XML or SqlProvider or Mybatis's Annotation, so ignoring this injection for [class com.baomidou.mybatisplus.core.injector.methods.SelectById]
2026-08-26T22:15:12.543+08:00 WARN  c.b.m.core.injector.methods.Update : [com.reservation.mapper.CourseScheduleMapper.update] Has been loaded by XML or SqlProvider or Mybatis's Annotation, so ignoring this injection for [class com.baomidou.mybatisplus.core.injector.methods.Update]
2026-08-26T22:15:13.449+08:00 WARN  o.s.b.w.s.c.AnnotationConfigServletWebServerApplicationContext : Exception encountered during context initialization - cancelling refresh attempt: org.springframework.beans.factory.UnsatisfiedDependencyException: Error creating bean with name 'appointmentController': Unsatisfied dependency expressed through field 'appointmentService': Error creating bean with name 'appointmentService' defined in file [H:\2026\lesson-appointment\api\target\classes\com\reservation\service\AppointmentService.class]: Failed to instantiate [com.reservation.service.AppointmentService]: Constructor threw exception
2026-08-26T22:15:13.452+08:00 INFO  o.a.catalina.core.StandardService : Stopping service [Tomcat]
2026-08-26T22:15:13.461+08:00 INFO  o.s.b.a.l.ConditionEvaluationReportLogger : 

Error starting ApplicationContext. To display the condition evaluation report re-run your application with 'debug' enabled.
2026-08-26T22:15:13.482+08:00 ERROR o.s.boot.SpringApplication : Application run failed
org.springframework.beans.factory.UnsatisfiedDependencyException: Error creating bean with name 'appointmentController': Unsatisfied dependency expressed through field 'appointmentService': Error creating bean with name 'appointmentService' defined in file [H:\2026\lesson-appointment\api\target\classes\com\reservation\service\AppointmentService.class]: Failed to instantiate [com.reservation.service.AppointmentService]: Constructor threw exception
	at org.springframework.beans.factory.annotation.AutowiredAnnotationBeanPostProcessor$AutowiredFieldElement.resolveFieldValue(AutowiredAnnotationBeanPostProcessor.java:788)
	at org.springframework.beans.factory.annotation.AutowiredAnnotationBeanPostProcessor$AutowiredFieldElement.inject(AutowiredAnnotationBeanPostProcessor.java:768)
	at org.springframework.beans.factory.annotation.InjectionMetadata.inject(InjectionMetadata.java:145)
	at org.springframework.beans.factory.annotation.AutowiredAnnotationBeanPostProcessor.postProcessProperties(AutowiredAnnotationBeanPostProcessor.java:509)
	at org.springframework.beans.factory.support.AbstractAutowireCapableBeanFactory.populateBean(AbstractAutowireCapableBeanFactory.java:1439)
	at org.springframework.beans.factory.support.AbstractAutowireCapableBeanFactory.doCreateBean(AbstractAutowireCapableBeanFactory.java:599)
	at org.springframework.beans.factory.support.AbstractAutowireCapableBeanFactory.createBean(AbstractAutowireCapableBeanFactory.java:522)
	at org.springframework.beans.factory.support.AbstractBeanFactory.lambda$doGetBean$0(AbstractBeanFactory.java:337)
	at org.springframework.beans.factory.support.DefaultSingletonBeanRegistry.getSingleton(DefaultSingletonBeanRegistry.java:234)
	at org.springframework.beans.factory.support.AbstractBeanFactory.doGetBean(AbstractBeanFactory.java:335)
	at org.springframework.beans.factory.support.AbstractBeanFactory.getBean(AbstractBeanFactory.java:200)
	at org.springframework.beans.factory.support.DefaultListableBeanFactory.preInstantiateSingletons(DefaultListableBeanFactory.java:975)
	at org.springframework.context.support.AbstractApplicationContext.finishBeanFactoryInitialization(AbstractApplicationContext.java:971)
	at org.springframework.context.support.AbstractApplicationContext.refresh(AbstractApplicationContext.java:625)
	at org.springframework.boot.web.servlet.context.ServletWebServerApplicationContext.refresh(ServletWebServerApplicationContext.java:146)
	at org.springframework.boot.SpringApplication.refresh(SpringApplication.java:754)
	at org.springframework.boot.SpringApplication.refreshContext(SpringApplication.java:456)
	at org.springframework.boot.SpringApplication.run(SpringApplication.java:335)
	at org.springframework.boot.SpringApplication.run(SpringApplication.java:1363)
	at org.springframework.boot.SpringApplication.run(SpringApplication.java:1352)
	at com.reservation.SpringBootMergeApplication.main(SpringBootMergeApplication.java:21)
	at java.base/jdk.internal.reflect.DirectMethodHandleAccessor.invoke(DirectMethodHandleAccessor.java:103)
	at java.base/java.lang.reflect.Method.invoke(Method.java:580)
	at org.springframework.boot.devtools.restart.RestartLauncher.run(RestartLauncher.java:50)
Caused by: org.springframework.beans.factory.BeanCreationException: Error creating bean with name 'appointmentService' defined in file [H:\2026\lesson-appointment\api\target\classes\com\reservation\service\AppointmentService.class]: Failed to instantiate [com.reservation.service.AppointmentService]: Constructor threw exception
	at org.springframework.beans.factory.support.AbstractAutowireCapableBeanFactory.instantiateBean(AbstractAutowireCapableBeanFactory.java:1337)
	at org.springframework.beans.factory.support.AbstractAutowireCapableBeanFactory.createBeanInstance(AbstractAutowireCapableBeanFactory.java:1222)
	at org.springframework.beans.factory.support.AbstractAutowireCapableBeanFactory.doCreateBean(AbstractAutowireCapableBeanFactory.java:562)
	at org.springframework.beans.factory.support.AbstractAutowireCapableBeanFactory.createBean(AbstractAutowireCapableBeanFactory.java:522)
	at org.springframework.beans.factory.support.AbstractBeanFactory.lambda$doGetBean$0(AbstractBeanFactory.java:337)
	at org.springframework.beans.factory.support.DefaultSingletonBeanRegistry.getSingleton(DefaultSingletonBeanRegistry.java:234)
	at org.springframework.beans.factory.support.AbstractBeanFactory.doGetBean(AbstractBeanFactory.java:335)
	at org.springframework.beans.factory.support.AbstractBeanFactory.getBean(AbstractBeanFactory.java:200)
	at org.springframework.beans.factory.config.DependencyDescriptor.resolveCandidate(DependencyDescriptor.java:254)
	at org.springframework.beans.factory.support.DefaultListableBeanFactory.doResolveDependency(DefaultListableBeanFactory.java:1443)
	at org.springframework.beans.factory.support.DefaultListableBeanFactory.resolveDependency(DefaultListableBeanFactory.java:1353)
	at org.springframework.beans.factory.annotation.AutowiredAnnotationBeanPostProcessor$AutowiredFieldElement.resolveFieldValue(AutowiredAnnotationBeanPostProcessor.java:785)
	... 23 common frames omitted
Caused by: org.springframework.beans.BeanInstantiationException: Failed to instantiate [com.reservation.service.AppointmentService]: Constructor threw exception
	at org.springframework.beans.BeanUtils.instantiateClass(BeanUtils.java:221)
	at org.springframework.beans.factory.support.SimpleInstantiationStrategy.instantiate(SimpleInstantiationStrategy.java:94)
	at org.springframework.beans.factory.support.AbstractAutowireCapableBeanFactory.instantiateBean(AbstractAutowireCapableBeanFactory.java:1331)
	... 34 common frames omitted
Caused by: java.lang.Error: Unresolved compilation problems: 
	The import jakarta.annotation cannot be resolved
	Resource cannot be resolved to a type
	nodata cannot be resolved to a variable

	at com.reservation.service.AppointmentService.<init>(AppointmentService.java:19)
	at java.base/jdk.internal.reflect.DirectConstructorHandleAccessor.newInstance(DirectConstructorHandleAccessor.java:62)
	at java.base/java.lang.reflect.Constructor.newInstanceWithCaller(Constructor.java:502)
	at java.base/java.lang.reflect.Constructor.newInstance(Constructor.java:486)
	at org.springframework.beans.BeanUtils.instantiateClass(BeanUtils.java:195)
	... 36 common frames omitted
2026-08-26T22:17:00.338+08:00 INFO  c.r.SpringBootMergeApplication : Starting SpringBootMergeApplication using Java 21.0.8 with PID 18980 (H:\2026\lesson-appointment\api\target\classes started by Administrator in H:\2026\lesson-appointment\api)
2026-08-26T22:17:00.523+08:00 INFO  c.r.SpringBootMergeApplication : No active profile set, falling back to 1 default profile: "default"
2026-08-26T22:17:03.113+08:00 INFO  o.s.b.w.e.tomcat.TomcatWebServer : Tomcat initialized with port 8081 (http)
2026-08-26T22:17:03.413+08:00 INFO  o.a.coyote.http11.Http11NioProtocol : Initializing ProtocolHandler ["http-nio-8081"]
2026-08-26T22:17:03.749+08:00 INFO  o.a.catalina.core.StandardService : Starting service [Tomcat]
2026-08-26T22:17:04.013+08:00 INFO  o.a.catalina.core.StandardEngine : Starting Servlet engine: [Apache Tomcat/10.1.31]
2026-08-26T22:17:04.182+08:00 INFO  o.a.c.c.C.[.[localhost].[/] : Initializing Spring embedded WebApplicationContext
2026-08-26T22:17:04.443+08:00 INFO  o.s.b.w.s.c.ServletWebServerApplicationContext : Root WebApplicationContext: initialization completed in 3710 ms
2026-08-26T22:17:05.436+08:00 WARN  c.b.m.core.injector.methods.Insert : [com.reservation.mapper.AuditLogMapper.insert] Has been loaded by XML or SqlProvider or Mybatis's Annotation, so ignoring this injection for [class com.baomidou.mybatisplus.core.injector.methods.Insert]
2026-08-26T22:17:05.729+08:00 WARN  c.b.m.c.injector.methods.SelectList : [com.reservation.mapper.BookingMapper.selectList] Has been loaded by XML or SqlProvider or Mybatis's Annotation, so ignoring this injection for [class com.baomidou.mybatisplus.core.injector.methods.SelectList]
2026-08-26T22:17:05.875+08:00 WARN  c.b.m.c.injector.methods.SelectById : [com.reservation.mapper.BookingMapper.selectById] Has been loaded by XML or SqlProvider or Mybatis's Annotation, so ignoring this injection for [class com.baomidou.mybatisplus.core.injector.methods.SelectById]
2026-08-26T22:17:06.033+08:00 WARN  c.b.m.core.injector.methods.Update : [com.reservation.mapper.CourseScheduleMapper.update] Has been loaded by XML or SqlProvider or Mybatis's Annotation, so ignoring this injection for [class com.baomidou.mybatisplus.core.injector.methods.Update]
2026-08-26T22:17:07.238+08:00 WARN  o.s.b.w.s.c.AnnotationConfigServletWebServerApplicationContext : Exception encountered during context initialization - cancelling refresh attempt: org.springframework.beans.factory.UnsatisfiedDependencyException: Error creating bean with name 'appointmentController': Unsatisfied dependency expressed through field 'appointmentService': Error creating bean with name 'appointmentService' defined in file [H:\2026\lesson-appointment\api\target\classes\com\reservation\service\AppointmentService.class]: Failed to instantiate [com.reservation.service.AppointmentService]: Constructor threw exception
2026-08-26T22:17:07.342+08:00 INFO  o.a.catalina.core.StandardService : Stopping service [Tomcat]
2026-08-26T22:17:07.422+08:00 INFO  o.s.b.a.l.ConditionEvaluationReportLogger : 

Error starting ApplicationContext. To display the condition evaluation report re-run your application with 'debug' enabled.
2026-08-26T22:17:07.519+08:00 ERROR o.s.boot.SpringApplication : Application run failed
org.springframework.beans.factory.UnsatisfiedDependencyException: Error creating bean with name 'appointmentController': Unsatisfied dependency expressed through field 'appointmentService': Error creating bean with name 'appointmentService' defined in file [H:\2026\lesson-appointment\api\target\classes\com\reservation\service\AppointmentService.class]: Failed to instantiate [com.reservation.service.AppointmentService]: Constructor threw exception
	at org.springframework.beans.factory.annotation.AutowiredAnnotationBeanPostProcessor$AutowiredFieldElement.resolveFieldValue(AutowiredAnnotationBeanPostProcessor.java:788)
	at org.springframework.beans.factory.annotation.AutowiredAnnotationBeanPostProcessor$AutowiredFieldElement.inject(AutowiredAnnotationBeanPostProcessor.java:768)
	at org.springframework.beans.factory.annotation.InjectionMetadata.inject(InjectionMetadata.java:145)
	at org.springframework.beans.factory.annotation.AutowiredAnnotationBeanPostProcessor.postProcessProperties(AutowiredAnnotationBeanPostProcessor.java:509)
	at org.springframework.beans.factory.support.AbstractAutowireCapableBeanFactory.populateBean(AbstractAutowireCapableBeanFactory.java:1439)
	at org.springframework.beans.factory.support.AbstractAutowireCapableBeanFactory.doCreateBean(AbstractAutowireCapableBeanFactory.java:599)
	at org.springframework.beans.factory.support.AbstractAutowireCapableBeanFactory.createBean(AbstractAutowireCapableBeanFactory.java:522)
	at org.springframework.beans.factory.support.AbstractBeanFactory.lambda$doGetBean$0(AbstractBeanFactory.java:337)
	at org.springframework.beans.factory.support.DefaultSingletonBeanRegistry.getSingleton(DefaultSingletonBeanRegistry.java:234)
	at org.springframework.beans.factory.support.AbstractBeanFactory.doGetBean(AbstractBeanFactory.java:335)
	at org.springframework.beans.factory.support.AbstractBeanFactory.getBean(AbstractBeanFactory.java:200)
	at org.springframework.beans.factory.support.DefaultListableBeanFactory.preInstantiateSingletons(DefaultListableBeanFactory.java:975)
	at org.springframework.context.support.AbstractApplicationContext.finishBeanFactoryInitialization(AbstractApplicationContext.java:971)
	at org.springframework.context.support.AbstractApplicationContext.refresh(AbstractApplicationContext.java:625)
	at org.springframework.boot.web.servlet.context.ServletWebServerApplicationContext.refresh(ServletWebServerApplicationContext.java:146)
	at org.springframework.boot.SpringApplication.refresh(SpringApplication.java:754)
	at org.springframework.boot.SpringApplication.refreshContext(SpringApplication.java:456)
	at org.springframework.boot.SpringApplication.run(SpringApplication.java:335)
	at org.springframework.boot.SpringApplication.run(SpringApplication.java:1363)
	at org.springframework.boot.SpringApplication.run(SpringApplication.java:1352)
	at com.reservation.SpringBootMergeApplication.main(SpringBootMergeApplication.java:21)
	at java.base/jdk.internal.reflect.DirectMethodHandleAccessor.invoke(DirectMethodHandleAccessor.java:103)
	at java.base/java.lang.reflect.Method.invoke(Method.java:580)
	at org.springframework.boot.devtools.restart.RestartLauncher.run(RestartLauncher.java:50)
Caused by: org.springframework.beans.factory.BeanCreationException: Error creating bean with name 'appointmentService' defined in file [H:\2026\lesson-appointment\api\target\classes\com\reservation\service\AppointmentService.class]: Failed to instantiate [com.reservation.service.AppointmentService]: Constructor threw exception
	at org.springframework.beans.factory.support.AbstractAutowireCapableBeanFactory.instantiateBean(AbstractAutowireCapableBeanFactory.java:1337)
	at org.springframework.beans.factory.support.AbstractAutowireCapableBeanFactory.createBeanInstance(AbstractAutowireCapableBeanFactory.java:1222)
	at org.springframework.beans.factory.support.AbstractAutowireCapableBeanFactory.doCreateBean(AbstractAutowireCapableBeanFactory.java:562)
	at org.springframework.beans.factory.support.AbstractAutowireCapableBeanFactory.createBean(AbstractAutowireCapableBeanFactory.java:522)
	at org.springframework.beans.factory.support.AbstractBeanFactory.lambda$doGetBean$0(AbstractBeanFactory.java:337)
	at org.springframework.beans.factory.support.DefaultSingletonBeanRegistry.getSingleton(DefaultSingletonBeanRegistry.java:234)
	at org.springframework.beans.factory.support.AbstractBeanFactory.doGetBean(AbstractBeanFactory.java:335)
	at org.springframework.beans.factory.support.AbstractBeanFactory.getBean(AbstractBeanFactory.java:200)
	at org.springframework.beans.factory.config.DependencyDescriptor.resolveCandidate(DependencyDescriptor.java:254)
	at org.springframework.beans.factory.support.DefaultListableBeanFactory.doResolveDependency(DefaultListableBeanFactory.java:1443)
	at org.springframework.beans.factory.support.DefaultListableBeanFactory.resolveDependency(DefaultListableBeanFactory.java:1353)
	at org.springframework.beans.factory.annotation.AutowiredAnnotationBeanPostProcessor$AutowiredFieldElement.resolveFieldValue(AutowiredAnnotationBeanPostProcessor.java:785)
	... 23 common frames omitted
Caused by: org.springframework.beans.BeanInstantiationException: Failed to instantiate [com.reservation.service.AppointmentService]: Constructor threw exception
	at org.springframework.beans.BeanUtils.instantiateClass(BeanUtils.java:221)
	at org.springframework.beans.factory.support.SimpleInstantiationStrategy.instantiate(SimpleInstantiationStrategy.java:94)
	at org.springframework.beans.factory.support.AbstractAutowireCapableBeanFactory.instantiateBean(AbstractAutowireCapableBeanFactory.java:1331)
	... 34 common frames omitted
Caused by: java.lang.Error: Unresolved compilation problems: 
	The import jakarta.annotation cannot be resolved
	Resource cannot be resolved to a type
	nodata cannot be resolved to a variable

	at com.reservation.service.AppointmentService.<init>(AppointmentService.java:19)
	at java.base/jdk.internal.reflect.DirectConstructorHandleAccessor.newInstance(DirectConstructorHandleAccessor.java:62)
	at java.base/java.lang.reflect.Constructor.newInstanceWithCaller(Constructor.java:502)
	at java.base/java.lang.reflect.Constructor.newInstance(Constructor.java:486)
	at org.springframework.beans.BeanUtils.instantiateClass(BeanUtils.java:195)
	... 36 common frames omitted
2026-08-26T22:17:25.396+08:00 INFO  c.r.SpringBootMergeApplication : Starting SpringBootMergeApplication using Java 21.0.8 with PID 18980 (H:\2026\lesson-appointment\api\target\classes started by Administrator in H:\2026\lesson-appointment\api)
2026-08-26T22:17:25.483+08:00 INFO  c.r.SpringBootMergeApplication : No active profile set, falling back to 1 default profile: "default"
2026-08-26T22:17:28.590+08:00 INFO  o.s.b.w.e.tomcat.TomcatWebServer : Tomcat initialized with port 8081 (http)
2026-08-26T22:17:28.820+08:00 INFO  o.a.coyote.http11.Http11NioProtocol : Initializing ProtocolHandler ["http-nio-8081"]
2026-08-26T22:17:28.942+08:00 INFO  o.a.catalina.core.StandardService : Starting service [Tomcat]
2026-08-26T22:17:29.198+08:00 INFO  o.a.catalina.core.StandardEngine : Starting Servlet engine: [Apache Tomcat/10.1.31]
2026-08-26T22:17:29.418+08:00 INFO  o.a.c.c.C.[.[localhost].[/] : Initializing Spring embedded WebApplicationContext
2026-08-26T22:17:29.578+08:00 INFO  o.s.b.w.s.c.ServletWebServerApplicationContext : Root WebApplicationContext: initialization completed in 4009 ms
2026-08-26T22:17:30.575+08:00 WARN  c.b.m.core.injector.methods.Insert : [com.reservation.mapper.AuditLogMapper.insert] Has been loaded by XML or SqlProvider or Mybatis's Annotation, so ignoring this injection for [class com.baomidou.mybatisplus.core.injector.methods.Insert]
2026-08-26T22:17:30.769+08:00 WARN  c.b.m.c.injector.methods.SelectList : [com.reservation.mapper.BookingMapper.selectList] Has been loaded by XML or SqlProvider or Mybatis's Annotation, so ignoring this injection for [class com.baomidou.mybatisplus.core.injector.methods.SelectList]
2026-08-26T22:17:30.942+08:00 WARN  c.b.m.c.injector.methods.SelectById : [com.reservation.mapper.BookingMapper.selectById] Has been loaded by XML or SqlProvider or Mybatis's Annotation, so ignoring this injection for [class com.baomidou.mybatisplus.core.injector.methods.SelectById]
2026-08-26T22:17:31.076+08:00 WARN  c.b.m.core.injector.methods.Update : [com.reservation.mapper.CourseScheduleMapper.update] Has been loaded by XML or SqlProvider or Mybatis's Annotation, so ignoring this injection for [class com.baomidou.mybatisplus.core.injector.methods.Update]
2026-08-26T22:17:31.980+08:00 WARN  o.s.b.w.s.c.AnnotationConfigServletWebServerApplicationContext : Exception encountered during context initialization - cancelling refresh attempt: org.springframework.beans.factory.UnsatisfiedDependencyException: Error creating bean with name 'appointmentController': Unsatisfied dependency expressed through field 'appointmentService': Error creating bean with name 'appointmentService' defined in file [H:\2026\lesson-appointment\api\target\classes\com\reservation\service\AppointmentService.class]: Failed to instantiate [com.reservation.service.AppointmentService]: Constructor threw exception
2026-08-26T22:17:32.161+08:00 INFO  o.a.catalina.core.StandardService : Stopping service [Tomcat]
2026-08-26T22:17:32.382+08:00 INFO  o.s.b.a.l.ConditionEvaluationReportLogger : 

Error starting ApplicationContext. To display the condition evaluation report re-run your application with 'debug' enabled.
2026-08-26T22:17:32.553+08:00 ERROR o.s.boot.SpringApplication : Application run failed
org.springframework.beans.factory.UnsatisfiedDependencyException: Error creating bean with name 'appointmentController': Unsatisfied dependency expressed through field 'appointmentService': Error creating bean with name 'appointmentService' defined in file [H:\2026\lesson-appointment\api\target\classes\com\reservation\service\AppointmentService.class]: Failed to instantiate [com.reservation.service.AppointmentService]: Constructor threw exception
	at org.springframework.beans.factory.annotation.AutowiredAnnotationBeanPostProcessor$AutowiredFieldElement.resolveFieldValue(AutowiredAnnotationBeanPostProcessor.java:788)
	at org.springframework.beans.factory.annotation.AutowiredAnnotationBeanPostProcessor$AutowiredFieldElement.inject(AutowiredAnnotationBeanPostProcessor.java:768)
	at org.springframework.beans.factory.annotation.InjectionMetadata.inject(InjectionMetadata.java:145)
	at org.springframework.beans.factory.annotation.AutowiredAnnotationBeanPostProcessor.postProcessProperties(AutowiredAnnotationBeanPostProcessor.java:509)
	at org.springframework.beans.factory.support.AbstractAutowireCapableBeanFactory.populateBean(AbstractAutowireCapableBeanFactory.java:1439)
	at org.springframework.beans.factory.support.AbstractAutowireCapableBeanFactory.doCreateBean(AbstractAutowireCapableBeanFactory.java:599)
	at org.springframework.beans.factory.support.AbstractAutowireCapableBeanFactory.createBean(AbstractAutowireCapableBeanFactory.java:522)
	at org.springframework.beans.factory.support.AbstractBeanFactory.lambda$doGetBean$0(AbstractBeanFactory.java:337)
	at org.springframework.beans.factory.support.DefaultSingletonBeanRegistry.getSingleton(DefaultSingletonBeanRegistry.java:234)
	at org.springframework.beans.factory.support.AbstractBeanFactory.doGetBean(AbstractBeanFactory.java:335)
	at org.springframework.beans.factory.support.AbstractBeanFactory.getBean(AbstractBeanFactory.java:200)
	at org.springframework.beans.factory.support.DefaultListableBeanFactory.preInstantiateSingletons(DefaultListableBeanFactory.java:975)
	at org.springframework.context.support.AbstractApplicationContext.finishBeanFactoryInitialization(AbstractApplicationContext.java:971)
	at org.springframework.context.support.AbstractApplicationContext.refresh(AbstractApplicationContext.java:625)
	at org.springframework.boot.web.servlet.context.ServletWebServerApplicationContext.refresh(ServletWebServerApplicationContext.java:146)
	at org.springframework.boot.SpringApplication.refresh(SpringApplication.java:754)
	at org.springframework.boot.SpringApplication.refreshContext(SpringApplication.java:456)
	at org.springframework.boot.SpringApplication.run(SpringApplication.java:335)
	at org.springframework.boot.SpringApplication.run(SpringApplication.java:1363)
	at org.springframework.boot.SpringApplication.run(SpringApplication.java:1352)
	at com.reservation.SpringBootMergeApplication.main(SpringBootMergeApplication.java:21)
	at java.base/jdk.internal.reflect.DirectMethodHandleAccessor.invoke(DirectMethodHandleAccessor.java:103)
	at java.base/java.lang.reflect.Method.invoke(Method.java:580)
	at org.springframework.boot.devtools.restart.RestartLauncher.run(RestartLauncher.java:50)
Caused by: org.springframework.beans.factory.BeanCreationException: Error creating bean with name 'appointmentService' defined in file [H:\2026\lesson-appointment\api\target\classes\com\reservation\service\AppointmentService.class]: Failed to instantiate [com.reservation.service.AppointmentService]: Constructor threw exception
	at org.springframework.beans.factory.support.AbstractAutowireCapableBeanFactory.instantiateBean(AbstractAutowireCapableBeanFactory.java:1337)
	at org.springframework.beans.factory.support.AbstractAutowireCapableBeanFactory.createBeanInstance(AbstractAutowireCapableBeanFactory.java:1222)
	at org.springframework.beans.factory.support.AbstractAutowireCapableBeanFactory.doCreateBean(AbstractAutowireCapableBeanFactory.java:562)
	at org.springframework.beans.factory.support.AbstractAutowireCapableBeanFactory.createBean(AbstractAutowireCapableBeanFactory.java:522)
	at org.springframework.beans.factory.support.AbstractBeanFactory.lambda$doGetBean$0(AbstractBeanFactory.java:337)
	at org.springframework.beans.factory.support.DefaultSingletonBeanRegistry.getSingleton(DefaultSingletonBeanRegistry.java:234)
	at org.springframework.beans.factory.support.AbstractBeanFactory.doGetBean(AbstractBeanFactory.java:335)
	at org.springframework.beans.factory.support.AbstractBeanFactory.getBean(AbstractBeanFactory.java:200)
	at org.springframework.beans.factory.config.DependencyDescriptor.resolveCandidate(DependencyDescriptor.java:254)
	at org.springframework.beans.factory.support.DefaultListableBeanFactory.doResolveDependency(DefaultListableBeanFactory.java:1443)
	at org.springframework.beans.factory.support.DefaultListableBeanFactory.resolveDependency(DefaultListableBeanFactory.java:1353)
	at org.springframework.beans.factory.annotation.AutowiredAnnotationBeanPostProcessor$AutowiredFieldElement.resolveFieldValue(AutowiredAnnotationBeanPostProcessor.java:785)
	... 23 common frames omitted
Caused by: org.springframework.beans.BeanInstantiationException: Failed to instantiate [com.reservation.service.AppointmentService]: Constructor threw exception
	at org.springframework.beans.BeanUtils.instantiateClass(BeanUtils.java:221)
	at org.springframework.beans.factory.support.SimpleInstantiationStrategy.instantiate(SimpleInstantiationStrategy.java:94)
	at org.springframework.beans.factory.support.AbstractAutowireCapableBeanFactory.instantiateBean(AbstractAutowireCapableBeanFactory.java:1331)
	... 34 common frames omitted
Caused by: java.lang.Error: Unresolved compilation problems: 
	The import jakarta.annotation cannot be resolved
	Resource cannot be resolved to a type
	nodata cannot be resolved to a variable

	at com.reservation.service.AppointmentService.<init>(AppointmentService.java:19)
	at java.base/jdk.internal.reflect.DirectConstructorHandleAccessor.newInstance(DirectConstructorHandleAccessor.java:62)
	at java.base/java.lang.reflect.Constructor.newInstanceWithCaller(Constructor.java:502)
	at java.base/java.lang.reflect.Constructor.newInstance(Constructor.java:486)
	at org.springframework.beans.BeanUtils.instantiateClass(BeanUtils.java:195)
	... 36 common frames omitted
2026-08-26T22:17:53.581+08:00 INFO  c.r.SpringBootMergeApplication : Starting SpringBootMergeApplication using Java 21.0.8 with PID 18980 (H:\2026\lesson-appointment\api\target\classes started by Administrator in H:\2026\lesson-appointment\api)
2026-08-26T22:17:53.893+08:00 INFO  c.r.SpringBootMergeApplication : No active profile set, falling back to 1 default profile: "default"
2026-08-26T22:17:56.839+08:00 INFO  o.s.b.w.e.tomcat.TomcatWebServer : Tomcat initialized with port 8081 (http)
2026-08-26T22:17:56.984+08:00 INFO  o.a.coyote.http11.Http11NioProtocol : Initializing ProtocolHandler ["http-nio-8081"]
2026-08-26T22:17:57.183+08:00 INFO  o.a.catalina.core.StandardService : Starting service [Tomcat]
2026-08-26T22:17:57.436+08:00 INFO  o.a.catalina.core.StandardEngine : Starting Servlet engine: [Apache Tomcat/10.1.31]
2026-08-26T22:17:57.680+08:00 INFO  o.a.c.c.C.[.[localhost].[/] : Initializing Spring embedded WebApplicationContext
2026-08-26T22:17:57.883+08:00 INFO  o.s.b.w.s.c.ServletWebServerApplicationContext : Root WebApplicationContext: initialization completed in 3580 ms
2026-08-26T22:17:59.373+08:00 WARN  c.b.m.core.injector.methods.Insert : [com.reservation.mapper.AuditLogMapper.insert] Has been loaded by XML or SqlProvider or Mybatis's Annotation, so ignoring this injection for [class com.baomidou.mybatisplus.core.injector.methods.Insert]
2026-08-26T22:17:59.715+08:00 WARN  c.b.m.c.injector.methods.SelectList : [com.reservation.mapper.BookingMapper.selectList] Has been loaded by XML or SqlProvider or Mybatis's Annotation, so ignoring this injection for [class com.baomidou.mybatisplus.core.injector.methods.SelectList]
2026-08-26T22:18:00.270+08:00 WARN  c.b.m.c.injector.methods.SelectById : [com.reservation.mapper.BookingMapper.selectById] Has been loaded by XML or SqlProvider or Mybatis's Annotation, so ignoring this injection for [class com.baomidou.mybatisplus.core.injector.methods.SelectById]
2026-08-26T22:18:00.499+08:00 WARN  c.b.m.core.injector.methods.Update : [com.reservation.mapper.CourseScheduleMapper.update] Has been loaded by XML or SqlProvider or Mybatis's Annotation, so ignoring this injection for [class com.baomidou.mybatisplus.core.injector.methods.Update]
2026-08-26T22:18:02.739+08:00 WARN  o.s.b.w.s.c.AnnotationConfigServletWebServerApplicationContext : Exception encountered during context initialization - cancelling refresh attempt: org.springframework.beans.factory.UnsatisfiedDependencyException: Error creating bean with name 'appointmentController': Unsatisfied dependency expressed through field 'appointmentService': Error creating bean with name 'appointmentService' defined in file [H:\2026\lesson-appointment\api\target\classes\com\reservation\service\AppointmentService.class]: Failed to instantiate [com.reservation.service.AppointmentService]: Constructor threw exception
2026-08-26T22:18:02.874+08:00 INFO  o.a.catalina.core.StandardService : Stopping service [Tomcat]
2026-08-26T22:18:03.098+08:00 INFO  o.s.b.a.l.ConditionEvaluationReportLogger : 

Error starting ApplicationContext. To display the condition evaluation report re-run your application with 'debug' enabled.
2026-08-26T22:18:03.254+08:00 ERROR o.s.boot.SpringApplication : Application run failed
org.springframework.beans.factory.UnsatisfiedDependencyException: Error creating bean with name 'appointmentController': Unsatisfied dependency expressed through field 'appointmentService': Error creating bean with name 'appointmentService' defined in file [H:\2026\lesson-appointment\api\target\classes\com\reservation\service\AppointmentService.class]: Failed to instantiate [com.reservation.service.AppointmentService]: Constructor threw exception
	at org.springframework.beans.factory.annotation.AutowiredAnnotationBeanPostProcessor$AutowiredFieldElement.resolveFieldValue(AutowiredAnnotationBeanPostProcessor.java:788)
	at org.springframework.beans.factory.annotation.AutowiredAnnotationBeanPostProcessor$AutowiredFieldElement.inject(AutowiredAnnotationBeanPostProcessor.java:768)
	at org.springframework.beans.factory.annotation.InjectionMetadata.inject(InjectionMetadata.java:145)
	at org.springframework.beans.factory.annotation.AutowiredAnnotationBeanPostProcessor.postProcessProperties(AutowiredAnnotationBeanPostProcessor.java:509)
	at org.springframework.beans.factory.support.AbstractAutowireCapableBeanFactory.populateBean(AbstractAutowireCapableBeanFactory.java:1439)
	at org.springframework.beans.factory.support.AbstractAutowireCapableBeanFactory.doCreateBean(AbstractAutowireCapableBeanFactory.java:599)
	at org.springframework.beans.factory.support.AbstractAutowireCapableBeanFactory.createBean(AbstractAutowireCapableBeanFactory.java:522)
	at org.springframework.beans.factory.support.AbstractBeanFactory.lambda$doGetBean$0(AbstractBeanFactory.java:337)
	at org.springframework.beans.factory.support.DefaultSingletonBeanRegistry.getSingleton(DefaultSingletonBeanRegistry.java:234)
	at org.springframework.beans.factory.support.AbstractBeanFactory.doGetBean(AbstractBeanFactory.java:335)
	at org.springframework.beans.factory.support.AbstractBeanFactory.getBean(AbstractBeanFactory.java:200)
	at org.springframework.beans.factory.support.DefaultListableBeanFactory.preInstantiateSingletons(DefaultListableBeanFactory.java:975)
	at org.springframework.context.support.AbstractApplicationContext.finishBeanFactoryInitialization(AbstractApplicationContext.java:971)
	at org.springframework.context.support.AbstractApplicationContext.refresh(AbstractApplicationContext.java:625)
	at org.springframework.boot.web.servlet.context.ServletWebServerApplicationContext.refresh(ServletWebServerApplicationContext.java:146)
	at org.springframework.boot.SpringApplication.refresh(SpringApplication.java:754)
	at org.springframework.boot.SpringApplication.refreshContext(SpringApplication.java:456)
	at org.springframework.boot.SpringApplication.run(SpringApplication.java:335)
	at org.springframework.boot.SpringApplication.run(SpringApplication.java:1363)
	at org.springframework.boot.SpringApplication.run(SpringApplication.java:1352)
	at com.reservation.SpringBootMergeApplication.main(SpringBootMergeApplication.java:21)
	at java.base/jdk.internal.reflect.DirectMethodHandleAccessor.invoke(DirectMethodHandleAccessor.java:103)
	at java.base/java.lang.reflect.Method.invoke(Method.java:580)
	at org.springframework.boot.devtools.restart.RestartLauncher.run(RestartLauncher.java:50)
Caused by: org.springframework.beans.factory.BeanCreationException: Error creating bean with name 'appointmentService' defined in file [H:\2026\lesson-appointment\api\target\classes\com\reservation\service\AppointmentService.class]: Failed to instantiate [com.reservation.service.AppointmentService]: Constructor threw exception
	at org.springframework.beans.factory.support.AbstractAutowireCapableBeanFactory.instantiateBean(AbstractAutowireCapableBeanFactory.java:1337)
	at org.springframework.beans.factory.support.AbstractAutowireCapableBeanFactory.createBeanInstance(AbstractAutowireCapableBeanFactory.java:1222)
	at org.springframework.beans.factory.support.AbstractAutowireCapableBeanFactory.doCreateBean(AbstractAutowireCapableBeanFactory.java:562)
	at org.springframework.beans.factory.support.AbstractAutowireCapableBeanFactory.createBean(AbstractAutowireCapableBeanFactory.java:522)
	at org.springframework.beans.factory.support.AbstractBeanFactory.lambda$doGetBean$0(AbstractBeanFactory.java:337)
	at org.springframework.beans.factory.support.DefaultSingletonBeanRegistry.getSingleton(DefaultSingletonBeanRegistry.java:234)
	at org.springframework.beans.factory.support.AbstractBeanFactory.doGetBean(AbstractBeanFactory.java:335)
	at org.springframework.beans.factory.support.AbstractBeanFactory.getBean(AbstractBeanFactory.java:200)
	at org.springframework.beans.factory.config.DependencyDescriptor.resolveCandidate(DependencyDescriptor.java:254)
	at org.springframework.beans.factory.support.DefaultListableBeanFactory.doResolveDependency(DefaultListableBeanFactory.java:1443)
	at org.springframework.beans.factory.support.DefaultListableBeanFactory.resolveDependency(DefaultListableBeanFactory.java:1353)
	at org.springframework.beans.factory.annotation.AutowiredAnnotationBeanPostProcessor$AutowiredFieldElement.resolveFieldValue(AutowiredAnnotationBeanPostProcessor.java:785)
	... 23 common frames omitted
Caused by: org.springframework.beans.BeanInstantiationException: Failed to instantiate [com.reservation.service.AppointmentService]: Constructor threw exception
	at org.springframework.beans.BeanUtils.instantiateClass(BeanUtils.java:221)
	at org.springframework.beans.factory.support.SimpleInstantiationStrategy.instantiate(SimpleInstantiationStrategy.java:94)
	at org.springframework.beans.factory.support.AbstractAutowireCapableBeanFactory.instantiateBean(AbstractAutowireCapableBeanFactory.java:1331)
	... 34 common frames omitted
Caused by: java.lang.Error: Unresolved compilation problems: 
	The import jakarta.annotation cannot be resolved
	Resource cannot be resolved to a type
	Syntax error on token "&&", delete this token
	nodata cannot be resolved to a variable

	at com.reservation.service.AppointmentService.<init>(AppointmentService.java:19)
	at java.base/jdk.internal.reflect.DirectConstructorHandleAccessor.newInstance(DirectConstructorHandleAccessor.java:62)
	at java.base/java.lang.reflect.Constructor.newInstanceWithCaller(Constructor.java:502)
	at java.base/java.lang.reflect.Constructor.newInstance(Constructor.java:486)
	at org.springframework.beans.BeanUtils.instantiateClass(BeanUtils.java:195)
	... 36 common frames omitted
2026-08-26T22:18:11.000+08:00 INFO  c.r.SpringBootMergeApplication : Starting SpringBootMergeApplication using Java 21.0.8 with PID 18980 (H:\2026\lesson-appointment\api\target\classes started by Administrator in H:\2026\lesson-appointment\api)
2026-08-26T22:18:11.061+08:00 INFO  c.r.SpringBootMergeApplication : No active profile set, falling back to 1 default profile: "default"
2026-08-26T22:18:12.930+08:00 INFO  o.s.b.w.e.tomcat.TomcatWebServer : Tomcat initialized with port 8081 (http)
2026-08-26T22:18:13.086+08:00 INFO  o.a.coyote.http11.Http11NioProtocol : Initializing ProtocolHandler ["http-nio-8081"]
2026-08-26T22:18:13.139+08:00 INFO  o.a.catalina.core.StandardService : Starting service [Tomcat]
2026-08-26T22:18:13.293+08:00 INFO  o.a.catalina.core.StandardEngine : Starting Servlet engine: [Apache Tomcat/10.1.31]
2026-08-26T22:18:13.443+08:00 INFO  o.a.c.c.C.[.[localhost].[/] : Initializing Spring embedded WebApplicationContext
2026-08-26T22:18:13.559+08:00 INFO  o.s.b.w.s.c.ServletWebServerApplicationContext : Root WebApplicationContext: initialization completed in 2424 ms
2026-08-26T22:18:13.927+08:00 WARN  c.b.m.core.injector.methods.Insert : [com.reservation.mapper.AuditLogMapper.insert] Has been loaded by XML or SqlProvider or Mybatis's Annotation, so ignoring this injection for [class com.baomidou.mybatisplus.core.injector.methods.Insert]
2026-08-26T22:18:14.165+08:00 WARN  c.b.m.c.injector.methods.SelectList : [com.reservation.mapper.BookingMapper.selectList] Has been loaded by XML or SqlProvider or Mybatis's Annotation, so ignoring this injection for [class com.baomidou.mybatisplus.core.injector.methods.SelectList]
2026-08-26T22:18:14.442+08:00 WARN  c.b.m.c.injector.methods.SelectById : [com.reservation.mapper.BookingMapper.selectById] Has been loaded by XML or SqlProvider or Mybatis's Annotation, so ignoring this injection for [class com.baomidou.mybatisplus.core.injector.methods.SelectById]
2026-08-26T22:18:14.737+08:00 WARN  c.b.m.core.injector.methods.Update : [com.reservation.mapper.CourseScheduleMapper.update] Has been loaded by XML or SqlProvider or Mybatis's Annotation, so ignoring this injection for [class com.baomidou.mybatisplus.core.injector.methods.Update]
2026-08-26T22:18:15.853+08:00 WARN  o.s.b.w.s.c.AnnotationConfigServletWebServerApplicationContext : Exception encountered during context initialization - cancelling refresh attempt: org.springframework.beans.factory.UnsatisfiedDependencyException: Error creating bean with name 'appointmentController': Unsatisfied dependency expressed through field 'appointmentService': Error creating bean with name 'appointmentService' defined in file [H:\2026\lesson-appointment\api\target\classes\com\reservation\service\AppointmentService.class]: Failed to instantiate [com.reservation.service.AppointmentService]: Constructor threw exception
2026-08-26T22:18:15.945+08:00 INFO  o.a.catalina.core.StandardService : Stopping service [Tomcat]
2026-08-26T22:18:16.130+08:00 INFO  o.s.b.a.l.ConditionEvaluationReportLogger : 

Error starting ApplicationContext. To display the condition evaluation report re-run your application with 'debug' enabled.
2026-08-26T22:18:16.192+08:00 ERROR o.s.boot.SpringApplication : Application run failed
org.springframework.beans.factory.UnsatisfiedDependencyException: Error creating bean with name 'appointmentController': Unsatisfied dependency expressed through field 'appointmentService': Error creating bean with name 'appointmentService' defined in file [H:\2026\lesson-appointment\api\target\classes\com\reservation\service\AppointmentService.class]: Failed to instantiate [com.reservation.service.AppointmentService]: Constructor threw exception
	at org.springframework.beans.factory.annotation.AutowiredAnnotationBeanPostProcessor$AutowiredFieldElement.resolveFieldValue(AutowiredAnnotationBeanPostProcessor.java:788)
	at org.springframework.beans.factory.annotation.AutowiredAnnotationBeanPostProcessor$AutowiredFieldElement.inject(AutowiredAnnotationBeanPostProcessor.java:768)
	at org.springframework.beans.factory.annotation.InjectionMetadata.inject(InjectionMetadata.java:145)
	at org.springframework.beans.factory.annotation.AutowiredAnnotationBeanPostProcessor.postProcessProperties(AutowiredAnnotationBeanPostProcessor.java:509)
	at org.springframework.beans.factory.support.AbstractAutowireCapableBeanFactory.populateBean(AbstractAutowireCapableBeanFactory.java:1439)
	at org.springframework.beans.factory.support.AbstractAutowireCapableBeanFactory.doCreateBean(AbstractAutowireCapableBeanFactory.java:599)
	at org.springframework.beans.factory.support.AbstractAutowireCapableBeanFactory.createBean(AbstractAutowireCapableBeanFactory.java:522)
	at org.springframework.beans.factory.support.AbstractBeanFactory.lambda$doGetBean$0(AbstractBeanFactory.java:337)
	at org.springframework.beans.factory.support.DefaultSingletonBeanRegistry.getSingleton(DefaultSingletonBeanRegistry.java:234)
	at org.springframework.beans.factory.support.AbstractBeanFactory.doGetBean(AbstractBeanFactory.java:335)
	at org.springframework.beans.factory.support.AbstractBeanFactory.getBean(AbstractBeanFactory.java:200)
	at org.springframework.beans.factory.support.DefaultListableBeanFactory.preInstantiateSingletons(DefaultListableBeanFactory.java:975)
	at org.springframework.context.support.AbstractApplicationContext.finishBeanFactoryInitialization(AbstractApplicationContext.java:971)
	at org.springframework.context.support.AbstractApplicationContext.refresh(AbstractApplicationContext.java:625)
	at org.springframework.boot.web.servlet.context.ServletWebServerApplicationContext.refresh(ServletWebServerApplicationContext.java:146)
	at org.springframework.boot.SpringApplication.refresh(SpringApplication.java:754)
	at org.springframework.boot.SpringApplication.refreshContext(SpringApplication.java:456)
	at org.springframework.boot.SpringApplication.run(SpringApplication.java:335)
	at org.springframework.boot.SpringApplication.run(SpringApplication.java:1363)
	at org.springframework.boot.SpringApplication.run(SpringApplication.java:1352)
	at com.reservation.SpringBootMergeApplication.main(SpringBootMergeApplication.java:21)
	at java.base/jdk.internal.reflect.DirectMethodHandleAccessor.invoke(DirectMethodHandleAccessor.java:103)
	at java.base/java.lang.reflect.Method.invoke(Method.java:580)
	at org.springframework.boot.devtools.restart.RestartLauncher.run(RestartLauncher.java:50)
Caused by: org.springframework.beans.factory.BeanCreationException: Error creating bean with name 'appointmentService' defined in file [H:\2026\lesson-appointment\api\target\classes\com\reservation\service\AppointmentService.class]: Failed to instantiate [com.reservation.service.AppointmentService]: Constructor threw exception
	at org.springframework.beans.factory.support.AbstractAutowireCapableBeanFactory.instantiateBean(AbstractAutowireCapableBeanFactory.java:1337)
	at org.springframework.beans.factory.support.AbstractAutowireCapableBeanFactory.createBeanInstance(AbstractAutowireCapableBeanFactory.java:1222)
	at org.springframework.beans.factory.support.AbstractAutowireCapableBeanFactory.doCreateBean(AbstractAutowireCapableBeanFactory.java:562)
	at org.springframework.beans.factory.support.AbstractAutowireCapableBeanFactory.createBean(AbstractAutowireCapableBeanFactory.java:522)
	at org.springframework.beans.factory.support.AbstractBeanFactory.lambda$doGetBean$0(AbstractBeanFactory.java:337)
	at org.springframework.beans.factory.support.DefaultSingletonBeanRegistry.getSingleton(DefaultSingletonBeanRegistry.java:234)
	at org.springframework.beans.factory.support.AbstractBeanFactory.doGetBean(AbstractBeanFactory.java:335)
	at org.springframework.beans.factory.support.AbstractBeanFactory.getBean(AbstractBeanFactory.java:200)
	at org.springframework.beans.factory.config.DependencyDescriptor.resolveCandidate(DependencyDescriptor.java:254)
	at org.springframework.beans.factory.support.DefaultListableBeanFactory.doResolveDependency(DefaultListableBeanFactory.java:1443)
	at org.springframework.beans.factory.support.DefaultListableBeanFactory.resolveDependency(DefaultListableBeanFactory.java:1353)
	at org.springframework.beans.factory.annotation.AutowiredAnnotationBeanPostProcessor$AutowiredFieldElement.resolveFieldValue(AutowiredAnnotationBeanPostProcessor.java:785)
	... 23 common frames omitted
Caused by: org.springframework.beans.BeanInstantiationException: Failed to instantiate [com.reservation.service.AppointmentService]: Constructor threw exception
	at org.springframework.beans.BeanUtils.instantiateClass(BeanUtils.java:221)
	at org.springframework.beans.factory.support.SimpleInstantiationStrategy.instantiate(SimpleInstantiationStrategy.java:94)
	at org.springframework.beans.factory.support.AbstractAutowireCapableBeanFactory.instantiateBean(AbstractAutowireCapableBeanFactory.java:1331)
	... 34 common frames omitted
Caused by: java.lang.Error: Unresolved compilation problems: 
	The import jakarta.annotation cannot be resolved
	Resource cannot be resolved to a type
	Syntax error on token "&&", invalid OnlySynchronized
	nodata cannot be resolved to a variable

	at com.reservation.service.AppointmentService.<init>(AppointmentService.java:19)
	at java.base/jdk.internal.reflect.DirectConstructorHandleAccessor.newInstance(DirectConstructorHandleAccessor.java:62)
	at java.base/java.lang.reflect.Constructor.newInstanceWithCaller(Constructor.java:502)
	at java.base/java.lang.reflect.Constructor.newInstance(Constructor.java:486)
	at org.springframework.beans.BeanUtils.instantiateClass(BeanUtils.java:195)
	... 36 common frames omitted
2026-08-26T22:18:22.603+08:00 INFO  c.r.SpringBootMergeApplication : Starting SpringBootMergeApplication using Java 21.0.8 with PID 18980 (H:\2026\lesson-appointment\api\target\classes started by Administrator in H:\2026\lesson-appointment\api)
2026-08-26T22:18:23.127+08:00 INFO  c.r.SpringBootMergeApplication : No active profile set, falling back to 1 default profile: "default"
2026-08-26T22:18:26.338+08:00 INFO  o.s.b.w.e.tomcat.TomcatWebServer : Tomcat initialized with port 8081 (http)
2026-08-26T22:18:26.625+08:00 INFO  o.a.coyote.http11.Http11NioProtocol : Initializing ProtocolHandler ["http-nio-8081"]
2026-08-26T22:18:26.878+08:00 INFO  o.a.catalina.core.StandardService : Starting service [Tomcat]
2026-08-26T22:18:27.101+08:00 INFO  o.a.catalina.core.StandardEngine : Starting Servlet engine: [Apache Tomcat/10.1.31]
2026-08-26T22:18:27.378+08:00 INFO  o.a.c.c.C.[.[localhost].[/] : Initializing Spring embedded WebApplicationContext
2026-08-26T22:18:27.528+08:00 INFO  o.s.b.w.s.c.ServletWebServerApplicationContext : Root WebApplicationContext: initialization completed in 4110 ms
2026-08-26T22:18:27.913+08:00 WARN  c.b.m.core.injector.methods.Insert : [com.reservation.mapper.AuditLogMapper.insert] Has been loaded by XML or SqlProvider or Mybatis's Annotation, so ignoring this injection for [class com.baomidou.mybatisplus.core.injector.methods.Insert]
2026-08-26T22:18:28.748+08:00 WARN  c.b.m.c.injector.methods.SelectList : [com.reservation.mapper.BookingMapper.selectList] Has been loaded by XML or SqlProvider or Mybatis's Annotation, so ignoring this injection for [class com.baomidou.mybatisplus.core.injector.methods.SelectList]
2026-08-26T22:18:28.975+08:00 WARN  c.b.m.c.injector.methods.SelectById : [com.reservation.mapper.BookingMapper.selectById] Has been loaded by XML or SqlProvider or Mybatis's Annotation, so ignoring this injection for [class com.baomidou.mybatisplus.core.injector.methods.SelectById]
2026-08-26T22:18:29.162+08:00 WARN  c.b.m.core.injector.methods.Update : [com.reservation.mapper.CourseScheduleMapper.update] Has been loaded by XML or SqlProvider or Mybatis's Annotation, so ignoring this injection for [class com.baomidou.mybatisplus.core.injector.methods.Update]
2026-08-26T22:18:30.332+08:00 WARN  o.s.b.w.s.c.AnnotationConfigServletWebServerApplicationContext : Exception encountered during context initialization - cancelling refresh attempt: org.springframework.beans.factory.UnsatisfiedDependencyException: Error creating bean with name 'appointmentController': Unsatisfied dependency expressed through field 'appointmentService': Error creating bean with name 'appointmentService' defined in file [H:\2026\lesson-appointment\api\target\classes\com\reservation\service\AppointmentService.class]: Failed to instantiate [com.reservation.service.AppointmentService]: Constructor threw exception
2026-08-26T22:18:30.528+08:00 INFO  o.a.catalina.core.StandardService : Stopping service [Tomcat]
2026-08-26T22:18:30.715+08:00 INFO  o.s.b.a.l.ConditionEvaluationReportLogger : 

Error starting ApplicationContext. To display the condition evaluation report re-run your application with 'debug' enabled.
2026-08-26T22:18:30.908+08:00 ERROR o.s.boot.SpringApplication : Application run failed
org.springframework.beans.factory.UnsatisfiedDependencyException: Error creating bean with name 'appointmentController': Unsatisfied dependency expressed through field 'appointmentService': Error creating bean with name 'appointmentService' defined in file [H:\2026\lesson-appointment\api\target\classes\com\reservation\service\AppointmentService.class]: Failed to instantiate [com.reservation.service.AppointmentService]: Constructor threw exception
	at org.springframework.beans.factory.annotation.AutowiredAnnotationBeanPostProcessor$AutowiredFieldElement.resolveFieldValue(AutowiredAnnotationBeanPostProcessor.java:788)
	at org.springframework.beans.factory.annotation.AutowiredAnnotationBeanPostProcessor$AutowiredFieldElement.inject(AutowiredAnnotationBeanPostProcessor.java:768)
	at org.springframework.beans.factory.annotation.InjectionMetadata.inject(InjectionMetadata.java:145)
	at org.springframework.beans.factory.annotation.AutowiredAnnotationBeanPostProcessor.postProcessProperties(AutowiredAnnotationBeanPostProcessor.java:509)
	at org.springframework.beans.factory.support.AbstractAutowireCapableBeanFactory.populateBean(AbstractAutowireCapableBeanFactory.java:1439)
	at org.springframework.beans.factory.support.AbstractAutowireCapableBeanFactory.doCreateBean(AbstractAutowireCapableBeanFactory.java:599)
	at org.springframework.beans.factory.support.AbstractAutowireCapableBeanFactory.createBean(AbstractAutowireCapableBeanFactory.java:522)
	at org.springframework.beans.factory.support.AbstractBeanFactory.lambda$doGetBean$0(AbstractBeanFactory.java:337)
	at org.springframework.beans.factory.support.DefaultSingletonBeanRegistry.getSingleton(DefaultSingletonBeanRegistry.java:234)
	at org.springframework.beans.factory.support.AbstractBeanFactory.doGetBean(AbstractBeanFactory.java:335)
	at org.springframework.beans.factory.support.AbstractBeanFactory.getBean(AbstractBeanFactory.java:200)
	at org.springframework.beans.factory.support.DefaultListableBeanFactory.preInstantiateSingletons(DefaultListableBeanFactory.java:975)
	at org.springframework.context.support.AbstractApplicationContext.finishBeanFactoryInitialization(AbstractApplicationContext.java:971)
	at org.springframework.context.support.AbstractApplicationContext.refresh(AbstractApplicationContext.java:625)
	at org.springframework.boot.web.servlet.context.ServletWebServerApplicationContext.refresh(ServletWebServerApplicationContext.java:146)
	at org.springframework.boot.SpringApplication.refresh(SpringApplication.java:754)
	at org.springframework.boot.SpringApplication.refreshContext(SpringApplication.java:456)
	at org.springframework.boot.SpringApplication.run(SpringApplication.java:335)
	at org.springframework.boot.SpringApplication.run(SpringApplication.java:1363)
	at org.springframework.boot.SpringApplication.run(SpringApplication.java:1352)
	at com.reservation.SpringBootMergeApplication.main(SpringBootMergeApplication.java:21)
	at java.base/jdk.internal.reflect.DirectMethodHandleAccessor.invoke(DirectMethodHandleAccessor.java:103)
	at java.base/java.lang.reflect.Method.invoke(Method.java:580)
	at org.springframework.boot.devtools.restart.RestartLauncher.run(RestartLauncher.java:50)
Caused by: org.springframework.beans.factory.BeanCreationException: Error creating bean with name 'appointmentService' defined in file [H:\2026\lesson-appointment\api\target\classes\com\reservation\service\AppointmentService.class]: Failed to instantiate [com.reservation.service.AppointmentService]: Constructor threw exception
	at org.springframework.beans.factory.support.AbstractAutowireCapableBeanFactory.instantiateBean(AbstractAutowireCapableBeanFactory.java:1337)
	at org.springframework.beans.factory.support.AbstractAutowireCapableBeanFactory.createBeanInstance(AbstractAutowireCapableBeanFactory.java:1222)
	at org.springframework.beans.factory.support.AbstractAutowireCapableBeanFactory.doCreateBean(AbstractAutowireCapableBeanFactory.java:562)
	at org.springframework.beans.factory.support.AbstractAutowireCapableBeanFactory.createBean(AbstractAutowireCapableBeanFactory.java:522)
	at org.springframework.beans.factory.support.AbstractBeanFactory.lambda$doGetBean$0(AbstractBeanFactory.java:337)
	at org.springframework.beans.factory.support.DefaultSingletonBeanRegistry.getSingleton(DefaultSingletonBeanRegistry.java:234)
	at org.springframework.beans.factory.support.AbstractBeanFactory.doGetBean(AbstractBeanFactory.java:335)
	at org.springframework.beans.factory.support.AbstractBeanFactory.getBean(AbstractBeanFactory.java:200)
	at org.springframework.beans.factory.config.DependencyDescriptor.resolveCandidate(DependencyDescriptor.java:254)
	at org.springframework.beans.factory.support.DefaultListableBeanFactory.doResolveDependency(DefaultListableBeanFactory.java:1443)
	at org.springframework.beans.factory.support.DefaultListableBeanFactory.resolveDependency(DefaultListableBeanFactory.java:1353)
	at org.springframework.beans.factory.annotation.AutowiredAnnotationBeanPostProcessor$AutowiredFieldElement.resolveFieldValue(AutowiredAnnotationBeanPostProcessor.java:785)
	... 23 common frames omitted
Caused by: org.springframework.beans.BeanInstantiationException: Failed to instantiate [com.reservation.service.AppointmentService]: Constructor threw exception
	at org.springframework.beans.BeanUtils.instantiateClass(BeanUtils.java:221)
	at org.springframework.beans.factory.support.SimpleInstantiationStrategy.instantiate(SimpleInstantiationStrategy.java:94)
	at org.springframework.beans.factory.support.AbstractAutowireCapableBeanFactory.instantiateBean(AbstractAutowireCapableBeanFactory.java:1331)
	... 34 common frames omitted
Caused by: java.lang.Error: Unresolved compilation problems: 
	The import jakarta.annotation cannot be resolved
	Resource cannot be resolved to a type
	Syntax error on token ")", delete this token
	nodata cannot be resolved to a variable

	at com.reservation.service.AppointmentService.<init>(AppointmentService.java:19)
	at java.base/jdk.internal.reflect.DirectConstructorHandleAccessor.newInstance(DirectConstructorHandleAccessor.java:62)
	at java.base/java.lang.reflect.Constructor.newInstanceWithCaller(Constructor.java:502)
	at java.base/java.lang.reflect.Constructor.newInstance(Constructor.java:486)
	at org.springframework.beans.BeanUtils.instantiateClass(BeanUtils.java:195)
	... 36 common frames omitted
2026-08-26T22:18:39.741+08:00 INFO  c.r.SpringBootMergeApplication : Starting SpringBootMergeApplication using Java 21.0.8 with PID 18980 (H:\2026\lesson-appointment\api\target\classes started by Administrator in H:\2026\lesson-appointment\api)
2026-08-26T22:18:39.910+08:00 INFO  c.r.SpringBootMergeApplication : No active profile set, falling back to 1 default profile: "default"
2026-08-26T22:18:43.074+08:00 INFO  o.s.b.w.e.tomcat.TomcatWebServer : Tomcat initialized with port 8081 (http)
2026-08-26T22:18:43.440+08:00 INFO  o.a.coyote.http11.Http11NioProtocol : Initializing ProtocolHandler ["http-nio-8081"]
2026-08-26T22:18:43.822+08:00 INFO  o.a.catalina.core.StandardService : Starting service [Tomcat]
2026-08-26T22:18:44.239+08:00 INFO  o.a.catalina.core.StandardEngine : Starting Servlet engine: [Apache Tomcat/10.1.31]
2026-08-26T22:18:44.632+08:00 INFO  o.a.c.c.C.[.[localhost].[/] : Initializing Spring embedded WebApplicationContext
2026-08-26T22:18:44.933+08:00 INFO  o.s.b.w.s.c.ServletWebServerApplicationContext : Root WebApplicationContext: initialization completed in 4868 ms
2026-08-26T22:18:47.183+08:00 WARN  c.b.m.core.injector.methods.Insert : [com.reservation.mapper.AuditLogMapper.insert] Has been loaded by XML or SqlProvider or Mybatis's Annotation, so ignoring this injection for [class com.baomidou.mybatisplus.core.injector.methods.Insert]
2026-08-26T22:18:47.588+08:00 WARN  c.b.m.c.injector.methods.SelectList : [com.reservation.mapper.BookingMapper.selectList] Has been loaded by XML or SqlProvider or Mybatis's Annotation, so ignoring this injection for [class com.baomidou.mybatisplus.core.injector.methods.SelectList]
2026-08-26T22:18:47.847+08:00 WARN  c.b.m.c.injector.methods.SelectById : [com.reservation.mapper.BookingMapper.selectById] Has been loaded by XML or SqlProvider or Mybatis's Annotation, so ignoring this injection for [class com.baomidou.mybatisplus.core.injector.methods.SelectById]
2026-08-26T22:18:48.462+08:00 WARN  c.b.m.core.injector.methods.Update : [com.reservation.mapper.CourseScheduleMapper.update] Has been loaded by XML or SqlProvider or Mybatis's Annotation, so ignoring this injection for [class com.baomidou.mybatisplus.core.injector.methods.Update]
2026-08-26T22:18:49.999+08:00 WARN  o.s.b.w.s.c.AnnotationConfigServletWebServerApplicationContext : Exception encountered during context initialization - cancelling refresh attempt: org.springframework.beans.factory.UnsatisfiedDependencyException: Error creating bean with name 'appointmentController': Unsatisfied dependency expressed through field 'appointmentService': Error creating bean with name 'appointmentService' defined in file [H:\2026\lesson-appointment\api\target\classes\com\reservation\service\AppointmentService.class]: Failed to instantiate [com.reservation.service.AppointmentService]: Constructor threw exception
2026-08-26T22:18:50.120+08:00 INFO  o.a.catalina.core.StandardService : Stopping service [Tomcat]
2026-08-26T22:18:50.254+08:00 INFO  o.s.b.a.l.ConditionEvaluationReportLogger : 

Error starting ApplicationContext. To display the condition evaluation report re-run your application with 'debug' enabled.
2026-08-26T22:18:50.551+08:00 ERROR o.s.boot.SpringApplication : Application run failed
org.springframework.beans.factory.UnsatisfiedDependencyException: Error creating bean with name 'appointmentController': Unsatisfied dependency expressed through field 'appointmentService': Error creating bean with name 'appointmentService' defined in file [H:\2026\lesson-appointment\api\target\classes\com\reservation\service\AppointmentService.class]: Failed to instantiate [com.reservation.service.AppointmentService]: Constructor threw exception
	at org.springframework.beans.factory.annotation.AutowiredAnnotationBeanPostProcessor$AutowiredFieldElement.resolveFieldValue(AutowiredAnnotationBeanPostProcessor.java:788)
	at org.springframework.beans.factory.annotation.AutowiredAnnotationBeanPostProcessor$AutowiredFieldElement.inject(AutowiredAnnotationBeanPostProcessor.java:768)
	at org.springframework.beans.factory.annotation.InjectionMetadata.inject(InjectionMetadata.java:145)
	at org.springframework.beans.factory.annotation.AutowiredAnnotationBeanPostProcessor.postProcessProperties(AutowiredAnnotationBeanPostProcessor.java:509)
	at org.springframework.beans.factory.support.AbstractAutowireCapableBeanFactory.populateBean(AbstractAutowireCapableBeanFactory.java:1439)
	at org.springframework.beans.factory.support.AbstractAutowireCapableBeanFactory.doCreateBean(AbstractAutowireCapableBeanFactory.java:599)
	at org.springframework.beans.factory.support.AbstractAutowireCapableBeanFactory.createBean(AbstractAutowireCapableBeanFactory.java:522)
	at org.springframework.beans.factory.support.AbstractBeanFactory.lambda$doGetBean$0(AbstractBeanFactory.java:337)
	at org.springframework.beans.factory.support.DefaultSingletonBeanRegistry.getSingleton(DefaultSingletonBeanRegistry.java:234)
	at org.springframework.beans.factory.support.AbstractBeanFactory.doGetBean(AbstractBeanFactory.java:335)
	at org.springframework.beans.factory.support.AbstractBeanFactory.getBean(AbstractBeanFactory.java:200)
	at org.springframework.beans.factory.support.DefaultListableBeanFactory.preInstantiateSingletons(DefaultListableBeanFactory.java:975)
	at org.springframework.context.support.AbstractApplicationContext.finishBeanFactoryInitialization(AbstractApplicationContext.java:971)
	at org.springframework.context.support.AbstractApplicationContext.refresh(AbstractApplicationContext.java:625)
	at org.springframework.boot.web.servlet.context.ServletWebServerApplicationContext.refresh(ServletWebServerApplicationContext.java:146)
	at org.springframework.boot.SpringApplication.refresh(SpringApplication.java:754)
	at org.springframework.boot.SpringApplication.refreshContext(SpringApplication.java:456)
	at org.springframework.boot.SpringApplication.run(SpringApplication.java:335)
	at org.springframework.boot.SpringApplication.run(SpringApplication.java:1363)
	at org.springframework.boot.SpringApplication.run(SpringApplication.java:1352)
	at com.reservation.SpringBootMergeApplication.main(SpringBootMergeApplication.java:21)
	at java.base/jdk.internal.reflect.DirectMethodHandleAccessor.invoke(DirectMethodHandleAccessor.java:103)
	at java.base/java.lang.reflect.Method.invoke(Method.java:580)
	at org.springframework.boot.devtools.restart.RestartLauncher.run(RestartLauncher.java:50)
Caused by: org.springframework.beans.factory.BeanCreationException: Error creating bean with name 'appointmentService' defined in file [H:\2026\lesson-appointment\api\target\classes\com\reservation\service\AppointmentService.class]: Failed to instantiate [com.reservation.service.AppointmentService]: Constructor threw exception
	at org.springframework.beans.factory.support.AbstractAutowireCapableBeanFactory.instantiateBean(AbstractAutowireCapableBeanFactory.java:1337)
	at org.springframework.beans.factory.support.AbstractAutowireCapableBeanFactory.createBeanInstance(AbstractAutowireCapableBeanFactory.java:1222)
	at org.springframework.beans.factory.support.AbstractAutowireCapableBeanFactory.doCreateBean(AbstractAutowireCapableBeanFactory.java:562)
	at org.springframework.beans.factory.support.AbstractAutowireCapableBeanFactory.createBean(AbstractAutowireCapableBeanFactory.java:522)
	at org.springframework.beans.factory.support.AbstractBeanFactory.lambda$doGetBean$0(AbstractBeanFactory.java:337)
	at org.springframework.beans.factory.support.DefaultSingletonBeanRegistry.getSingleton(DefaultSingletonBeanRegistry.java:234)
	at org.springframework.beans.factory.support.AbstractBeanFactory.doGetBean(AbstractBeanFactory.java:335)
	at org.springframework.beans.factory.support.AbstractBeanFactory.getBean(AbstractBeanFactory.java:200)
	at org.springframework.beans.factory.config.DependencyDescriptor.resolveCandidate(DependencyDescriptor.java:254)
	at org.springframework.beans.factory.support.DefaultListableBeanFactory.doResolveDependency(DefaultListableBeanFactory.java:1443)
	at org.springframework.beans.factory.support.DefaultListableBeanFactory.resolveDependency(DefaultListableBeanFactory.java:1353)
	at org.springframework.beans.factory.annotation.AutowiredAnnotationBeanPostProcessor$AutowiredFieldElement.resolveFieldValue(AutowiredAnnotationBeanPostProcessor.java:785)
	... 23 common frames omitted
Caused by: org.springframework.beans.BeanInstantiationException: Failed to instantiate [com.reservation.service.AppointmentService]: Constructor threw exception
	at org.springframework.beans.BeanUtils.instantiateClass(BeanUtils.java:221)
	at org.springframework.beans.factory.support.SimpleInstantiationStrategy.instantiate(SimpleInstantiationStrategy.java:94)
	at org.springframework.beans.factory.support.AbstractAutowireCapableBeanFactory.instantiateBean(AbstractAutowireCapableBeanFactory.java:1331)
	... 34 common frames omitted
Caused by: java.lang.Error: Unresolved compilation problems: 
	The import jakarta.annotation cannot be resolved
	Resource cannot be resolved to a type
	Syntax error on token ")", delete this token
	nodata cannot be resolved to a variable

	at com.reservation.service.AppointmentService.<init>(AppointmentService.java:19)
	at java.base/jdk.internal.reflect.DirectConstructorHandleAccessor.newInstance(DirectConstructorHandleAccessor.java:62)
	at java.base/java.lang.reflect.Constructor.newInstanceWithCaller(Constructor.java:502)
	at java.base/java.lang.reflect.Constructor.newInstance(Constructor.java:486)
	at org.springframework.beans.BeanUtils.instantiateClass(BeanUtils.java:195)
	... 36 common frames omitted
2026-08-26T22:19:01.262+08:00 INFO  c.r.SpringBootMergeApplication : Starting SpringBootMergeApplication using Java 21.0.8 with PID 18980 (H:\2026\lesson-appointment\api\target\classes started by Administrator in H:\2026\lesson-appointment\api)
2026-08-26T22:19:01.441+08:00 INFO  c.r.SpringBootMergeApplication : No active profile set, falling back to 1 default profile: "default"
2026-08-26T22:19:04.806+08:00 INFO  o.s.b.w.e.tomcat.TomcatWebServer : Tomcat initialized with port 8081 (http)
2026-08-26T22:19:05.037+08:00 INFO  o.a.coyote.http11.Http11NioProtocol : Initializing ProtocolHandler ["http-nio-8081"]
2026-08-26T22:19:05.394+08:00 INFO  o.a.catalina.core.StandardService : Starting service [Tomcat]
2026-08-26T22:19:05.553+08:00 INFO  o.a.catalina.core.StandardEngine : Starting Servlet engine: [Apache Tomcat/10.1.31]
2026-08-26T22:19:05.768+08:00 INFO  o.a.c.c.C.[.[localhost].[/] : Initializing Spring embedded WebApplicationContext
2026-08-26T22:19:05.876+08:00 INFO  o.s.b.w.s.c.ServletWebServerApplicationContext : Root WebApplicationContext: initialization completed in 4194 ms
2026-08-26T22:19:06.540+08:00 WARN  c.b.m.core.injector.methods.Insert : [com.reservation.mapper.AuditLogMapper.insert] Has been loaded by XML or SqlProvider or Mybatis's Annotation, so ignoring this injection for [class com.baomidou.mybatisplus.core.injector.methods.Insert]
2026-08-26T22:19:06.848+08:00 WARN  c.b.m.c.injector.methods.SelectList : [com.reservation.mapper.BookingMapper.selectList] Has been loaded by XML or SqlProvider or Mybatis's Annotation, so ignoring this injection for [class com.baomidou.mybatisplus.core.injector.methods.SelectList]
2026-08-26T22:19:07.021+08:00 WARN  c.b.m.c.injector.methods.SelectById : [com.reservation.mapper.BookingMapper.selectById] Has been loaded by XML or SqlProvider or Mybatis's Annotation, so ignoring this injection for [class com.baomidou.mybatisplus.core.injector.methods.SelectById]
2026-08-26T22:19:07.494+08:00 WARN  c.b.m.core.injector.methods.Update : [com.reservation.mapper.CourseScheduleMapper.update] Has been loaded by XML or SqlProvider or Mybatis's Annotation, so ignoring this injection for [class com.baomidou.mybatisplus.core.injector.methods.Update]
2026-08-26T22:19:08.468+08:00 WARN  o.s.b.w.s.c.AnnotationConfigServletWebServerApplicationContext : Exception encountered during context initialization - cancelling refresh attempt: org.springframework.beans.factory.UnsatisfiedDependencyException: Error creating bean with name 'appointmentController': Unsatisfied dependency expressed through field 'appointmentService': Error creating bean with name 'appointmentService' defined in file [H:\2026\lesson-appointment\api\target\classes\com\reservation\service\AppointmentService.class]: Failed to instantiate [com.reservation.service.AppointmentService]: Constructor threw exception
2026-08-26T22:19:08.860+08:00 INFO  o.a.catalina.core.StandardService : Stopping service [Tomcat]
2026-08-26T22:19:08.968+08:00 INFO  o.s.b.a.l.ConditionEvaluationReportLogger : 

Error starting ApplicationContext. To display the condition evaluation report re-run your application with 'debug' enabled.
2026-08-26T22:19:09.277+08:00 ERROR o.s.boot.SpringApplication : Application run failed
org.springframework.beans.factory.UnsatisfiedDependencyException: Error creating bean with name 'appointmentController': Unsatisfied dependency expressed through field 'appointmentService': Error creating bean with name 'appointmentService' defined in file [H:\2026\lesson-appointment\api\target\classes\com\reservation\service\AppointmentService.class]: Failed to instantiate [com.reservation.service.AppointmentService]: Constructor threw exception
	at org.springframework.beans.factory.annotation.AutowiredAnnotationBeanPostProcessor$AutowiredFieldElement.resolveFieldValue(AutowiredAnnotationBeanPostProcessor.java:788)
	at org.springframework.beans.factory.annotation.AutowiredAnnotationBeanPostProcessor$AutowiredFieldElement.inject(AutowiredAnnotationBeanPostProcessor.java:768)
	at org.springframework.beans.factory.annotation.InjectionMetadata.inject(InjectionMetadata.java:145)
	at org.springframework.beans.factory.annotation.AutowiredAnnotationBeanPostProcessor.postProcessProperties(AutowiredAnnotationBeanPostProcessor.java:509)
	at org.springframework.beans.factory.support.AbstractAutowireCapableBeanFactory.populateBean(AbstractAutowireCapableBeanFactory.java:1439)
	at org.springframework.beans.factory.support.AbstractAutowireCapableBeanFactory.doCreateBean(AbstractAutowireCapableBeanFactory.java:599)
	at org.springframework.beans.factory.support.AbstractAutowireCapableBeanFactory.createBean(AbstractAutowireCapableBeanFactory.java:522)
	at org.springframework.beans.factory.support.AbstractBeanFactory.lambda$doGetBean$0(AbstractBeanFactory.java:337)
	at org.springframework.beans.factory.support.DefaultSingletonBeanRegistry.getSingleton(DefaultSingletonBeanRegistry.java:234)
	at org.springframework.beans.factory.support.AbstractBeanFactory.doGetBean(AbstractBeanFactory.java:335)
	at org.springframework.beans.factory.support.AbstractBeanFactory.getBean(AbstractBeanFactory.java:200)
	at org.springframework.beans.factory.support.DefaultListableBeanFactory.preInstantiateSingletons(DefaultListableBeanFactory.java:975)
	at org.springframework.context.support.AbstractApplicationContext.finishBeanFactoryInitialization(AbstractApplicationContext.java:971)
	at org.springframework.context.support.AbstractApplicationContext.refresh(AbstractApplicationContext.java:625)
	at org.springframework.boot.web.servlet.context.ServletWebServerApplicationContext.refresh(ServletWebServerApplicationContext.java:146)
	at org.springframework.boot.SpringApplication.refresh(SpringApplication.java:754)
	at org.springframework.boot.SpringApplication.refreshContext(SpringApplication.java:456)
	at org.springframework.boot.SpringApplication.run(SpringApplication.java:335)
	at org.springframework.boot.SpringApplication.run(SpringApplication.java:1363)
	at org.springframework.boot.SpringApplication.run(SpringApplication.java:1352)
	at com.reservation.SpringBootMergeApplication.main(SpringBootMergeApplication.java:21)
	at java.base/jdk.internal.reflect.DirectMethodHandleAccessor.invoke(DirectMethodHandleAccessor.java:103)
	at java.base/java.lang.reflect.Method.invoke(Method.java:580)
	at org.springframework.boot.devtools.restart.RestartLauncher.run(RestartLauncher.java:50)
Caused by: org.springframework.beans.factory.BeanCreationException: Error creating bean with name 'appointmentService' defined in file [H:\2026\lesson-appointment\api\target\classes\com\reservation\service\AppointmentService.class]: Failed to instantiate [com.reservation.service.AppointmentService]: Constructor threw exception
	at org.springframework.beans.factory.support.AbstractAutowireCapableBeanFactory.instantiateBean(AbstractAutowireCapableBeanFactory.java:1337)
	at org.springframework.beans.factory.support.AbstractAutowireCapableBeanFactory.createBeanInstance(AbstractAutowireCapableBeanFactory.java:1222)
	at org.springframework.beans.factory.support.AbstractAutowireCapableBeanFactory.doCreateBean(AbstractAutowireCapableBeanFactory.java:562)
	at org.springframework.beans.factory.support.AbstractAutowireCapableBeanFactory.createBean(AbstractAutowireCapableBeanFactory.java:522)
	at org.springframework.beans.factory.support.AbstractBeanFactory.lambda$doGetBean$0(AbstractBeanFactory.java:337)
	at org.springframework.beans.factory.support.DefaultSingletonBeanRegistry.getSingleton(DefaultSingletonBeanRegistry.java:234)
	at org.springframework.beans.factory.support.AbstractBeanFactory.doGetBean(AbstractBeanFactory.java:335)
	at org.springframework.beans.factory.support.AbstractBeanFactory.getBean(AbstractBeanFactory.java:200)
	at org.springframework.beans.factory.config.DependencyDescriptor.resolveCandidate(DependencyDescriptor.java:254)
	at org.springframework.beans.factory.support.DefaultListableBeanFactory.doResolveDependency(DefaultListableBeanFactory.java:1443)
	at org.springframework.beans.factory.support.DefaultListableBeanFactory.resolveDependency(DefaultListableBeanFactory.java:1353)
	at org.springframework.beans.factory.annotation.AutowiredAnnotationBeanPostProcessor$AutowiredFieldElement.resolveFieldValue(AutowiredAnnotationBeanPostProcessor.java:785)
	... 23 common frames omitted
Caused by: org.springframework.beans.BeanInstantiationException: Failed to instantiate [com.reservation.service.AppointmentService]: Constructor threw exception
	at org.springframework.beans.BeanUtils.instantiateClass(BeanUtils.java:221)
	at org.springframework.beans.factory.support.SimpleInstantiationStrategy.instantiate(SimpleInstantiationStrategy.java:94)
	at org.springframework.beans.factory.support.AbstractAutowireCapableBeanFactory.instantiateBean(AbstractAutowireCapableBeanFactory.java:1331)
	... 34 common frames omitted
Caused by: java.lang.Error: Unresolved compilation problems: 
	The import jakarta.annotation cannot be resolved
	Resource cannot be resolved to a type
	nodata cannot be resolved to a variable

	at com.reservation.service.AppointmentService.<init>(AppointmentService.java:19)
	at java.base/jdk.internal.reflect.DirectConstructorHandleAccessor.newInstance(DirectConstructorHandleAccessor.java:62)
	at java.base/java.lang.reflect.Constructor.newInstanceWithCaller(Constructor.java:502)
	at java.base/java.lang.reflect.Constructor.newInstance(Constructor.java:486)
	at org.springframework.beans.BeanUtils.instantiateClass(BeanUtils.java:195)
	... 36 common frames omitted
2026-08-26T22:19:32.764+08:00 INFO  c.r.SpringBootMergeApplication : Starting SpringBootMergeApplication using Java 21.0.8 with PID 18980 (H:\2026\lesson-appointment\api\target\classes started by Administrator in H:\2026\lesson-appointment\api)
2026-08-26T22:19:32.992+08:00 INFO  c.r.SpringBootMergeApplication : No active profile set, falling back to 1 default profile: "default"
2026-08-26T22:19:36.459+08:00 INFO  o.s.b.w.e.tomcat.TomcatWebServer : Tomcat initialized with port 8081 (http)
2026-08-26T22:19:36.644+08:00 INFO  o.a.coyote.http11.Http11NioProtocol : Initializing ProtocolHandler ["http-nio-8081"]
2026-08-26T22:19:36.853+08:00 INFO  o.a.catalina.core.StandardService : Starting service [Tomcat]
2026-08-26T22:19:37.106+08:00 INFO  o.a.catalina.core.StandardEngine : Starting Servlet engine: [Apache Tomcat/10.1.31]
2026-08-26T22:19:37.296+08:00 INFO  o.a.c.c.C.[.[localhost].[/] : Initializing Spring embedded WebApplicationContext
2026-08-26T22:19:37.453+08:00 INFO  o.s.b.w.s.c.ServletWebServerApplicationContext : Root WebApplicationContext: initialization completed in 4123 ms
2026-08-26T22:19:38.114+08:00 WARN  c.b.m.core.injector.methods.Insert : [com.reservation.mapper.AuditLogMapper.insert] Has been loaded by XML or SqlProvider or Mybatis's Annotation, so ignoring this injection for [class com.baomidou.mybatisplus.core.injector.methods.Insert]
2026-08-26T22:19:39.739+08:00 WARN  c.b.m.c.injector.methods.SelectList : [com.reservation.mapper.BookingMapper.selectList] Has been loaded by XML or SqlProvider or Mybatis's Annotation, so ignoring this injection for [class com.baomidou.mybatisplus.core.injector.methods.SelectList]
2026-08-26T22:19:40.269+08:00 WARN  c.b.m.c.injector.methods.SelectById : [com.reservation.mapper.BookingMapper.selectById] Has been loaded by XML or SqlProvider or Mybatis's Annotation, so ignoring this injection for [class com.baomidou.mybatisplus.core.injector.methods.SelectById]
2026-08-26T22:19:40.555+08:00 WARN  c.b.m.core.injector.methods.Update : [com.reservation.mapper.CourseScheduleMapper.update] Has been loaded by XML or SqlProvider or Mybatis's Annotation, so ignoring this injection for [class com.baomidou.mybatisplus.core.injector.methods.Update]
2026-08-26T22:19:43.199+08:00 WARN  o.s.b.w.s.c.AnnotationConfigServletWebServerApplicationContext : Exception encountered during context initialization - cancelling refresh attempt: org.springframework.beans.factory.UnsatisfiedDependencyException: Error creating bean with name 'appointmentController': Unsatisfied dependency expressed through field 'appointmentService': Error creating bean with name 'appointmentService' defined in file [H:\2026\lesson-appointment\api\target\classes\com\reservation\service\AppointmentService.class]: Failed to instantiate [com.reservation.service.AppointmentService]: Constructor threw exception
2026-08-26T22:19:43.414+08:00 INFO  o.a.catalina.core.StandardService : Stopping service [Tomcat]
2026-08-26T22:19:44.036+08:00 INFO  o.s.b.a.l.ConditionEvaluationReportLogger : 

Error starting ApplicationContext. To display the condition evaluation report re-run your application with 'debug' enabled.
2026-08-26T22:19:44.320+08:00 ERROR o.s.boot.SpringApplication : Application run failed
org.springframework.beans.factory.UnsatisfiedDependencyException: Error creating bean with name 'appointmentController': Unsatisfied dependency expressed through field 'appointmentService': Error creating bean with name 'appointmentService' defined in file [H:\2026\lesson-appointment\api\target\classes\com\reservation\service\AppointmentService.class]: Failed to instantiate [com.reservation.service.AppointmentService]: Constructor threw exception
	at org.springframework.beans.factory.annotation.AutowiredAnnotationBeanPostProcessor$AutowiredFieldElement.resolveFieldValue(AutowiredAnnotationBeanPostProcessor.java:788)
	at org.springframework.beans.factory.annotation.AutowiredAnnotationBeanPostProcessor$AutowiredFieldElement.inject(AutowiredAnnotationBeanPostProcessor.java:768)
	at org.springframework.beans.factory.annotation.InjectionMetadata.inject(InjectionMetadata.java:145)
	at org.springframework.beans.factory.annotation.AutowiredAnnotationBeanPostProcessor.postProcessProperties(AutowiredAnnotationBeanPostProcessor.java:509)
	at org.springframework.beans.factory.support.AbstractAutowireCapableBeanFactory.populateBean(AbstractAutowireCapableBeanFactory.java:1439)
	at org.springframework.beans.factory.support.AbstractAutowireCapableBeanFactory.doCreateBean(AbstractAutowireCapableBeanFactory.java:599)
	at org.springframework.beans.factory.support.AbstractAutowireCapableBeanFactory.createBean(AbstractAutowireCapableBeanFactory.java:522)
	at org.springframework.beans.factory.support.AbstractBeanFactory.lambda$doGetBean$0(AbstractBeanFactory.java:337)
	at org.springframework.beans.factory.support.DefaultSingletonBeanRegistry.getSingleton(DefaultSingletonBeanRegistry.java:234)
	at org.springframework.beans.factory.support.AbstractBeanFactory.doGetBean(AbstractBeanFactory.java:335)
	at org.springframework.beans.factory.support.AbstractBeanFactory.getBean(AbstractBeanFactory.java:200)
	at org.springframework.beans.factory.support.DefaultListableBeanFactory.preInstantiateSingletons(DefaultListableBeanFactory.java:975)
	at org.springframework.context.support.AbstractApplicationContext.finishBeanFactoryInitialization(AbstractApplicationContext.java:971)
	at org.springframework.context.support.AbstractApplicationContext.refresh(AbstractApplicationContext.java:625)
	at org.springframework.boot.web.servlet.context.ServletWebServerApplicationContext.refresh(ServletWebServerApplicationContext.java:146)
	at org.springframework.boot.SpringApplication.refresh(SpringApplication.java:754)
	at org.springframework.boot.SpringApplication.refreshContext(SpringApplication.java:456)
	at org.springframework.boot.SpringApplication.run(SpringApplication.java:335)
	at org.springframework.boot.SpringApplication.run(SpringApplication.java:1363)
	at org.springframework.boot.SpringApplication.run(SpringApplication.java:1352)
	at com.reservation.SpringBootMergeApplication.main(SpringBootMergeApplication.java:21)
	at java.base/jdk.internal.reflect.DirectMethodHandleAccessor.invoke(DirectMethodHandleAccessor.java:103)
	at java.base/java.lang.reflect.Method.invoke(Method.java:580)
	at org.springframework.boot.devtools.restart.RestartLauncher.run(RestartLauncher.java:50)
Caused by: org.springframework.beans.factory.BeanCreationException: Error creating bean with name 'appointmentService' defined in file [H:\2026\lesson-appointment\api\target\classes\com\reservation\service\AppointmentService.class]: Failed to instantiate [com.reservation.service.AppointmentService]: Constructor threw exception
	at org.springframework.beans.factory.support.AbstractAutowireCapableBeanFactory.instantiateBean(AbstractAutowireCapableBeanFactory.java:1337)
	at org.springframework.beans.factory.support.AbstractAutowireCapableBeanFactory.createBeanInstance(AbstractAutowireCapableBeanFactory.java:1222)
	at org.springframework.beans.factory.support.AbstractAutowireCapableBeanFactory.doCreateBean(AbstractAutowireCapableBeanFactory.java:562)
	at org.springframework.beans.factory.support.AbstractAutowireCapableBeanFactory.createBean(AbstractAutowireCapableBeanFactory.java:522)
	at org.springframework.beans.factory.support.AbstractBeanFactory.lambda$doGetBean$0(AbstractBeanFactory.java:337)
	at org.springframework.beans.factory.support.DefaultSingletonBeanRegistry.getSingleton(DefaultSingletonBeanRegistry.java:234)
	at org.springframework.beans.factory.support.AbstractBeanFactory.doGetBean(AbstractBeanFactory.java:335)
	at org.springframework.beans.factory.support.AbstractBeanFactory.getBean(AbstractBeanFactory.java:200)
	at org.springframework.beans.factory.config.DependencyDescriptor.resolveCandidate(DependencyDescriptor.java:254)
	at org.springframework.beans.factory.support.DefaultListableBeanFactory.doResolveDependency(DefaultListableBeanFactory.java:1443)
	at org.springframework.beans.factory.support.DefaultListableBeanFactory.resolveDependency(DefaultListableBeanFactory.java:1353)
	at org.springframework.beans.factory.annotation.AutowiredAnnotationBeanPostProcessor$AutowiredFieldElement.resolveFieldValue(AutowiredAnnotationBeanPostProcessor.java:785)
	... 23 common frames omitted
Caused by: org.springframework.beans.BeanInstantiationException: Failed to instantiate [com.reservation.service.AppointmentService]: Constructor threw exception
	at org.springframework.beans.BeanUtils.instantiateClass(BeanUtils.java:221)
	at org.springframework.beans.factory.support.SimpleInstantiationStrategy.instantiate(SimpleInstantiationStrategy.java:94)
	at org.springframework.beans.factory.support.AbstractAutowireCapableBeanFactory.instantiateBean(AbstractAutowireCapableBeanFactory.java:1331)
	... 34 common frames omitted
Caused by: java.lang.Error: Unresolved compilation problems: 
	The import jakarta.annotation cannot be resolved
	Resource cannot be resolved to a type
	nodata cannot be resolved to a variable

	at com.reservation.service.AppointmentService.<init>(AppointmentService.java:19)
	at java.base/jdk.internal.reflect.DirectConstructorHandleAccessor.newInstance(DirectConstructorHandleAccessor.java:62)
	at java.base/java.lang.reflect.Constructor.newInstanceWithCaller(Constructor.java:502)
	at java.base/java.lang.reflect.Constructor.newInstance(Constructor.java:486)
	at org.springframework.beans.BeanUtils.instantiateClass(BeanUtils.java:195)
	... 36 common frames omitted
2026-08-26T22:19:49.807+08:00 INFO  c.r.SpringBootMergeApplication : Starting SpringBootMergeApplication using Java 21.0.8 with PID 18980 (H:\2026\lesson-appointment\api\target\classes started by Administrator in H:\2026\lesson-appointment\api)
2026-08-26T22:19:49.965+08:00 INFO  c.r.SpringBootMergeApplication : No active profile set, falling back to 1 default profile: "default"
2026-08-26T22:19:53.258+08:00 INFO  o.s.b.w.e.tomcat.TomcatWebServer : Tomcat initialized with port 8081 (http)
2026-08-26T22:19:53.313+08:00 INFO  o.a.coyote.http11.Http11NioProtocol : Initializing ProtocolHandler ["http-nio-8081"]
2026-08-26T22:19:53.459+08:00 INFO  o.a.catalina.core.StandardService : Starting service [Tomcat]
2026-08-26T22:19:53.482+08:00 INFO  o.a.catalina.core.StandardEngine : Starting Servlet engine: [Apache Tomcat/10.1.31]
2026-08-26T22:19:53.658+08:00 INFO  o.a.c.c.C.[.[localhost].[/] : Initializing Spring embedded WebApplicationContext
2026-08-26T22:19:53.831+08:00 INFO  o.s.b.w.s.c.ServletWebServerApplicationContext : Root WebApplicationContext: initialization completed in 3738 ms
2026-08-26T22:19:55.358+08:00 WARN  c.b.m.core.injector.methods.Insert : [com.reservation.mapper.AuditLogMapper.insert] Has been loaded by XML or SqlProvider or Mybatis's Annotation, so ignoring this injection for [class com.baomidou.mybatisplus.core.injector.methods.Insert]
2026-08-26T22:19:55.929+08:00 WARN  c.b.m.c.injector.methods.SelectList : [com.reservation.mapper.BookingMapper.selectList] Has been loaded by XML or SqlProvider or Mybatis's Annotation, so ignoring this injection for [class com.baomidou.mybatisplus.core.injector.methods.SelectList]
2026-08-26T22:19:56.197+08:00 WARN  c.b.m.c.injector.methods.SelectById : [com.reservation.mapper.BookingMapper.selectById] Has been loaded by XML or SqlProvider or Mybatis's Annotation, so ignoring this injection for [class com.baomidou.mybatisplus.core.injector.methods.SelectById]
2026-08-26T22:19:56.489+08:00 WARN  c.b.m.core.injector.methods.Update : [com.reservation.mapper.CourseScheduleMapper.update] Has been loaded by XML or SqlProvider or Mybatis's Annotation, so ignoring this injection for [class com.baomidou.mybatisplus.core.injector.methods.Update]
2026-08-26T22:19:58.448+08:00 WARN  o.s.b.w.s.c.AnnotationConfigServletWebServerApplicationContext : Exception encountered during context initialization - cancelling refresh attempt: org.springframework.beans.factory.UnsatisfiedDependencyException: Error creating bean with name 'appointmentController': Unsatisfied dependency expressed through field 'appointmentService': Error creating bean with name 'appointmentService' defined in file [H:\2026\lesson-appointment\api\target\classes\com\reservation\service\AppointmentService.class]: Failed to instantiate [com.reservation.service.AppointmentService]: Constructor threw exception
2026-08-26T22:44:56.793+08:00 INFO  o.h.validator.internal.util.Version : HV000001: Hibernate Validator 8.0.1.Final
2026-08-26T22:44:56.864+08:00 INFO  c.r.SpringBootMergeApplication : Starting SpringBootMergeApplication using Java 21.0.8 with PID 26200 (H:\2026\lesson-appointment\api\target\classes started by Administrator in H:\2026\lesson-appointment\api)
2026-08-26T22:44:56.865+08:00 INFO  c.r.SpringBootMergeApplication : No active profile set, falling back to 1 default profile: "default"
2026-08-26T22:44:56.945+08:00 INFO  o.s.b.d.e.DevToolsPropertyDefaultsPostProcessor : Devtools property defaults active! Set 'spring.devtools.add-properties' to 'false' to disable
2026-08-26T22:44:56.945+08:00 INFO  o.s.b.d.e.DevToolsPropertyDefaultsPostProcessor : For additional web related logging consider setting the 'logging.level.web' property to 'DEBUG'
2026-08-26T22:45:00.203+08:00 INFO  o.s.b.w.e.tomcat.TomcatWebServer : Tomcat initialized with port 8081 (http)
2026-08-26T22:45:00.254+08:00 INFO  o.a.coyote.http11.Http11NioProtocol : Initializing ProtocolHandler ["http-nio-8081"]
2026-08-26T22:45:00.282+08:00 INFO  o.a.catalina.core.StandardService : Starting service [Tomcat]
2026-08-26T22:45:00.287+08:00 INFO  o.a.catalina.core.StandardEngine : Starting Servlet engine: [Apache Tomcat/10.1.31]
2026-08-26T22:45:00.493+08:00 INFO  o.a.c.c.C.[Tomcat].[localhost].[/] : Initializing Spring embedded WebApplicationContext
2026-08-26T22:45:00.511+08:00 INFO  o.s.b.w.s.c.ServletWebServerApplicationContext : Root WebApplicationContext: initialization completed in 3565 ms
2026-08-26T22:45:01.074+08:00 WARN  c.b.m.core.injector.methods.Insert : [com.reservation.mapper.AuditLogMapper.insert] Has been loaded by XML or SqlProvider or Mybatis's Annotation, so ignoring this injection for [class com.baomidou.mybatisplus.core.injector.methods.Insert]
2026-08-26T22:45:01.151+08:00 WARN  c.b.m.c.injector.methods.SelectList : [com.reservation.mapper.BookingMapper.selectList] Has been loaded by XML or SqlProvider or Mybatis's Annotation, so ignoring this injection for [class com.baomidou.mybatisplus.core.injector.methods.SelectList]
2026-08-26T22:45:01.155+08:00 WARN  c.b.m.c.injector.methods.SelectById : [com.reservation.mapper.BookingMapper.selectById] Has been loaded by XML or SqlProvider or Mybatis's Annotation, so ignoring this injection for [class com.baomidou.mybatisplus.core.injector.methods.SelectById]
2026-08-26T22:45:01.234+08:00 WARN  c.b.m.core.injector.methods.Update : [com.reservation.mapper.CourseScheduleMapper.update] Has been loaded by XML or SqlProvider or Mybatis's Annotation, so ignoring this injection for [class com.baomidou.mybatisplus.core.injector.methods.Update]
2026-08-26T22:45:02.317+08:00 WARN  o.s.b.a.s.s.UserDetailsServiceAutoConfiguration : 

Using generated security password: cc340547-048c-4d69-b247-4d6ec5918727

This generated password is for development use only. Your security configuration must be updated before running your application in production.

2026-08-26T22:45:02.344+08:00 INFO  o.s.s.c.a.a.c.InitializeUserDetailsBeanManagerConfigurer$InitializeUserDetailsManagerConfigurer : Global AuthenticationManager configured with UserDetailsService bean with name inMemoryUserDetailsManager
2026-08-26T22:45:02.496+08:00 INFO  o.s.b.a.w.s.WelcomePageHandlerMapping : Adding welcome page: class path resource [static/index.html]
2026-08-26T22:45:03.289+08:00 INFO  o.s.b.d.a.OptionalLiveReloadServer : LiveReload server is running on port 35729
2026-08-26T22:45:03.310+08:00 INFO  o.a.coyote.http11.Http11NioProtocol : Starting ProtocolHandler ["http-nio-8081"]
2026-08-26T22:45:03.361+08:00 INFO  o.s.b.w.e.tomcat.TomcatWebServer : Tomcat started on port 8081 (http) with context path '/'
2026-08-26T22:45:03.373+08:00 INFO  c.r.SpringBootMergeApplication : Started SpringBootMergeApplication in 7.205 seconds (process running for 8.293)
2026-08-26T22:45:55.291+08:00 INFO  o.a.c.c.C.[Tomcat].[localhost].[/] : Initializing Spring DispatcherServlet 'dispatcherServlet'
2026-08-26T22:45:55.292+08:00 INFO  o.s.web.servlet.DispatcherServlet : Initializing Servlet 'dispatcherServlet'
2026-08-26T22:45:55.297+08:00 INFO  o.s.web.servlet.DispatcherServlet : Completed initialization in 2 ms
2026-08-26T22:45:55.994+08:00 INFO  com.zaxxer.hikari.HikariDataSource : HikariPool-1 - Starting...
2026-08-26T22:45:56.175+08:00 INFO  com.zaxxer.hikari.pool.HikariPool : HikariPool-1 - Added connection com.mysql.cj.jdbc.ConnectionImpl@7f1257d3
2026-08-26T22:45:56.178+08:00 INFO  com.zaxxer.hikari.HikariDataSource : HikariPool-1 - Start completed.
2026-08-26T22:46:14.042+08:00 INFO  c.r.service.RefreshTokenService : 用户登出，删除刷新Token开始, token=eyJhbGciOiJIUzI1NiJ9.eyJzdWIiOiJiY2Q0Nzk5Zi1jMGI5LTQ1ZTItYTBjNS04ZmY1NzI2MWJiMTciLCJleHAiOjE3ODgzNTQxODJ9.c3KrL1FgMHuVlVL_zP126x0VrQpZdfymjoQ3jW4xcZk
2026-08-26T22:46:14.072+08:00 INFO  c.r.service.RefreshTokenService : 用户登出，删除刷新Token结束, token=eyJhbGciOiJIUzI1NiJ9.eyJzdWIiOiJiY2Q0Nzk5Zi1jMGI5LTQ1ZTItYTBjNS04ZmY1NzI2MWJiMTciLCJleHAiOjE3ODgzNTQxODJ9.c3KrL1FgMHuVlVL_zP126x0VrQpZdfymjoQ3jW4xcZk
2026-08-26T22:48:06.228+08:00 INFO  c.r.service.RefreshTokenService : 用户登出，删除刷新Token开始, token=eyJhbGciOiJIUzI1NiJ9.eyJzdWIiOiIwMGQyOWE3OS0wMmQ2LTRhOGMtOWRkNi05OGViOWUxMDg2ZTkiLCJleHAiOjE3ODgzNjAzOTV9._CwPhxbts9od2XBBdDcYH4JaEka-SBj9dWn5YPZ0SJE
2026-08-26T22:48:06.261+08:00 INFO  c.r.service.RefreshTokenService : 用户登出，删除刷新Token结束, token=eyJhbGciOiJIUzI1NiJ9.eyJzdWIiOiIwMGQyOWE3OS0wMmQ2LTRhOGMtOWRkNi05OGViOWUxMDg2ZTkiLCJleHAiOjE3ODgzNjAzOTV9._CwPhxbts9od2XBBdDcYH4JaEka-SBj9dWn5YPZ0SJE
2026-08-26T22:49:05.611+08:00 INFO  c.r.service.RefreshTokenService : 用户登出，删除刷新Token开始, token=eyJhbGciOiJIUzI1NiJ9.eyJzdWIiOiIwNjYzMmU0MC03ZWExLTQ4NGEtYmZhYS03OTFkOWFjYjdiYmQiLCJleHAiOjE3ODgzNjA0OTl9.uoA-NGhp7rcwAggP0LsXpSMxglgrT47WF5dp3lIeZCM
2026-08-26T22:49:05.639+08:00 INFO  c.r.service.RefreshTokenService : 用户登出，删除刷新Token结束, token=eyJhbGciOiJIUzI1NiJ9.eyJzdWIiOiIwNjYzMmU0MC03ZWExLTQ4NGEtYmZhYS03OTFkOWFjYjdiYmQiLCJleHAiOjE3ODgzNjA0OTl9.uoA-NGhp7rcwAggP0LsXpSMxglgrT47WF5dp3lIeZCM
2026-08-26T22:50:49.505+08:00 INFO  c.r.service.RefreshTokenService : 用户登出，删除刷新Token开始, token=eyJhbGciOiJIUzI1NiJ9.eyJzdWIiOiIwYzBkNWE2NS0xNWViLTQ3ZGQtYmY0Mi1jOWJmMjY0NTY5MDIiLCJleHAiOjE3ODgzNjA1NjN9.raXZs2v5zZA4p-i4-SWY7qTc8AL408wI68ukGtzVv9Y
2026-08-26T22:50:49.537+08:00 INFO  c.r.service.RefreshTokenService : 用户登出，删除刷新Token结束, token=eyJhbGciOiJIUzI1NiJ9.eyJzdWIiOiIwYzBkNWE2NS0xNWViLTQ3ZGQtYmY0Mi1jOWJmMjY0NTY5MDIiLCJleHAiOjE3ODgzNjA1NjN9.raXZs2v5zZA4p-i4-SWY7qTc8AL408wI68ukGtzVv9Y
2026-08-26T22:53:10.265+08:00 INFO  c.r.service.RefreshTokenService : 用户登出，删除刷新Token开始, token=eyJhbGciOiJIUzI1NiJ9.eyJzdWIiOiJjMzYzN2UzYS1mODFmLTQwODEtYTI2NS02OTcwNDFmNGZkYWEiLCJleHAiOjE3ODgzNjA2Njd9.xiNKL7fbd499c1wCMKorQyrfmimEk9JSjdSzKFsWZko
2026-08-26T22:53:10.298+08:00 INFO  c.r.service.RefreshTokenService : 用户登出，删除刷新Token结束, token=eyJhbGciOiJIUzI1NiJ9.eyJzdWIiOiJjMzYzN2UzYS1mODFmLTQwODEtYTI2NS02OTcwNDFmNGZkYWEiLCJleHAiOjE3ODgzNjA2Njd9.xiNKL7fbd499c1wCMKorQyrfmimEk9JSjdSzKFsWZko
2026-08-26T22:59:14.749+08:00 INFO  c.r.service.RefreshTokenService : 用户登出，删除刷新Token开始, token=eyJhbGciOiJIUzI1NiJ9.eyJzdWIiOiIwMGI0NGJlMy03MjJkLTRiNzQtOGNlOS0wNjk4MWZlZDkzNWEiLCJleHAiOjE3ODgzNjA4MzJ9.ugZfjET2_yWZtKt-59B0oBxDQkkqqIiMtktHLSw3zxc
2026-08-26T22:59:14.776+08:00 INFO  c.r.service.RefreshTokenService : 用户登出，删除刷新Token结束, token=eyJhbGciOiJIUzI1NiJ9.eyJzdWIiOiIwMGI0NGJlMy03MjJkLTRiNzQtOGNlOS0wNjk4MWZlZDkzNWEiLCJleHAiOjE3ODgzNjA4MzJ9.ugZfjET2_yWZtKt-59B0oBxDQkkqqIiMtktHLSw3zxc
2026-08-26T23:00:21.319+08:00 INFO  com.zaxxer.hikari.HikariDataSource : HikariPool-1 - Shutdown initiated...
2026-08-26T23:00:21.332+08:00 INFO  com.zaxxer.hikari.HikariDataSource : HikariPool-1 - Shutdown completed.
2026-08-26T23:01:17.485+08:00 INFO  o.h.validator.internal.util.Version : HV000001: Hibernate Validator 8.0.1.Final
2026-08-26T23:01:17.550+08:00 INFO  c.r.SpringBootMergeApplication : Starting SpringBootMergeApplication using Java 21.0.8 with PID 10316 (H:\2026\lesson-appointment\api\target\classes started by Administrator in H:\2026\lesson-appointment\api)
2026-08-26T23:01:17.551+08:00 INFO  c.r.SpringBootMergeApplication : No active profile set, falling back to 1 default profile: "default"
2026-08-26T23:01:17.623+08:00 INFO  o.s.b.d.e.DevToolsPropertyDefaultsPostProcessor : Devtools property defaults active! Set 'spring.devtools.add-properties' to 'false' to disable
2026-08-26T23:01:17.623+08:00 INFO  o.s.b.d.e.DevToolsPropertyDefaultsPostProcessor : For additional web related logging consider setting the 'logging.level.web' property to 'DEBUG'
2026-08-26T23:01:19.726+08:00 INFO  o.s.b.w.e.tomcat.TomcatWebServer : Tomcat initialized with port 8081 (http)
2026-08-26T23:01:19.739+08:00 INFO  o.a.coyote.http11.Http11NioProtocol : Initializing ProtocolHandler ["http-nio-8081"]
2026-08-26T23:01:19.748+08:00 INFO  o.a.catalina.core.StandardService : Starting service [Tomcat]
2026-08-26T23:01:19.748+08:00 INFO  o.a.catalina.core.StandardEngine : Starting Servlet engine: [Apache Tomcat/10.1.31]
2026-08-26T23:01:19.822+08:00 INFO  o.a.c.c.C.[Tomcat].[localhost].[/] : Initializing Spring embedded WebApplicationContext
2026-08-26T23:01:19.823+08:00 INFO  o.s.b.w.s.c.ServletWebServerApplicationContext : Root WebApplicationContext: initialization completed in 2199 ms
2026-08-26T23:01:20.303+08:00 WARN  c.b.m.core.injector.methods.Insert : [com.reservation.mapper.AuditLogMapper.insert] Has been loaded by XML or SqlProvider or Mybatis's Annotation, so ignoring this injection for [class com.baomidou.mybatisplus.core.injector.methods.Insert]
2026-08-26T23:01:20.379+08:00 WARN  c.b.m.c.injector.methods.SelectList : [com.reservation.mapper.BookingMapper.selectList] Has been loaded by XML or SqlProvider or Mybatis's Annotation, so ignoring this injection for [class com.baomidou.mybatisplus.core.injector.methods.SelectList]
2026-08-26T23:01:20.382+08:00 WARN  c.b.m.c.injector.methods.SelectById : [com.reservation.mapper.BookingMapper.selectById] Has been loaded by XML or SqlProvider or Mybatis's Annotation, so ignoring this injection for [class com.baomidou.mybatisplus.core.injector.methods.SelectById]
2026-08-26T23:01:20.454+08:00 WARN  c.b.m.core.injector.methods.Update : [com.reservation.mapper.CourseScheduleMapper.update] Has been loaded by XML or SqlProvider or Mybatis's Annotation, so ignoring this injection for [class com.baomidou.mybatisplus.core.injector.methods.Update]
2026-08-26T23:01:21.330+08:00 WARN  o.s.b.a.s.s.UserDetailsServiceAutoConfiguration : 

Using generated security password: a7970938-a945-46af-bd8c-c593d61cf226

This generated password is for development use only. Your security configuration must be updated before running your application in production.

2026-08-26T23:01:21.341+08:00 INFO  o.s.s.c.a.a.c.InitializeUserDetailsBeanManagerConfigurer$InitializeUserDetailsManagerConfigurer : Global AuthenticationManager configured with UserDetailsService bean with name inMemoryUserDetailsManager
2026-08-26T23:01:21.431+08:00 INFO  o.s.b.a.w.s.WelcomePageHandlerMapping : Adding welcome page: class path resource [static/index.html]
2026-08-26T23:01:22.133+08:00 INFO  o.s.b.d.a.OptionalLiveReloadServer : LiveReload server is running on port 35729
2026-08-26T23:01:22.153+08:00 INFO  o.a.coyote.http11.Http11NioProtocol : Starting ProtocolHandler ["http-nio-8081"]
2026-08-26T23:01:22.196+08:00 INFO  o.s.b.w.e.tomcat.TomcatWebServer : Tomcat started on port 8081 (http) with context path '/'
2026-08-26T23:01:22.210+08:00 INFO  c.r.SpringBootMergeApplication : Started SpringBootMergeApplication in 5.539 seconds (process running for 6.457)
2026-08-26T23:01:26.454+08:00 INFO  o.a.c.c.C.[Tomcat].[localhost].[/] : Initializing Spring DispatcherServlet 'dispatcherServlet'
2026-08-26T23:01:26.455+08:00 INFO  o.s.web.servlet.DispatcherServlet : Initializing Servlet 'dispatcherServlet'
2026-08-26T23:01:26.456+08:00 INFO  o.s.web.servlet.DispatcherServlet : Completed initialization in 1 ms
2026-08-26T23:01:50.817+08:00 INFO  com.zaxxer.hikari.HikariDataSource : HikariPool-1 - Starting...
2026-08-26T23:01:51.012+08:00 INFO  com.zaxxer.hikari.pool.HikariPool : HikariPool-1 - Added connection com.mysql.cj.jdbc.ConnectionImpl@54252b95
2026-08-26T23:01:51.015+08:00 INFO  com.zaxxer.hikari.HikariDataSource : HikariPool-1 - Start completed.
2026-08-26T23:03:41.989+08:00 INFO  com.zaxxer.hikari.HikariDataSource : HikariPool-1 - Shutdown initiated...
2026-08-26T23:03:41.996+08:00 INFO  com.zaxxer.hikari.HikariDataSource : HikariPool-1 - Shutdown completed.
2026-08-26T23:04:16.578+08:00 INFO  o.h.validator.internal.util.Version : HV000001: Hibernate Validator 8.0.1.Final
2026-08-26T23:04:16.647+08:00 INFO  c.r.SpringBootMergeApplication : Starting SpringBootMergeApplication using Java 21.0.8 with PID 1304 (H:\2026\lesson-appointment\api\target\classes started by Administrator in H:\2026\lesson-appointment\api)
2026-08-26T23:04:16.648+08:00 INFO  c.r.SpringBootMergeApplication : No active profile set, falling back to 1 default profile: "default"
2026-08-26T23:04:16.722+08:00 INFO  o.s.b.d.e.DevToolsPropertyDefaultsPostProcessor : Devtools property defaults active! Set 'spring.devtools.add-properties' to 'false' to disable
2026-08-26T23:04:16.723+08:00 INFO  o.s.b.d.e.DevToolsPropertyDefaultsPostProcessor : For additional web related logging consider setting the 'logging.level.web' property to 'DEBUG'
2026-08-26T23:04:18.832+08:00 INFO  o.s.b.w.e.tomcat.TomcatWebServer : Tomcat initialized with port 8081 (http)
2026-08-26T23:04:18.846+08:00 INFO  o.a.coyote.http11.Http11NioProtocol : Initializing ProtocolHandler ["http-nio-8081"]
2026-08-26T23:04:18.856+08:00 INFO  o.a.catalina.core.StandardService : Starting service [Tomcat]
2026-08-26T23:04:18.857+08:00 INFO  o.a.catalina.core.StandardEngine : Starting Servlet engine: [Apache Tomcat/10.1.31]
2026-08-26T23:04:18.939+08:00 INFO  o.a.c.c.C.[Tomcat].[localhost].[/] : Initializing Spring embedded WebApplicationContext
2026-08-26T23:04:18.939+08:00 INFO  o.s.b.w.s.c.ServletWebServerApplicationContext : Root WebApplicationContext: initialization completed in 2215 ms
2026-08-26T23:04:19.398+08:00 WARN  c.b.m.core.injector.methods.Insert : [com.reservation.mapper.AuditLogMapper.insert] Has been loaded by XML or SqlProvider or Mybatis's Annotation, so ignoring this injection for [class com.baomidou.mybatisplus.core.injector.methods.Insert]
2026-08-26T23:04:19.454+08:00 WARN  c.b.m.c.injector.methods.SelectList : [com.reservation.mapper.BookingMapper.selectList] Has been loaded by XML or SqlProvider or Mybatis's Annotation, so ignoring this injection for [class com.baomidou.mybatisplus.core.injector.methods.SelectList]
2026-08-26T23:04:19.458+08:00 WARN  c.b.m.c.injector.methods.SelectById : [com.reservation.mapper.BookingMapper.selectById] Has been loaded by XML or SqlProvider or Mybatis's Annotation, so ignoring this injection for [class com.baomidou.mybatisplus.core.injector.methods.SelectById]
2026-08-26T23:04:19.528+08:00 WARN  c.b.m.core.injector.methods.Update : [com.reservation.mapper.CourseScheduleMapper.update] Has been loaded by XML or SqlProvider or Mybatis's Annotation, so ignoring this injection for [class com.baomidou.mybatisplus.core.injector.methods.Update]
2026-08-26T23:04:20.446+08:00 WARN  o.s.b.a.s.s.UserDetailsServiceAutoConfiguration : 

Using generated security password: 86c58bc9-e246-4b8a-a749-0db757e8e479

This generated password is for development use only. Your security configuration must be updated before running your application in production.

2026-08-26T23:04:20.456+08:00 INFO  o.s.s.c.a.a.c.InitializeUserDetailsBeanManagerConfigurer$InitializeUserDetailsManagerConfigurer : Global AuthenticationManager configured with UserDetailsService bean with name inMemoryUserDetailsManager
2026-08-26T23:04:20.558+08:00 INFO  o.s.b.a.w.s.WelcomePageHandlerMapping : Adding welcome page: class path resource [static/index.html]
2026-08-26T23:04:21.254+08:00 INFO  o.s.b.d.a.OptionalLiveReloadServer : LiveReload server is running on port 35729
2026-08-26T23:04:21.277+08:00 INFO  o.a.coyote.http11.Http11NioProtocol : Starting ProtocolHandler ["http-nio-8081"]
2026-08-26T23:04:21.328+08:00 INFO  o.s.b.w.e.tomcat.TomcatWebServer : Tomcat started on port 8081 (http) with context path '/'
2026-08-26T23:04:21.338+08:00 INFO  c.r.SpringBootMergeApplication : Started SpringBootMergeApplication in 5.478 seconds (process running for 6.353)
2026-08-26T23:05:02.843+08:00 INFO  o.a.c.c.C.[Tomcat].[localhost].[/] : Initializing Spring DispatcherServlet 'dispatcherServlet'
2026-08-26T23:05:02.844+08:00 INFO  o.s.web.servlet.DispatcherServlet : Initializing Servlet 'dispatcherServlet'
2026-08-26T23:05:02.845+08:00 INFO  o.s.web.servlet.DispatcherServlet : Completed initialization in 1 ms
2026-08-26T23:05:09.620+08:00 INFO  com.zaxxer.hikari.HikariDataSource : HikariPool-1 - Starting...
2026-08-26T23:05:09.826+08:00 INFO  com.zaxxer.hikari.pool.HikariPool : HikariPool-1 - Added connection com.mysql.cj.jdbc.ConnectionImpl@7f90dd6e
2026-08-26T23:05:09.829+08:00 INFO  com.zaxxer.hikari.HikariDataSource : HikariPool-1 - Start completed.
2026-08-26T23:06:27.921+08:00 INFO  com.zaxxer.hikari.HikariDataSource : HikariPool-1 - Shutdown initiated...
2026-08-26T23:06:27.929+08:00 INFO  com.zaxxer.hikari.HikariDataSource : HikariPool-1 - Shutdown completed.
2026-08-26T23:07:03.278+08:00 INFO  o.h.validator.internal.util.Version : HV000001: Hibernate Validator 8.0.1.Final
2026-08-26T23:07:03.376+08:00 INFO  c.r.SpringBootMergeApplication : Starting SpringBootMergeApplication using Java 21.0.8 with PID 24408 (H:\2026\lesson-appointment\api\target\classes started by Administrator in H:\2026\lesson-appointment\api)
2026-08-26T23:07:03.378+08:00 INFO  c.r.SpringBootMergeApplication : No active profile set, falling back to 1 default profile: "default"
2026-08-26T23:07:03.452+08:00 INFO  o.s.b.d.e.DevToolsPropertyDefaultsPostProcessor : Devtools property defaults active! Set 'spring.devtools.add-properties' to 'false' to disable
2026-08-26T23:07:03.453+08:00 INFO  o.s.b.d.e.DevToolsPropertyDefaultsPostProcessor : For additional web related logging consider setting the 'logging.level.web' property to 'DEBUG'
2026-08-26T23:07:05.520+08:00 INFO  o.s.b.w.e.tomcat.TomcatWebServer : Tomcat initialized with port 8081 (http)
2026-08-26T23:07:05.533+08:00 INFO  o.a.coyote.http11.Http11NioProtocol : Initializing ProtocolHandler ["http-nio-8081"]
2026-08-26T23:07:05.540+08:00 INFO  o.a.catalina.core.StandardService : Starting service [Tomcat]
2026-08-26T23:07:05.541+08:00 INFO  o.a.catalina.core.StandardEngine : Starting Servlet engine: [Apache Tomcat/10.1.31]
2026-08-26T23:07:05.616+08:00 INFO  o.a.c.c.C.[Tomcat].[localhost].[/] : Initializing Spring embedded WebApplicationContext
2026-08-26T23:07:05.616+08:00 INFO  o.s.b.w.s.c.ServletWebServerApplicationContext : Root WebApplicationContext: initialization completed in 2162 ms
2026-08-26T23:07:06.057+08:00 WARN  c.b.m.core.injector.methods.Insert : [com.reservation.mapper.AuditLogMapper.insert] Has been loaded by XML or SqlProvider or Mybatis's Annotation, so ignoring this injection for [class com.baomidou.mybatisplus.core.injector.methods.Insert]
2026-08-26T23:07:06.113+08:00 WARN  c.b.m.c.injector.methods.SelectList : [com.reservation.mapper.BookingMapper.selectList] Has been loaded by XML or SqlProvider or Mybatis's Annotation, so ignoring this injection for [class com.baomidou.mybatisplus.core.injector.methods.SelectList]
2026-08-26T23:07:06.117+08:00 WARN  c.b.m.c.injector.methods.SelectById : [com.reservation.mapper.BookingMapper.selectById] Has been loaded by XML or SqlProvider or Mybatis's Annotation, so ignoring this injection for [class com.baomidou.mybatisplus.core.injector.methods.SelectById]
2026-08-26T23:07:06.185+08:00 WARN  c.b.m.core.injector.methods.Update : [com.reservation.mapper.CourseScheduleMapper.update] Has been loaded by XML or SqlProvider or Mybatis's Annotation, so ignoring this injection for [class com.baomidou.mybatisplus.core.injector.methods.Update]
2026-08-26T23:07:07.244+08:00 WARN  o.s.b.a.s.s.UserDetailsServiceAutoConfiguration : 

Using generated security password: 3955cef6-04ad-4b8c-bbe3-2eb56f13b1ba

This generated password is for development use only. Your security configuration must be updated before running your application in production.

2026-08-26T23:07:07.253+08:00 INFO  o.s.s.c.a.a.c.InitializeUserDetailsBeanManagerConfigurer$InitializeUserDetailsManagerConfigurer : Global AuthenticationManager configured with UserDetailsService bean with name inMemoryUserDetailsManager
2026-08-26T23:07:07.340+08:00 INFO  o.s.b.a.w.s.WelcomePageHandlerMapping : Adding welcome page: class path resource [static/index.html]
2026-08-26T23:07:08.003+08:00 INFO  o.s.b.d.a.OptionalLiveReloadServer : LiveReload server is running on port 35729
2026-08-26T23:07:08.023+08:00 INFO  o.a.coyote.http11.Http11NioProtocol : Starting ProtocolHandler ["http-nio-8081"]
2026-08-26T23:07:08.059+08:00 INFO  o.s.b.w.e.tomcat.TomcatWebServer : Tomcat started on port 8081 (http) with context path '/'
2026-08-26T23:07:08.070+08:00 INFO  c.r.SpringBootMergeApplication : Started SpringBootMergeApplication in 5.546 seconds (process running for 6.303)
2026-08-26T23:07:39.478+08:00 INFO  o.a.c.c.C.[Tomcat].[localhost].[/] : Initializing Spring DispatcherServlet 'dispatcherServlet'
2026-08-26T23:07:39.479+08:00 INFO  o.s.web.servlet.DispatcherServlet : Initializing Servlet 'dispatcherServlet'
2026-08-26T23:07:39.485+08:00 INFO  o.s.web.servlet.DispatcherServlet : Completed initialization in 5 ms
2026-08-26T23:07:40.299+08:00 INFO  com.zaxxer.hikari.HikariDataSource : HikariPool-1 - Starting...
2026-08-26T23:07:40.520+08:00 INFO  com.zaxxer.hikari.pool.HikariPool : HikariPool-1 - Added connection com.mysql.cj.jdbc.ConnectionImpl@681165b7
2026-08-26T23:07:40.523+08:00 INFO  com.zaxxer.hikari.HikariDataSource : HikariPool-1 - Start completed.
2026-08-26T23:08:54.759+08:00 INFO  com.zaxxer.hikari.HikariDataSource : HikariPool-1 - Shutdown initiated...
2026-08-26T23:08:54.770+08:00 INFO  com.zaxxer.hikari.HikariDataSource : HikariPool-1 - Shutdown completed.
2026-08-26T23:09:28.678+08:00 INFO  o.h.validator.internal.util.Version : HV000001: Hibernate Validator 8.0.1.Final
2026-08-26T23:09:28.743+08:00 INFO  c.r.SpringBootMergeApplication : Starting SpringBootMergeApplication using Java 21.0.8 with PID 8056 (H:\2026\lesson-appointment\api\target\classes started by Administrator in H:\2026\lesson-appointment\api)
2026-08-26T23:09:28.744+08:00 INFO  c.r.SpringBootMergeApplication : No active profile set, falling back to 1 default profile: "default"
2026-08-26T23:09:28.807+08:00 INFO  o.s.b.d.e.DevToolsPropertyDefaultsPostProcessor : Devtools property defaults active! Set 'spring.devtools.add-properties' to 'false' to disable
2026-08-26T23:09:28.807+08:00 INFO  o.s.b.d.e.DevToolsPropertyDefaultsPostProcessor : For additional web related logging consider setting the 'logging.level.web' property to 'DEBUG'
2026-08-26T23:09:30.879+08:00 INFO  o.s.b.w.e.tomcat.TomcatWebServer : Tomcat initialized with port 8081 (http)
2026-08-26T23:09:30.893+08:00 INFO  o.a.coyote.http11.Http11NioProtocol : Initializing ProtocolHandler ["http-nio-8081"]
2026-08-26T23:09:30.904+08:00 INFO  o.a.catalina.core.StandardService : Starting service [Tomcat]
2026-08-26T23:09:30.905+08:00 INFO  o.a.catalina.core.StandardEngine : Starting Servlet engine: [Apache Tomcat/10.1.31]
2026-08-26T23:09:30.986+08:00 INFO  o.a.c.c.C.[Tomcat].[localhost].[/] : Initializing Spring embedded WebApplicationContext
2026-08-26T23:09:30.987+08:00 INFO  o.s.b.w.s.c.ServletWebServerApplicationContext : Root WebApplicationContext: initialization completed in 2179 ms
2026-08-26T23:09:31.479+08:00 WARN  c.b.m.core.injector.methods.Insert : [com.reservation.mapper.AuditLogMapper.insert] Has been loaded by XML or SqlProvider or Mybatis's Annotation, so ignoring this injection for [class com.baomidou.mybatisplus.core.injector.methods.Insert]
2026-08-26T23:09:31.539+08:00 WARN  c.b.m.c.injector.methods.SelectList : [com.reservation.mapper.BookingMapper.selectList] Has been loaded by XML or SqlProvider or Mybatis's Annotation, so ignoring this injection for [class com.baomidou.mybatisplus.core.injector.methods.SelectList]
2026-08-26T23:09:31.542+08:00 WARN  c.b.m.c.injector.methods.SelectById : [com.reservation.mapper.BookingMapper.selectById] Has been loaded by XML or SqlProvider or Mybatis's Annotation, so ignoring this injection for [class com.baomidou.mybatisplus.core.injector.methods.SelectById]
2026-08-26T23:09:31.606+08:00 WARN  c.b.m.core.injector.methods.Update : [com.reservation.mapper.CourseScheduleMapper.update] Has been loaded by XML or SqlProvider or Mybatis's Annotation, so ignoring this injection for [class com.baomidou.mybatisplus.core.injector.methods.Update]
2026-08-26T23:09:32.508+08:00 WARN  o.s.b.a.s.s.UserDetailsServiceAutoConfiguration : 

Using generated security password: 720b3e1c-351b-4f70-9928-8f2c5988898a

This generated password is for development use only. Your security configuration must be updated before running your application in production.

2026-08-26T23:09:32.520+08:00 INFO  o.s.s.c.a.a.c.InitializeUserDetailsBeanManagerConfigurer$InitializeUserDetailsManagerConfigurer : Global AuthenticationManager configured with UserDetailsService bean with name inMemoryUserDetailsManager
2026-08-26T23:09:32.648+08:00 INFO  o.s.b.a.w.s.WelcomePageHandlerMapping : Adding welcome page: class path resource [static/index.html]
2026-08-26T23:09:33.302+08:00 INFO  o.s.b.d.a.OptionalLiveReloadServer : LiveReload server is running on port 35729
2026-08-26T23:09:33.322+08:00 INFO  o.a.coyote.http11.Http11NioProtocol : Starting ProtocolHandler ["http-nio-8081"]
2026-08-26T23:09:33.355+08:00 INFO  o.s.b.w.e.tomcat.TomcatWebServer : Tomcat started on port 8081 (http) with context path '/'
2026-08-26T23:09:33.367+08:00 INFO  c.r.SpringBootMergeApplication : Started SpringBootMergeApplication in 5.382 seconds (process running for 6.158)
2026-08-26T23:09:37.561+08:00 INFO  o.a.c.c.C.[Tomcat].[localhost].[/] : Initializing Spring DispatcherServlet 'dispatcherServlet'
2026-08-26T23:09:37.562+08:00 INFO  o.s.web.servlet.DispatcherServlet : Initializing Servlet 'dispatcherServlet'
2026-08-26T23:09:37.566+08:00 INFO  o.s.web.servlet.DispatcherServlet : Completed initialization in 3 ms
2026-08-26T23:10:40.745+08:00 INFO  o.h.validator.internal.util.Version : HV000001: Hibernate Validator 8.0.1.Final
2026-08-26T23:10:40.804+08:00 INFO  c.r.SpringBootMergeApplication : Starting SpringBootMergeApplication using Java 21.0.8 with PID 26212 (H:\2026\lesson-appointment\api\target\classes started by Administrator in H:\2026\lesson-appointment\api)
2026-08-26T23:10:40.807+08:00 INFO  c.r.SpringBootMergeApplication : No active profile set, falling back to 1 default profile: "default"
2026-08-26T23:10:40.869+08:00 INFO  o.s.b.d.e.DevToolsPropertyDefaultsPostProcessor : Devtools property defaults active! Set 'spring.devtools.add-properties' to 'false' to disable
2026-08-26T23:10:40.870+08:00 INFO  o.s.b.d.e.DevToolsPropertyDefaultsPostProcessor : For additional web related logging consider setting the 'logging.level.web' property to 'DEBUG'
2026-08-26T23:10:42.946+08:00 INFO  o.s.b.w.e.tomcat.TomcatWebServer : Tomcat initialized with port 8081 (http)
2026-08-26T23:10:42.966+08:00 INFO  o.a.coyote.http11.Http11NioProtocol : Initializing ProtocolHandler ["http-nio-8081"]
2026-08-26T23:10:42.971+08:00 INFO  o.a.catalina.core.StandardService : Starting service [Tomcat]
2026-08-26T23:10:42.972+08:00 INFO  o.a.catalina.core.StandardEngine : Starting Servlet engine: [Apache Tomcat/10.1.31]
2026-08-26T23:10:43.040+08:00 INFO  o.a.c.c.C.[Tomcat].[localhost].[/] : Initializing Spring embedded WebApplicationContext
2026-08-26T23:10:43.041+08:00 INFO  o.s.b.w.s.c.ServletWebServerApplicationContext : Root WebApplicationContext: initialization completed in 2170 ms
2026-08-26T23:10:43.485+08:00 WARN  c.b.m.core.injector.methods.Insert : [com.reservation.mapper.AuditLogMapper.insert] Has been loaded by XML or SqlProvider or Mybatis's Annotation, so ignoring this injection for [class com.baomidou.mybatisplus.core.injector.methods.Insert]
2026-08-26T23:10:43.539+08:00 WARN  c.b.m.c.injector.methods.SelectList : [com.reservation.mapper.BookingMapper.selectList] Has been loaded by XML or SqlProvider or Mybatis's Annotation, so ignoring this injection for [class com.baomidou.mybatisplus.core.injector.methods.SelectList]
2026-08-26T23:10:43.544+08:00 WARN  c.b.m.c.injector.methods.SelectById : [com.reservation.mapper.BookingMapper.selectById] Has been loaded by XML or SqlProvider or Mybatis's Annotation, so ignoring this injection for [class com.baomidou.mybatisplus.core.injector.methods.SelectById]
2026-08-26T23:10:43.603+08:00 WARN  c.b.m.core.injector.methods.Update : [com.reservation.mapper.CourseScheduleMapper.update] Has been loaded by XML or SqlProvider or Mybatis's Annotation, so ignoring this injection for [class com.baomidou.mybatisplus.core.injector.methods.Update]
2026-08-26T23:10:44.493+08:00 WARN  o.s.b.a.s.s.UserDetailsServiceAutoConfiguration : 

Using generated security password: 965a26fd-04b1-4d3b-bad2-031a0ae5d83b

This generated password is for development use only. Your security configuration must be updated before running your application in production.

2026-08-26T23:10:44.504+08:00 INFO  o.s.s.c.a.a.c.InitializeUserDetailsBeanManagerConfigurer$InitializeUserDetailsManagerConfigurer : Global AuthenticationManager configured with UserDetailsService bean with name inMemoryUserDetailsManager
2026-08-26T23:10:44.589+08:00 INFO  o.s.b.a.w.s.WelcomePageHandlerMapping : Adding welcome page: class path resource [static/index.html]
2026-08-26T23:10:45.273+08:00 INFO  o.s.b.d.a.OptionalLiveReloadServer : LiveReload server is running on port 35729
2026-08-26T23:10:45.291+08:00 INFO  o.a.coyote.http11.Http11NioProtocol : Starting ProtocolHandler ["http-nio-8081"]
2026-08-26T23:10:45.328+08:00 INFO  o.s.b.w.e.tomcat.TomcatWebServer : Tomcat started on port 8081 (http) with context path '/'
2026-08-26T23:10:45.342+08:00 INFO  c.r.SpringBootMergeApplication : Started SpringBootMergeApplication in 5.262 seconds (process running for 5.935)
2026-08-26T23:10:49.544+08:00 INFO  o.a.c.c.C.[Tomcat].[localhost].[/] : Initializing Spring DispatcherServlet 'dispatcherServlet'
2026-08-26T23:10:49.545+08:00 INFO  o.s.web.servlet.DispatcherServlet : Initializing Servlet 'dispatcherServlet'
2026-08-26T23:10:49.547+08:00 INFO  o.s.web.servlet.DispatcherServlet : Completed initialization in 2 ms
2026-08-26T23:13:20.519+08:00 INFO  o.h.validator.internal.util.Version : HV000001: Hibernate Validator 8.0.1.Final
2026-08-26T23:13:20.590+08:00 INFO  c.r.SpringBootMergeApplication : Starting SpringBootMergeApplication using Java 21.0.8 with PID 17072 (H:\2026\lesson-appointment\api\target\classes started by Administrator in H:\2026\lesson-appointment\api)
2026-08-26T23:13:20.592+08:00 INFO  c.r.SpringBootMergeApplication : No active profile set, falling back to 1 default profile: "default"
2026-08-26T23:13:20.670+08:00 INFO  o.s.b.d.e.DevToolsPropertyDefaultsPostProcessor : Devtools property defaults active! Set 'spring.devtools.add-properties' to 'false' to disable
2026-08-26T23:13:20.671+08:00 INFO  o.s.b.d.e.DevToolsPropertyDefaultsPostProcessor : For additional web related logging consider setting the 'logging.level.web' property to 'DEBUG'
2026-08-26T23:13:22.718+08:00 INFO  o.s.b.w.e.tomcat.TomcatWebServer : Tomcat initialized with port 8081 (http)
2026-08-26T23:13:22.733+08:00 INFO  o.a.coyote.http11.Http11NioProtocol : Initializing ProtocolHandler ["http-nio-8081"]
2026-08-26T23:13:22.742+08:00 INFO  o.a.catalina.core.StandardService : Starting service [Tomcat]
2026-08-26T23:13:22.743+08:00 INFO  o.a.catalina.core.StandardEngine : Starting Servlet engine: [Apache Tomcat/10.1.31]
2026-08-26T23:13:22.820+08:00 INFO  o.a.c.c.C.[Tomcat].[localhost].[/] : Initializing Spring embedded WebApplicationContext
2026-08-26T23:13:22.820+08:00 INFO  o.s.b.w.s.c.ServletWebServerApplicationContext : Root WebApplicationContext: initialization completed in 2148 ms
2026-08-26T23:13:23.332+08:00 WARN  c.b.m.core.injector.methods.Insert : [com.reservation.mapper.AuditLogMapper.insert] Has been loaded by XML or SqlProvider or Mybatis's Annotation, so ignoring this injection for [class com.baomidou.mybatisplus.core.injector.methods.Insert]
2026-08-26T23:13:23.384+08:00 WARN  c.b.m.c.injector.methods.SelectList : [com.reservation.mapper.BookingMapper.selectList] Has been loaded by XML or SqlProvider or Mybatis's Annotation, so ignoring this injection for [class com.baomidou.mybatisplus.core.injector.methods.SelectList]
2026-08-26T23:13:23.390+08:00 WARN  c.b.m.c.injector.methods.SelectById : [com.reservation.mapper.BookingMapper.selectById] Has been loaded by XML or SqlProvider or Mybatis's Annotation, so ignoring this injection for [class com.baomidou.mybatisplus.core.injector.methods.SelectById]
2026-08-26T23:13:23.457+08:00 WARN  c.b.m.core.injector.methods.Update : [com.reservation.mapper.CourseScheduleMapper.update] Has been loaded by XML or SqlProvider or Mybatis's Annotation, so ignoring this injection for [class com.baomidou.mybatisplus.core.injector.methods.Update]
2026-08-26T23:13:24.334+08:00 WARN  o.s.b.a.s.s.UserDetailsServiceAutoConfiguration : 

Using generated security password: d3693358-8a8c-4aed-917a-ce098ab56104

This generated password is for development use only. Your security configuration must be updated before running your application in production.

2026-08-26T23:13:24.346+08:00 INFO  o.s.s.c.a.a.c.InitializeUserDetailsBeanManagerConfigurer$InitializeUserDetailsManagerConfigurer : Global AuthenticationManager configured with UserDetailsService bean with name inMemoryUserDetailsManager
2026-08-26T23:13:24.433+08:00 INFO  o.s.b.a.w.s.WelcomePageHandlerMapping : Adding welcome page: class path resource [static/index.html]
2026-08-26T23:13:25.205+08:00 INFO  o.s.b.d.a.OptionalLiveReloadServer : LiveReload server is running on port 35729
2026-08-26T23:13:25.223+08:00 INFO  o.a.coyote.http11.Http11NioProtocol : Starting ProtocolHandler ["http-nio-8081"]
2026-08-26T23:13:25.259+08:00 INFO  o.s.b.w.e.tomcat.TomcatWebServer : Tomcat started on port 8081 (http) with context path '/'
2026-08-26T23:13:25.271+08:00 INFO  c.r.SpringBootMergeApplication : Started SpringBootMergeApplication in 5.469 seconds (process running for 6.14)
2026-08-26T23:13:37.371+08:00 INFO  o.a.c.c.C.[Tomcat].[localhost].[/] : Initializing Spring DispatcherServlet 'dispatcherServlet'
2026-08-26T23:13:37.372+08:00 INFO  o.s.web.servlet.DispatcherServlet : Initializing Servlet 'dispatcherServlet'
2026-08-26T23:13:37.373+08:00 INFO  o.s.web.servlet.DispatcherServlet : Completed initialization in 1 ms
2026-08-26T23:14:57.962+08:00 INFO  o.h.validator.internal.util.Version : HV000001: Hibernate Validator 8.0.1.Final
2026-08-26T23:14:58.048+08:00 INFO  c.r.SpringBootMergeApplication : Starting SpringBootMergeApplication v1.0.0 using Java 21.0.8 with PID 19776 (H:\2026\lesson-appointment\api\target\api-1.0.0.jar started by Administrator in H:\2026\lesson-appointment\api)
2026-08-26T23:14:58.050+08:00 INFO  c.r.SpringBootMergeApplication : No active profile set, falling back to 1 default profile: "default"
2026-08-26T23:15:01.496+08:00 INFO  o.s.b.w.e.tomcat.TomcatWebServer : Tomcat initialized with port 8081 (http)
2026-08-26T23:15:01.517+08:00 INFO  o.a.coyote.http11.Http11NioProtocol : Initializing ProtocolHandler ["http-nio-8081"]
2026-08-26T23:15:01.526+08:00 INFO  o.a.catalina.core.StandardService : Starting service [Tomcat]
2026-08-26T23:15:01.528+08:00 INFO  o.a.catalina.core.StandardEngine : Starting Servlet engine: [Apache Tomcat/10.1.31]
2026-08-26T23:15:01.608+08:00 INFO  o.a.c.c.C.[Tomcat].[localhost].[/] : Initializing Spring embedded WebApplicationContext
2026-08-26T23:15:01.608+08:00 INFO  o.s.b.w.s.c.ServletWebServerApplicationContext : Root WebApplicationContext: initialization completed in 3424 ms
2026-08-26T23:15:02.349+08:00 WARN  c.b.m.core.injector.methods.Insert : [com.reservation.mapper.AuditLogMapper.insert] Has been loaded by XML or SqlProvider or Mybatis's Annotation, so ignoring this injection for [class com.baomidou.mybatisplus.core.injector.methods.Insert]
2026-08-26T23:15:02.436+08:00 WARN  c.b.m.c.injector.methods.SelectList : [com.reservation.mapper.BookingMapper.selectList] Has been loaded by XML or SqlProvider or Mybatis's Annotation, so ignoring this injection for [class com.baomidou.mybatisplus.core.injector.methods.SelectList]
2026-08-26T23:15:02.455+08:00 WARN  c.b.m.c.injector.methods.SelectById : [com.reservation.mapper.BookingMapper.selectById] Has been loaded by XML or SqlProvider or Mybatis's Annotation, so ignoring this injection for [class com.baomidou.mybatisplus.core.injector.methods.SelectById]
2026-08-26T23:15:02.558+08:00 WARN  c.b.m.core.injector.methods.Update : [com.reservation.mapper.CourseScheduleMapper.update] Has been loaded by XML or SqlProvider or Mybatis's Annotation, so ignoring this injection for [class com.baomidou.mybatisplus.core.injector.methods.Update]
2026-08-26T23:15:03.891+08:00 WARN  o.s.b.a.s.s.UserDetailsServiceAutoConfiguration : 

Using generated security password: d4b09a29-fa4a-4f3d-86e0-d43eaa16e9d3

This generated password is for development use only. Your security configuration must be updated before running your application in production.

2026-08-26T23:15:03.901+08:00 INFO  o.s.s.c.a.a.c.InitializeUserDetailsBeanManagerConfigurer$InitializeUserDetailsManagerConfigurer : Global AuthenticationManager configured with UserDetailsService bean with name inMemoryUserDetailsManager
2026-08-26T23:15:03.996+08:00 INFO  o.s.b.a.w.s.WelcomePageHandlerMapping : Adding welcome page: class path resource [static/index.html]
2026-08-26T23:15:04.664+08:00 INFO  o.a.coyote.http11.Http11NioProtocol : Starting ProtocolHandler ["http-nio-8081"]
2026-08-26T23:15:04.722+08:00 INFO  o.s.b.w.e.tomcat.TomcatWebServer : Tomcat started on port 8081 (http) with context path '/'
2026-08-26T23:15:04.742+08:00 INFO  c.r.SpringBootMergeApplication : Started SpringBootMergeApplication in 7.55 seconds (process running for 8.261)
2026-08-26T23:15:10.837+08:00 INFO  o.a.c.c.C.[Tomcat].[localhost].[/] : Initializing Spring DispatcherServlet 'dispatcherServlet'
2026-08-26T23:15:10.837+08:00 INFO  o.s.web.servlet.DispatcherServlet : Initializing Servlet 'dispatcherServlet'
2026-08-26T23:15:10.838+08:00 INFO  o.s.web.servlet.DispatcherServlet : Completed initialization in 1 ms
